timestamp_s,tag_id,anchor_id,rssi_dbm,snr_db,packet_received,imu_accel_norm_g,behavior_state,tof_ns,phase_rad,status
0.0,tag-0001,anchor-01,,,False,1.0,GRAZING,,,SIMULATED
0.0,tag-0001,anchor-02,-94.66,25.34,True,1.0,GRAZING,,,SIMULATED
0.0,tag-0001,anchor-03,-126.09,-6.09,True,1.0,GRAZING,,,SIMULATED
0.0,tag-0001,anchor-04,-105.79,14.21,True,1.0,GRAZING,,,SIMULATED
0.0,tag-0001,anchor-05,-86.31,33.69,True,1.0,GRAZING,,,SIMULATED
0.0,tag-0001,anchor-06,-110.07,9.93,True,1.0,GRAZING,,,SIMULATED
0.0,tag-0001,anchor-07,-121.18,-1.18,True,1.0,GRAZING,,,SIMULATED
0.0,tag-0001,anchor-08,-100.31,19.69,True,1.0,GRAZING,,,SIMULATED
0.0,tag-0002,anchor-01,-96.12,23.88,True,1.0,GRAZING,,,SIMULATED
0.0,tag-0002,anchor-02,-96.23,23.77,True,1.0,GRAZING,,,SIMULATED
0.0,tag-0002,anchor-03,,,False,1.0,GRAZING,,,SIMULATED
0.0,tag-0002,anchor-04,-104.97,15.03,True,1.0,GRAZING,,,SIMULATED
0.0,tag-0002,anchor-05,-78.67,41.33,True,1.0,GRAZING,,,SIMULATED
0.0,tag-0002,anchor-06,-90.12,29.88,True,1.0,GRAZING,,,SIMULATED
0.0,tag-0002,anchor-07,-120.88,-0.88,True,1.0,GRAZING,,,SIMULATED
0.0,tag-0002,anchor-08,-106.55,13.45,True,1.0,GRAZING,,,SIMULATED
0.0,tag-0003,anchor-01,-94.51,25.49,True,1.0,GRAZING,,,SIMULATED
0.0,tag-0003,anchor-02,-97.7,22.3,True,1.0,GRAZING,,,SIMULATED
0.0,tag-0003,anchor-03,-124.32,-4.32,True,1.0,GRAZING,,,SIMULATED
0.0,tag-0003,anchor-04,-111.24,8.76,True,1.0,GRAZING,,,SIMULATED
0.0,tag-0003,anchor-05,-75.26,44.74,True,1.0,GRAZING,,,SIMULATED
0.0,tag-0003,anchor-06,,,False,1.0,GRAZING,,,SIMULATED
0.0,tag-0003,anchor-07,,,False,1.0,GRAZING,,,SIMULATED
0.0,tag-0003,anchor-08,-100.99,19.01,True,1.0,GRAZING,,,SIMULATED
0.0,tag-0004,anchor-01,-86.52,33.48,True,1.0,GRAZING,,,SIMULATED
0.0,tag-0004,anchor-02,-89.67,30.33,True,1.0,GRAZING,,,SIMULATED
0.0,tag-0004,anchor-03,,,False,1.0,GRAZING,,,SIMULATED
0.0,tag-0004,anchor-04,-100.62,19.38,True,1.0,GRAZING,,,SIMULATED
0.0,tag-0004,anchor-05,-74.02,45.98,True,1.0,GRAZING,,,SIMULATED
0.0,tag-0004,anchor-06,-99.27,20.73,True,1.0,GRAZING,,,SIMULATED
0.0,tag-0004,anchor-07,-126.67,-6.67,True,1.0,GRAZING,,,SIMULATED
0.0,tag-0004,anchor-08,-96.88,23.12,True,1.0,GRAZING,,,SIMULATED
0.0,tag-0005,anchor-01,-86.72,33.28,True,1.0193325631461398,GRAZING,,,SIMULATED
0.0,tag-0005,anchor-02,-94.37,25.63,True,1.0193325631461398,GRAZING,,,SIMULATED
0.0,tag-0005,anchor-03,-123.53,-3.53,True,1.0193325631461398,GRAZING,,,SIMULATED
0.0,tag-0005,anchor-04,-104.77,15.23,True,1.0193325631461398,GRAZING,,,SIMULATED
0.0,tag-0005,anchor-05,-84.11,35.89,True,1.0193325631461398,GRAZING,,,SIMULATED
0.0,tag-0005,anchor-06,-100.67,19.33,True,1.0193325631461398,GRAZING,,,SIMULATED
0.0,tag-0005,anchor-07,-115.29,4.71,True,1.0193325631461398,GRAZING,,,SIMULATED
0.0,tag-0005,anchor-08,-99.46,20.54,True,1.0193325631461398,GRAZING,,,SIMULATED
0.0,tag-0006,anchor-01,-82.91,37.09,True,1.0,GRAZING,,,SIMULATED
0.0,tag-0006,anchor-02,-91.32,28.68,True,1.0,GRAZING,,,SIMULATED
0.0,tag-0006,anchor-03,,,False,1.0,GRAZING,,,SIMULATED
0.0,tag-0006,anchor-04,-118.63,1.37,True,1.0,GRAZING,,,SIMULATED
0.0,tag-0006,anchor-05,-77.96,42.04,True,1.0,GRAZING,,,SIMULATED
0.0,tag-0006,anchor-06,-108.84,11.16,True,1.0,GRAZING,,,SIMULATED
0.0,tag-0006,anchor-07,-114.63,5.37,True,1.0,GRAZING,,,SIMULATED
0.0,tag-0006,anchor-08,-96.95,23.05,True,1.0,GRAZING,,,SIMULATED
0.0,tag-0007,anchor-01,-90.52,29.48,True,1.0,GRAZING,,,SIMULATED
0.0,tag-0007,anchor-02,-91.13,28.87,True,1.0,GRAZING,,,SIMULATED
0.0,tag-0007,anchor-03,,,False,1.0,GRAZING,,,SIMULATED
0.0,tag-0007,anchor-04,-102.35,17.65,True,1.0,GRAZING,,,SIMULATED
0.0,tag-0007,anchor-05,-83.38,36.62,True,1.0,GRAZING,,,SIMULATED
0.0,tag-0007,anchor-06,-101.61,18.39,True,1.0,GRAZING,,,SIMULATED
0.0,tag-0007,anchor-07,-122.89,-2.89,True,1.0,GRAZING,,,SIMULATED
0.0,tag-0007,anchor-08,-100.87,19.13,True,1.0,GRAZING,,,SIMULATED
0.0,tag-0008,anchor-01,-98.97,21.03,True,1.0035902664456176,GRAZING,,,SIMULATED
0.0,tag-0008,anchor-02,-102.0,18.0,True,1.0035902664456176,GRAZING,,,SIMULATED
0.0,tag-0008,anchor-03,-125.58,-5.58,True,1.0035902664456176,GRAZING,,,SIMULATED
0.0,tag-0008,anchor-04,-105.81,14.19,True,1.0035902664456176,GRAZING,,,SIMULATED
0.0,tag-0008,anchor-05,-82.58,37.42,True,1.0035902664456176,GRAZING,,,SIMULATED
0.0,tag-0008,anchor-06,-104.68,15.32,True,1.0035902664456176,GRAZING,,,SIMULATED
0.0,tag-0008,anchor-07,-106.78,13.22,True,1.0035902664456176,GRAZING,,,SIMULATED
0.0,tag-0008,anchor-08,-95.62,24.38,True,1.0035902664456176,GRAZING,,,SIMULATED
0.0,tag-0009,anchor-01,-90.87,29.13,True,1.0216502463123474,GRAZING,,,SIMULATED
0.0,tag-0009,anchor-02,-98.62,21.38,True,1.0216502463123474,GRAZING,,,SIMULATED
0.0,tag-0009,anchor-03,,,False,1.0216502463123474,GRAZING,,,SIMULATED
0.0,tag-0009,anchor-04,-102.37,17.63,True,1.0216502463123474,GRAZING,,,SIMULATED
0.0,tag-0009,anchor-05,-84.5,35.5,True,1.0216502463123474,GRAZING,,,SIMULATED
0.0,tag-0009,anchor-06,-103.12,16.88,True,1.0216502463123474,GRAZING,,,SIMULATED
0.0,tag-0009,anchor-07,-101.59,18.41,True,1.0216502463123474,GRAZING,,,SIMULATED
0.0,tag-0009,anchor-08,-102.4,17.6,True,1.0216502463123474,GRAZING,,,SIMULATED
0.0,tag-0010,anchor-01,-90.52,29.48,True,1.0086774542556223,GRAZING,,,SIMULATED
0.0,tag-0010,anchor-02,-96.68,23.32,True,1.0086774542556223,GRAZING,,,SIMULATED
0.0,tag-0010,anchor-03,-124.93,-4.93,True,1.0086774542556223,GRAZING,,,SIMULATED
0.0,tag-0010,anchor-04,-106.62,13.38,True,1.0086774542556223,GRAZING,,,SIMULATED
0.0,tag-0010,anchor-05,-77.66,42.34,True,1.0086774542556223,GRAZING,,,SIMULATED
0.0,tag-0010,anchor-06,-93.55,26.45,True,1.0086774542556223,GRAZING,,,SIMULATED
0.0,tag-0010,anchor-07,-97.57,22.43,True,1.0086774542556223,GRAZING,,,SIMULATED
0.0,tag-0010,anchor-08,-95.66,24.34,True,1.0086774542556223,GRAZING,,,SIMULATED
0.0,tag-0011,anchor-01,-79.45,40.55,True,1.0,GRAZING,,,SIMULATED
0.0,tag-0011,anchor-02,-97.45,22.55,True,1.0,GRAZING,,,SIMULATED
0.0,tag-0011,anchor-03,,,False,1.0,GRAZING,,,SIMULATED
0.0,tag-0011,anchor-04,-115.88,4.12,True,1.0,GRAZING,,,SIMULATED
0.0,tag-0011,anchor-05,-86.53,33.47,True,1.0,GRAZING,,,SIMULATED
0.0,tag-0011,anchor-06,-101.83,18.17,True,1.0,GRAZING,,,SIMULATED
0.0,tag-0011,anchor-07,-123.22,-3.22,True,1.0,GRAZING,,,SIMULATED
0.0,tag-0011,anchor-08,-98.48,21.52,True,1.0,GRAZING,,,SIMULATED
0.0,tag-0012,anchor-01,-93.6,26.4,True,1.0,GRAZING,,,SIMULATED
0.0,tag-0012,anchor-02,-102.43,17.57,True,1.0,GRAZING,,,SIMULATED
0.0,tag-0012,anchor-03,,,False,1.0,GRAZING,,,SIMULATED
0.0,tag-0012,anchor-04,-108.64,11.36,True,1.0,GRAZING,,,SIMULATED
0.0,tag-0012,anchor-05,-83.31,36.69,True,1.0,GRAZING,,,SIMULATED
0.0,tag-0012,anchor-06,-103.37,16.63,True,1.0,GRAZING,,,SIMULATED
0.0,tag-0012,anchor-07,-121.16,-1.16,True,1.0,GRAZING,,,SIMULATED
0.0,tag-0012,anchor-08,-95.97,24.03,True,1.0,GRAZING,,,SIMULATED
0.0,tag-0013,anchor-01,-98.38,21.62,True,1.0053609582356653,GRAZING,,,SIMULATED
0.0,tag-0013,anchor-02,-90.15,29.85,True,1.0053609582356653,GRAZING,,,SIMULATED
0.0,tag-0013,anchor-03,-120.13,-0.13,True,1.0053609582356653,GRAZING,,,SIMULATED
0.0,tag-0013,anchor-04,-112.91,7.09,True,1.0053609582356653,GRAZING,,,SIMULATED
0.0,tag-0013,anchor-05,-88.78,31.22,True,1.0053609582356653,GRAZING,,,SIMULATED
0.0,tag-0013,anchor-06,-97.61,22.39,True,1.0053609582356653,GRAZING,,,SIMULATED
0.0,tag-0013,anchor-07,-102.48,17.52,True,1.0053609582356653,GRAZING,,,SIMULATED
0.0,tag-0013,anchor-08,-96.79,23.21,True,1.0053609582356653,GRAZING,,,SIMULATED
0.0,tag-0014,anchor-01,-91.57,28.43,True,1.0,GRAZING,,,SIMULATED
0.0,tag-0014,anchor-02,-95.79,24.21,True,1.0,GRAZING,,,SIMULATED
0.0,tag-0014,anchor-03,,,False,1.0,GRAZING,,,SIMULATED
0.0,tag-0014,anchor-04,-105.76,14.24,True,1.0,GRAZING,,,SIMULATED
0.0,tag-0014,anchor-05,-88.29,31.71,True,1.0,GRAZING,,,SIMULATED
0.0,tag-0014,anchor-06,-99.19,20.81,True,1.0,GRAZING,,,SIMULATED
0.0,tag-0014,anchor-07,-96.95,23.05,True,1.0,GRAZING,,,SIMULATED
0.0,tag-0014,anchor-08,-93.58,26.42,True,1.0,GRAZING,,,SIMULATED
0.0,tag-0015,anchor-01,-95.22,24.78,True,1.0,GRAZING,,,SIMULATED
0.0,tag-0015,anchor-02,-97.91,22.09,True,1.0,GRAZING,,,SIMULATED
0.0,tag-0015,anchor-03,-123.99,-3.99,True,1.0,GRAZING,,,SIMULATED
0.0,tag-0015,anchor-04,-107.76,12.24,True,1.0,GRAZING,,,SIMULATED
0.0,tag-0015,anchor-05,-90.45,29.55,True,1.0,GRAZING,,,SIMULATED
0.0,tag-0015,anchor-06,-101.26,18.74,True,1.0,GRAZING,,,SIMULATED
0.0,tag-0015,anchor-07,-122.73,-2.73,True,1.0,GRAZING,,,SIMULATED
0.0,tag-0015,anchor-08,-93.54,26.46,True,1.0,GRAZING,,,SIMULATED
0.0,tag-0016,anchor-01,-89.82,30.18,True,1.0146605686212935,GRAZING,,,SIMULATED
0.0,tag-0016,anchor-02,-97.17,22.83,True,1.0146605686212935,GRAZING,,,SIMULATED
0.0,tag-0016,anchor-03,,,False,1.0146605686212935,GRAZING,,,SIMULATED
0.0,tag-0016,anchor-04,-116.63,3.37,True,1.0146605686212935,GRAZING,,,SIMULATED
0.0,tag-0016,anchor-05,-84.26,35.74,True,1.0146605686212935,GRAZING,,,SIMULATED
0.0,tag-0016,anchor-06,-102.53,17.47,True,1.0146605686212935,GRAZING,,,SIMULATED
0.0,tag-0016,anchor-07,-123.19,-3.19,True,1.0146605686212935,GRAZING,,,SIMULATED
0.0,tag-0016,anchor-08,-104.32,15.68,True,1.0146605686212935,GRAZING,,,SIMULATED
0.0,tag-0017,anchor-01,,,False,1.016526793062706,GRAZING,,,SIMULATED
0.0,tag-0017,anchor-02,-92.02,27.98,True,1.016526793062706,GRAZING,,,SIMULATED
0.0,tag-0017,anchor-03,,,False,1.016526793062706,GRAZING,,,SIMULATED
0.0,tag-0017,anchor-04,-108.4,11.6,True,1.016526793062706,GRAZING,,,SIMULATED
0.0,tag-0017,anchor-05,-87.21,32.79,True,1.016526793062706,GRAZING,,,SIMULATED
0.0,tag-0017,anchor-06,-108.5,11.5,True,1.016526793062706,GRAZING,,,SIMULATED
0.0,tag-0017,anchor-07,-123.88,-3.88,True,1.016526793062706,GRAZING,,,SIMULATED
0.0,tag-0017,anchor-08,-108.54,11.46,True,1.016526793062706,GRAZING,,,SIMULATED
0.0,tag-0018,anchor-01,-94.41,25.59,True,1.0023587782065773,GRAZING,,,SIMULATED
0.0,tag-0018,anchor-02,-95.17,24.83,True,1.0023587782065773,GRAZING,,,SIMULATED
0.0,tag-0018,anchor-03,-123.82,-3.82,True,1.0023587782065773,GRAZING,,,SIMULATED
0.0,tag-0018,anchor-04,,,False,1.0023587782065773,GRAZING,,,SIMULATED
0.0,tag-0018,anchor-05,-89.27,30.73,True,1.0023587782065773,GRAZING,,,SIMULATED
0.0,tag-0018,anchor-06,-99.87,20.13,True,1.0023587782065773,GRAZING,,,SIMULATED
0.0,tag-0018,anchor-07,-114.89,5.11,True,1.0023587782065773,GRAZING,,,SIMULATED
0.0,tag-0018,anchor-08,-94.08,25.92,True,1.0023587782065773,GRAZING,,,SIMULATED
0.0,tag-0019,anchor-01,,,False,1.0036866476541886,GRAZING,,,SIMULATED
0.0,tag-0019,anchor-02,-91.44,28.56,True,1.0036866476541886,GRAZING,,,SIMULATED
0.0,tag-0019,anchor-03,-126.0,-6.0,True,1.0036866476541886,GRAZING,,,SIMULATED
0.0,tag-0019,anchor-04,-104.73,15.27,True,1.0036866476541886,GRAZING,,,SIMULATED
0.0,tag-0019,anchor-05,-81.67,38.33,True,1.0036866476541886,GRAZING,,,SIMULATED
0.0,tag-0019,anchor-06,-95.24,24.76,True,1.0036866476541886,GRAZING,,,SIMULATED
0.0,tag-0019,anchor-07,-118.35,1.65,True,1.0036866476541886,GRAZING,,,SIMULATED
0.0,tag-0019,anchor-08,-97.46,22.54,True,1.0036866476541886,GRAZING,,,SIMULATED
0.0,tag-0020,anchor-01,-90.9,29.1,True,1.006515442147482,GRAZING,,,SIMULATED
0.0,tag-0020,anchor-02,-98.88,21.12,True,1.006515442147482,GRAZING,,,SIMULATED
0.0,tag-0020,anchor-03,,,False,1.006515442147482,GRAZING,,,SIMULATED
0.0,tag-0020,anchor-04,-106.69,13.31,True,1.006515442147482,GRAZING,,,SIMULATED
0.0,tag-0020,anchor-05,-83.88,36.12,True,1.006515442147482,GRAZING,,,SIMULATED
0.0,tag-0020,anchor-06,,,False,1.006515442147482,GRAZING,,,SIMULATED
0.0,tag-0020,anchor-07,-97.98,22.02,True,1.006515442147482,GRAZING,,,SIMULATED
0.0,tag-0020,anchor-08,,,False,1.006515442147482,GRAZING,,,SIMULATED
30.0,tag-0001,anchor-01,-86.89,33.11,True,1.0239100608539693,GRAZING,,,SIMULATED
30.0,tag-0001,anchor-02,-95.91,24.09,True,1.0239100608539693,GRAZING,,,SIMULATED
30.0,tag-0001,anchor-03,,,False,1.0239100608539693,GRAZING,,,SIMULATED
30.0,tag-0001,anchor-04,-110.17,9.83,True,1.0239100608539693,GRAZING,,,SIMULATED
30.0,tag-0001,anchor-05,-85.21,34.79,True,1.0239100608539693,GRAZING,,,SIMULATED
30.0,tag-0001,anchor-06,-102.66,17.34,True,1.0239100608539693,GRAZING,,,SIMULATED
30.0,tag-0001,anchor-07,-123.48,-3.48,True,1.0239100608539693,GRAZING,,,SIMULATED
30.0,tag-0001,anchor-08,-100.92,19.08,True,1.0239100608539693,GRAZING,,,SIMULATED
30.0,tag-0002,anchor-01,-94.33,25.67,True,1.0092854290488307,GRAZING,,,SIMULATED
30.0,tag-0002,anchor-02,-96.34,23.66,True,1.0092854290488307,GRAZING,,,SIMULATED
30.0,tag-0002,anchor-03,,,False,1.0092854290488307,GRAZING,,,SIMULATED
30.0,tag-0002,anchor-04,-111.06,8.94,True,1.0092854290488307,GRAZING,,,SIMULATED
30.0,tag-0002,anchor-05,-79.49,40.51,True,1.0092854290488307,GRAZING,,,SIMULATED
30.0,tag-0002,anchor-06,-93.75,26.25,True,1.0092854290488307,GRAZING,,,SIMULATED
30.0,tag-0002,anchor-07,-119.42,0.58,True,1.0092854290488307,GRAZING,,,SIMULATED
30.0,tag-0002,anchor-08,-102.33,17.67,True,1.0092854290488307,GRAZING,,,SIMULATED
30.0,tag-0003,anchor-01,-87.32,32.68,True,1.0077797430846365,GRAZING,,,SIMULATED
30.0,tag-0003,anchor-02,-104.03,15.97,True,1.0077797430846365,GRAZING,,,SIMULATED
30.0,tag-0003,anchor-03,,,False,1.0077797430846365,GRAZING,,,SIMULATED
30.0,tag-0003,anchor-04,-112.86,7.14,True,1.0077797430846365,GRAZING,,,SIMULATED
30.0,tag-0003,anchor-05,-75.76,44.24,True,1.0077797430846365,GRAZING,,,SIMULATED
30.0,tag-0003,anchor-06,,,False,1.0077797430846365,GRAZING,,,SIMULATED
30.0,tag-0003,anchor-07,-122.08,-2.08,True,1.0077797430846365,GRAZING,,,SIMULATED
30.0,tag-0003,anchor-08,-100.61,19.39,True,1.0077797430846365,GRAZING,,,SIMULATED
30.0,tag-0004,anchor-01,-84.53,35.47,True,1.0082160636044684,GRAZING,,,SIMULATED
30.0,tag-0004,anchor-02,-88.26,31.74,True,1.0082160636044684,GRAZING,,,SIMULATED
30.0,tag-0004,anchor-03,,,False,1.0082160636044684,GRAZING,,,SIMULATED
30.0,tag-0004,anchor-04,-100.99,19.01,True,1.0082160636044684,GRAZING,,,SIMULATED
30.0,tag-0004,anchor-05,-73.53,46.47,True,1.0082160636044684,GRAZING,,,SIMULATED
30.0,tag-0004,anchor-06,-100.41,19.59,True,1.0082160636044684,GRAZING,,,SIMULATED
30.0,tag-0004,anchor-07,-119.01,0.99,True,1.0082160636044684,GRAZING,,,SIMULATED
30.0,tag-0004,anchor-08,-92.77,27.23,True,1.0082160636044684,GRAZING,,,SIMULATED
30.0,tag-0005,anchor-01,-91.28,28.72,True,1.0,GRAZING,,,SIMULATED
30.0,tag-0005,anchor-02,-94.02,25.98,True,1.0,GRAZING,,,SIMULATED
30.0,tag-0005,anchor-03,-125.05,-5.05,True,1.0,GRAZING,,,SIMULATED
30.0,tag-0005,anchor-04,-103.64,16.36,True,1.0,GRAZING,,,SIMULATED
30.0,tag-0005,anchor-05,-81.11,38.89,True,1.0,GRAZING,,,SIMULATED
30.0,tag-0005,anchor-06,-101.7,18.3,True,1.0,GRAZING,,,SIMULATED
30.0,tag-0005,anchor-07,-117.43,2.57,True,1.0,GRAZING,,,SIMULATED
30.0,tag-0005,anchor-08,-103.62,16.38,True,1.0,GRAZING,,,SIMULATED
30.0,tag-0006,anchor-01,-85.34,34.66,True,1.0192260027760613,GRAZING,,,SIMULATED
30.0,tag-0006,anchor-02,-96.12,23.88,True,1.0192260027760613,GRAZING,,,SIMULATED
30.0,tag-0006,anchor-03,,,False,1.0192260027760613,GRAZING,,,SIMULATED
30.0,tag-0006,anchor-04,-116.17,3.83,True,1.0192260027760613,GRAZING,,,SIMULATED
30.0,tag-0006,anchor-05,-86.31,33.69,True,1.0192260027760613,GRAZING,,,SIMULATED
30.0,tag-0006,anchor-06,-107.32,12.68,True,1.0192260027760613,GRAZING,,,SIMULATED
30.0,tag-0006,anchor-07,-118.44,1.56,True,1.0192260027760613,GRAZING,,,SIMULATED
30.0,tag-0006,anchor-08,-93.69,26.31,True,1.0192260027760613,GRAZING,,,SIMULATED
30.0,tag-0007,anchor-01,-89.97,30.03,True,1.0143265312524419,GRAZING,,,SIMULATED
30.0,tag-0007,anchor-02,-96.27,23.73,True,1.0143265312524419,GRAZING,,,SIMULATED
30.0,tag-0007,anchor-03,,,False,1.0143265312524419,GRAZING,,,SIMULATED
30.0,tag-0007,anchor-04,-109.62,10.38,True,1.0143265312524419,GRAZING,,,SIMULATED
30.0,tag-0007,anchor-05,-88.58,31.42,True,1.0143265312524419,GRAZING,,,SIMULATED
30.0,tag-0007,anchor-06,-100.05,19.95,True,1.0143265312524419,GRAZING,,,SIMULATED
30.0,tag-0007,anchor-07,-116.35,3.65,True,1.0143265312524419,GRAZING,,,SIMULATED
30.0,tag-0007,anchor-08,-100.1,19.9,True,1.0143265312524419,GRAZING,,,SIMULATED
30.0,tag-0008,anchor-01,-98.88,21.12,True,1.0079443558269954,GRAZING,,,SIMULATED
30.0,tag-0008,anchor-02,-102.25,17.75,True,1.0079443558269954,GRAZING,,,SIMULATED
30.0,tag-0008,anchor-03,,,False,1.0079443558269954,GRAZING,,,SIMULATED
30.0,tag-0008,anchor-04,-104.1,15.9,True,1.0079443558269954,GRAZING,,,SIMULATED
30.0,tag-0008,anchor-05,-79.58,40.42,True,1.0079443558269954,GRAZING,,,SIMULATED
30.0,tag-0008,anchor-06,-106.5,13.5,True,1.0079443558269954,GRAZING,,,SIMULATED
30.0,tag-0008,anchor-07,-115.23,4.77,True,1.0079443558269954,GRAZING,,,SIMULATED
30.0,tag-0008,anchor-08,-97.18,22.82,True,1.0079443558269954,GRAZING,,,SIMULATED
30.0,tag-0009,anchor-01,-87.28,32.72,True,1.0,GRAZING,,,SIMULATED
30.0,tag-0009,anchor-02,,,False,1.0,GRAZING,,,SIMULATED
30.0,tag-0009,anchor-03,,,False,1.0,GRAZING,,,SIMULATED
30.0,tag-0009,anchor-04,-103.86,16.14,True,1.0,GRAZING,,,SIMULATED
30.0,tag-0009,anchor-05,-83.16,36.84,True,1.0,GRAZING,,,SIMULATED
30.0,tag-0009,anchor-06,-100.83,19.17,True,1.0,GRAZING,,,SIMULATED
30.0,tag-0009,anchor-07,-98.17,21.83,True,1.0,GRAZING,,,SIMULATED
30.0,tag-0009,anchor-08,-101.25,18.75,True,1.0,GRAZING,,,SIMULATED
30.0,tag-0010,anchor-01,-86.52,33.48,True,1.0,GRAZING,,,SIMULATED
30.0,tag-0010,anchor-02,-92.65,27.35,True,1.0,GRAZING,,,SIMULATED
30.0,tag-0010,anchor-03,,,False,1.0,GRAZING,,,SIMULATED
30.0,tag-0010,anchor-04,-107.47,12.53,True,1.0,GRAZING,,,SIMULATED
30.0,tag-0010,anchor-05,-74.32,45.68,True,1.0,GRAZING,,,SIMULATED
30.0,tag-0010,anchor-06,-99.6,20.4,True,1.0,GRAZING,,,SIMULATED
30.0,tag-0010,anchor-07,-101.73,18.27,True,1.0,GRAZING,,,SIMULATED
30.0,tag-0010,anchor-08,-105.81,14.19,True,1.0,GRAZING,,,SIMULATED
30.0,tag-0011,anchor-01,-82.51,37.49,True,1.0126345539077122,GRAZING,,,SIMULATED
30.0,tag-0011,anchor-02,-94.23,25.77,True,1.0126345539077122,GRAZING,,,SIMULATED
30.0,tag-0011,anchor-03,,,False,1.0126345539077122,GRAZING,,,SIMULATED
30.0,tag-0011,anchor-04,-109.06,10.94,True,1.0126345539077122,GRAZING,,,SIMULATED
30.0,tag-0011,anchor-05,-81.43,38.57,True,1.0126345539077122,GRAZING,,,SIMULATED
30.0,tag-0011,anchor-06,-102.55,17.45,True,1.0126345539077122,GRAZING,,,SIMULATED
30.0,tag-0011,anchor-07,-118.7,1.3,True,1.0126345539077122,GRAZING,,,SIMULATED
30.0,tag-0011,anchor-08,-97.98,22.02,True,1.0126345539077122,GRAZING,,,SIMULATED
30.0,tag-0012,anchor-01,-95.22,24.78,True,1.0,GRAZING,,,SIMULATED
30.0,tag-0012,anchor-02,-101.93,18.07,True,1.0,GRAZING,,,SIMULATED
30.0,tag-0012,anchor-03,,,False,1.0,GRAZING,,,SIMULATED
30.0,tag-0012,anchor-04,-106.95,13.05,True,1.0,GRAZING,,,SIMULATED
30.0,tag-0012,anchor-05,-87.92,32.08,True,1.0,GRAZING,,,SIMULATED
30.0,tag-0012,anchor-06,-105.85,14.15,True,1.0,GRAZING,,,SIMULATED
30.0,tag-0012,anchor-07,-123.88,-3.88,True,1.0,GRAZING,,,SIMULATED
30.0,tag-0012,anchor-08,-97.49,22.51,True,1.0,GRAZING,,,SIMULATED
30.0,tag-0013,anchor-01,-96.06,23.94,True,1.0,GRAZING,,,SIMULATED
30.0,tag-0013,anchor-02,-89.4,30.6,True,1.0,GRAZING,,,SIMULATED
30.0,tag-0013,anchor-03,,,False,1.0,GRAZING,,,SIMULATED
30.0,tag-0013,anchor-04,-110.96,9.04,True,1.0,GRAZING,,,SIMULATED
30.0,tag-0013,anchor-05,-84.49,35.51,True,1.0,GRAZING,,,SIMULATED
30.0,tag-0013,anchor-06,-99.13,20.87,True,1.0,GRAZING,,,SIMULATED
30.0,tag-0013,anchor-07,-100.01,19.99,True,1.0,GRAZING,,,SIMULATED
30.0,tag-0013,anchor-08,-94.36,25.64,True,1.0,GRAZING,,,SIMULATED
30.0,tag-0014,anchor-01,-96.82,23.18,True,1.0152929150777843,GRAZING,,,SIMULATED
30.0,tag-0014,anchor-02,,,False,1.0152929150777843,GRAZING,,,SIMULATED
30.0,tag-0014,anchor-03,,,False,1.0152929150777843,GRAZING,,,SIMULATED
30.0,tag-0014,anchor-04,-106.17,13.83,True,1.0152929150777843,GRAZING,,,SIMULATED
30.0,tag-0014,anchor-05,-90.22,29.78,True,1.0152929150777843,GRAZING,,,SIMULATED
30.0,tag-0014,anchor-06,-105.6,14.4,True,1.0152929150777843,GRAZING,,,SIMULATED
30.0,tag-0014,anchor-07,-97.62,22.38,True,1.0152929150777843,GRAZING,,,SIMULATED
30.0,tag-0014,anchor-08,-95.76,24.24,True,1.0152929150777843,GRAZING,,,SIMULATED
30.0,tag-0015,anchor-01,-105.87,14.13,True,1.0,GRAZING,,,SIMULATED
30.0,tag-0015,anchor-02,-93.64,26.36,True,1.0,GRAZING,,,SIMULATED
30.0,tag-0015,anchor-03,,,False,1.0,GRAZING,,,SIMULATED
30.0,tag-0015,anchor-04,-108.58,11.42,True,1.0,GRAZING,,,SIMULATED
30.0,tag-0015,anchor-05,-85.09,34.91,True,1.0,GRAZING,,,SIMULATED
30.0,tag-0015,anchor-06,-102.12,17.88,True,1.0,GRAZING,,,SIMULATED
30.0,tag-0015,anchor-07,-118.21,1.79,True,1.0,GRAZING,,,SIMULATED
30.0,tag-0015,anchor-08,-102.9,17.1,True,1.0,GRAZING,,,SIMULATED
30.0,tag-0016,anchor-01,-92.03,27.97,True,1.024151592975623,GRAZING,,,SIMULATED
30.0,tag-0016,anchor-02,-92.75,27.25,True,1.024151592975623,GRAZING,,,SIMULATED
30.0,tag-0016,anchor-03,,,False,1.024151592975623,GRAZING,,,SIMULATED
30.0,tag-0016,anchor-04,-112.87,7.13,True,1.024151592975623,GRAZING,,,SIMULATED
30.0,tag-0016,anchor-05,-85.96,34.04,True,1.024151592975623,GRAZING,,,SIMULATED
30.0,tag-0016,anchor-06,-101.53,18.47,True,1.024151592975623,GRAZING,,,SIMULATED
30.0,tag-0016,anchor-07,-121.76,-1.76,True,1.024151592975623,GRAZING,,,SIMULATED
30.0,tag-0016,anchor-08,-99.73,20.27,True,1.024151592975623,GRAZING,,,SIMULATED
30.0,tag-0017,anchor-01,-91.6,28.4,True,1.0082794595769229,GRAZING,,,SIMULATED
30.0,tag-0017,anchor-02,-87.04,32.96,True,1.0082794595769229,GRAZING,,,SIMULATED
30.0,tag-0017,anchor-03,-122.41,-2.41,True,1.0082794595769229,GRAZING,,,SIMULATED
30.0,tag-0017,anchor-04,-103.34,16.66,True,1.0082794595769229,GRAZING,,,SIMULATED
30.0,tag-0017,anchor-05,-87.75,32.25,True,1.0082794595769229,GRAZING,,,SIMULATED
30.0,tag-0017,anchor-06,-107.69,12.31,True,1.0082794595769229,GRAZING,,,SIMULATED
30.0,tag-0017,anchor-07,-121.57,-1.57,True,1.0082794595769229,GRAZING,,,SIMULATED
30.0,tag-0017,anchor-08,-106.4,13.6,True,1.0082794595769229,GRAZING,,,SIMULATED
30.0,tag-0018,anchor-01,-93.1,26.9,True,1.0,GRAZING,,,SIMULATED
30.0,tag-0018,anchor-02,-96.23,23.77,True,1.0,GRAZING,,,SIMULATED
30.0,tag-0018,anchor-03,-123.84,-3.84,True,1.0,GRAZING,,,SIMULATED
30.0,tag-0018,anchor-04,-96.07,23.93,True,1.0,GRAZING,,,SIMULATED
30.0,tag-0018,anchor-05,-87.56,32.44,True,1.0,GRAZING,,,SIMULATED
30.0,tag-0018,anchor-06,-100.52,19.48,True,1.0,GRAZING,,,SIMULATED
30.0,tag-0018,anchor-07,-116.4,3.6,True,1.0,GRAZING,,,SIMULATED
30.0,tag-0018,anchor-08,-91.93,28.07,True,1.0,GRAZING,,,SIMULATED
30.0,tag-0019,anchor-01,-79.64,40.36,True,1.0048730023150707,GRAZING,,,SIMULATED
30.0,tag-0019,anchor-02,-91.5,28.5,True,1.0048730023150707,GRAZING,,,SIMULATED
30.0,tag-0019,anchor-03,,,False,1.0048730023150707,GRAZING,,,SIMULATED
30.0,tag-0019,anchor-04,-101.39,18.61,True,1.0048730023150707,GRAZING,,,SIMULATED
30.0,tag-0019,anchor-05,-82.66,37.34,True,1.0048730023150707,GRAZING,,,SIMULATED
30.0,tag-0019,anchor-06,-95.72,24.28,True,1.0048730023150707,GRAZING,,,SIMULATED
30.0,tag-0019,anchor-07,-120.83,-0.83,True,1.0048730023150707,GRAZING,,,SIMULATED
30.0,tag-0019,anchor-08,-94.1,25.9,True,1.0048730023150707,GRAZING,,,SIMULATED
30.0,tag-0020,anchor-01,-88.07,31.93,True,1.0097474648716773,GRAZING,,,SIMULATED
30.0,tag-0020,anchor-02,-100.18,19.82,True,1.0097474648716773,GRAZING,,,SIMULATED
30.0,tag-0020,anchor-03,,,False,1.0097474648716773,GRAZING,,,SIMULATED
30.0,tag-0020,anchor-04,-102.96,17.04,True,1.0097474648716773,GRAZING,,,SIMULATED
30.0,tag-0020,anchor-05,-82.84,37.16,True,1.0097474648716773,GRAZING,,,SIMULATED
30.0,tag-0020,anchor-06,-108.79,11.21,True,1.0097474648716773,GRAZING,,,SIMULATED
30.0,tag-0020,anchor-07,-100.82,19.18,True,1.0097474648716773,GRAZING,,,SIMULATED
30.0,tag-0020,anchor-08,-97.49,22.51,True,1.0097474648716773,GRAZING,,,SIMULATED
60.0,tag-0001,anchor-01,-85.71,34.29,True,1.001805905893053,GRAZING,,,SIMULATED
60.0,tag-0001,anchor-02,-97.25,22.75,True,1.001805905893053,GRAZING,,,SIMULATED
60.0,tag-0001,anchor-03,,,False,1.001805905893053,GRAZING,,,SIMULATED
60.0,tag-0001,anchor-04,-111.43,8.57,True,1.001805905893053,GRAZING,,,SIMULATED
60.0,tag-0001,anchor-05,-84.26,35.74,True,1.001805905893053,GRAZING,,,SIMULATED
60.0,tag-0001,anchor-06,-105.34,14.66,True,1.001805905893053,GRAZING,,,SIMULATED
60.0,tag-0001,anchor-07,-124.93,-4.93,True,1.001805905893053,GRAZING,,,SIMULATED
60.0,tag-0001,anchor-08,,,False,1.001805905893053,GRAZING,,,SIMULATED
60.0,tag-0002,anchor-01,-92.8,27.2,True,1.0171849035378695,GRAZING,,,SIMULATED
60.0,tag-0002,anchor-02,-96.8,23.2,True,1.0171849035378695,GRAZING,,,SIMULATED
60.0,tag-0002,anchor-03,,,False,1.0171849035378695,GRAZING,,,SIMULATED
60.0,tag-0002,anchor-04,-105.11,14.89,True,1.0171849035378695,GRAZING,,,SIMULATED
60.0,tag-0002,anchor-05,-75.68,44.32,True,1.0171849035378695,GRAZING,,,SIMULATED
60.0,tag-0002,anchor-06,-93.24,26.76,True,1.0171849035378695,GRAZING,,,SIMULATED
60.0,tag-0002,anchor-07,-125.8,-5.8,True,1.0171849035378695,GRAZING,,,SIMULATED
60.0,tag-0002,anchor-08,-96.88,23.12,True,1.0171849035378695,GRAZING,,,SIMULATED
60.0,tag-0003,anchor-01,-93.98,26.02,True,1.0,GRAZING,,,SIMULATED
60.0,tag-0003,anchor-02,-97.55,22.45,True,1.0,GRAZING,,,SIMULATED
60.0,tag-0003,anchor-03,-126.14,-6.14,True,1.0,GRAZING,,,SIMULATED
60.0,tag-0003,anchor-04,-110.38,9.62,True,1.0,GRAZING,,,SIMULATED
60.0,tag-0003,anchor-05,-81.17,38.83,True,1.0,GRAZING,,,SIMULATED
60.0,tag-0003,anchor-06,-97.51,22.49,True,1.0,GRAZING,,,SIMULATED
60.0,tag-0003,anchor-07,-115.98,4.02,True,1.0,GRAZING,,,SIMULATED
60.0,tag-0003,anchor-08,-111.16,8.84,True,1.0,GRAZING,,,SIMULATED
60.0,tag-0004,anchor-01,-90.35,29.65,True,1.0,GRAZING,,,SIMULATED
60.0,tag-0004,anchor-02,-93.99,26.01,True,1.0,GRAZING,,,SIMULATED
60.0,tag-0004,anchor-03,,,False,1.0,GRAZING,,,SIMULATED
60.0,tag-0004,anchor-04,-104.11,15.89,True,1.0,GRAZING,,,SIMULATED
60.0,tag-0004,anchor-05,-76.06,43.94,True,1.0,GRAZING,,,SIMULATED
60.0,tag-0004,anchor-06,-98.45,21.55,True,1.0,GRAZING,,,SIMULATED
60.0,tag-0004,anchor-07,-123.4,-3.4,True,1.0,GRAZING,,,SIMULATED
60.0,tag-0004,anchor-08,-96.38,23.62,True,1.0,GRAZING,,,SIMULATED
60.0,tag-0005,anchor-01,-94.47,25.53,True,1.015625268296104,GRAZING,,,SIMULATED
60.0,tag-0005,anchor-02,-93.25,26.75,True,1.015625268296104,GRAZING,,,SIMULATED
60.0,tag-0005,anchor-03,-122.78,-2.78,True,1.015625268296104,GRAZING,,,SIMULATED
60.0,tag-0005,anchor-04,-106.36,13.64,True,1.015625268296104,GRAZING,,,SIMULATED
60.0,tag-0005,anchor-05,-78.74,41.26,True,1.015625268296104,GRAZING,,,SIMULATED
60.0,tag-0005,anchor-06,-103.53,16.47,True,1.015625268296104,GRAZING,,,SIMULATED
60.0,tag-0005,anchor-07,-118.77,1.23,True,1.015625268296104,GRAZING,,,SIMULATED
60.0,tag-0005,anchor-08,-96.25,23.75,True,1.015625268296104,GRAZING,,,SIMULATED
60.0,tag-0006,anchor-01,-89.01,30.99,True,1.0004019841232092,GRAZING,,,SIMULATED
60.0,tag-0006,anchor-02,-95.27,24.73,True,1.0004019841232092,GRAZING,,,SIMULATED
60.0,tag-0006,anchor-03,-123.71,-3.71,True,1.0004019841232092,GRAZING,,,SIMULATED
60.0,tag-0006,anchor-04,-110.92,9.08,True,1.0004019841232092,GRAZING,,,SIMULATED
60.0,tag-0006,anchor-05,-84.03,35.97,True,1.0004019841232092,GRAZING,,,SIMULATED
60.0,tag-0006,anchor-06,-103.98,16.02,True,1.0004019841232092,GRAZING,,,SIMULATED
60.0,tag-0006,anchor-07,,,False,1.0004019841232092,GRAZING,,,SIMULATED
60.0,tag-0006,anchor-08,-95.24,24.76,True,1.0004019841232092,GRAZING,,,SIMULATED
60.0,tag-0007,anchor-01,-89.92,30.08,True,1.0,GRAZING,,,SIMULATED
60.0,tag-0007,anchor-02,,,False,1.0,GRAZING,,,SIMULATED
60.0,tag-0007,anchor-03,,,False,1.0,GRAZING,,,SIMULATED
60.0,tag-0007,anchor-04,-103.95,16.05,True,1.0,GRAZING,,,SIMULATED
60.0,tag-0007,anchor-05,-82.74,37.26,True,1.0,GRAZING,,,SIMULATED
60.0,tag-0007,anchor-06,-100.16,19.84,True,1.0,GRAZING,,,SIMULATED
60.0,tag-0007,anchor-07,-115.43,4.57,True,1.0,GRAZING,,,SIMULATED
60.0,tag-0007,anchor-08,-104.65,15.35,True,1.0,GRAZING,,,SIMULATED
60.0,tag-0008,anchor-01,-97.19,22.81,True,1.0141968289823982,GRAZING,,,SIMULATED
60.0,tag-0008,anchor-02,-97.51,22.49,True,1.0141968289823982,GRAZING,,,SIMULATED
60.0,tag-0008,anchor-03,,,False,1.0141968289823982,GRAZING,,,SIMULATED
60.0,tag-0008,anchor-04,-105.71,14.29,True,1.0141968289823982,GRAZING,,,SIMULATED
60.0,tag-0008,anchor-05,-86.82,33.18,True,1.0141968289823982,GRAZING,,,SIMULATED
60.0,tag-0008,anchor-06,-107.72,12.28,True,1.0141968289823982,GRAZING,,,SIMULATED
60.0,tag-0008,anchor-07,-116.54,3.46,True,1.0141968289823982,GRAZING,,,SIMULATED
60.0,tag-0008,anchor-08,-92.98,27.02,True,1.0141968289823982,GRAZING,,,SIMULATED
60.0,tag-0009,anchor-01,-84.93,35.07,True,1.0219824636145411,GRAZING,,,SIMULATED
60.0,tag-0009,anchor-02,-94.72,25.28,True,1.0219824636145411,GRAZING,,,SIMULATED
60.0,tag-0009,anchor-03,,,False,1.0219824636145411,GRAZING,,,SIMULATED
60.0,tag-0009,anchor-04,-103.46,16.54,True,1.0219824636145411,GRAZING,,,SIMULATED
60.0,tag-0009,anchor-05,-83.24,36.76,True,1.0219824636145411,GRAZING,,,SIMULATED
60.0,tag-0009,anchor-06,-98.34,21.66,True,1.0219824636145411,GRAZING,,,SIMULATED
60.0,tag-0009,anchor-07,,,False,1.0219824636145411,GRAZING,,,SIMULATED
60.0,tag-0009,anchor-08,-107.5,12.5,True,1.0219824636145411,GRAZING,,,SIMULATED
60.0,tag-0010,anchor-01,-92.92,27.08,True,1.0,GRAZING,,,SIMULATED
60.0,tag-0010,anchor-02,-96.44,23.56,True,1.0,GRAZING,,,SIMULATED
60.0,tag-0010,anchor-03,-125.7,-5.7,True,1.0,GRAZING,,,SIMULATED
60.0,tag-0010,anchor-04,-103.83,16.17,True,1.0,GRAZING,,,SIMULATED
60.0,tag-0010,anchor-05,-77.64,42.36,True,1.0,GRAZING,,,SIMULATED
60.0,tag-0010,anchor-06,-98.66,21.34,True,1.0,GRAZING,,,SIMULATED
60.0,tag-0010,anchor-07,-92.68,27.32,True,1.0,GRAZING,,,SIMULATED
60.0,tag-0010,anchor-08,-101.38,18.62,True,1.0,GRAZING,,,SIMULATED
60.0,tag-0011,anchor-01,-85.86,34.14,True,1.0,GRAZING,,,SIMULATED
60.0,tag-0011,anchor-02,-98.0,22.0,True,1.0,GRAZING,,,SIMULATED
60.0,tag-0011,anchor-03,,,False,1.0,GRAZING,,,SIMULATED
60.0,tag-0011,anchor-04,-109.64,10.36,True,1.0,GRAZING,,,SIMULATED
60.0,tag-0011,anchor-05,-77.02,42.98,True,1.0,GRAZING,,,SIMULATED
60.0,tag-0011,anchor-06,-106.72,13.28,True,1.0,GRAZING,,,SIMULATED
60.0,tag-0011,anchor-07,-122.67,-2.67,True,1.0,GRAZING,,,SIMULATED
60.0,tag-0011,anchor-08,-97.28,22.72,True,1.0,GRAZING,,,SIMULATED
60.0,tag-0012,anchor-01,-92.72,27.28,True,1.0,GRAZING,,,SIMULATED
60.0,tag-0012,anchor-02,-99.98,20.02,True,1.0,GRAZING,,,SIMULATED
60.0,tag-0012,anchor-03,,,False,1.0,GRAZING,,,SIMULATED
60.0,tag-0012,anchor-04,-105.57,14.43,True,1.0,GRAZING,,,SIMULATED
60.0,tag-0012,anchor-05,-86.94,33.06,True,1.0,GRAZING,,,SIMULATED
60.0,tag-0012,anchor-06,-104.17,15.83,True,1.0,GRAZING,,,SIMULATED
60.0,tag-0012,anchor-07,-124.85,-4.85,True,1.0,GRAZING,,,SIMULATED
60.0,tag-0012,anchor-08,-97.81,22.19,True,1.0,GRAZING,,,SIMULATED
60.0,tag-0013,anchor-01,-102.52,17.48,True,1.0,GRAZING,,,SIMULATED
60.0,tag-0013,anchor-02,-91.51,28.49,True,1.0,GRAZING,,,SIMULATED
60.0,tag-0013,anchor-03,-125.92,-5.92,True,1.0,GRAZING,,,SIMULATED
60.0,tag-0013,anchor-04,-111.97,8.03,True,1.0,GRAZING,,,SIMULATED
60.0,tag-0013,anchor-05,-85.22,34.78,True,1.0,GRAZING,,,SIMULATED
60.0,tag-0013,anchor-06,-98.46,21.54,True,1.0,GRAZING,,,SIMULATED
60.0,tag-0013,anchor-07,-98.37,21.63,True,1.0,GRAZING,,,SIMULATED
60.0,tag-0013,anchor-08,-92.88,27.12,True,1.0,GRAZING,,,SIMULATED
60.0,tag-0014,anchor-01,-97.02,22.98,True,1.0,GRAZING,,,SIMULATED
60.0,tag-0014,anchor-02,-91.54,28.46,True,1.0,GRAZING,,,SIMULATED
60.0,tag-0014,anchor-03,,,False,1.0,GRAZING,,,SIMULATED
60.0,tag-0014,anchor-04,-103.1,16.9,True,1.0,GRAZING,,,SIMULATED
60.0,tag-0014,anchor-05,-87.59,32.41,True,1.0,GRAZING,,,SIMULATED
60.0,tag-0014,anchor-06,-103.31,16.69,True,1.0,GRAZING,,,SIMULATED
60.0,tag-0014,anchor-07,-97.07,22.93,True,1.0,GRAZING,,,SIMULATED
60.0,tag-0014,anchor-08,-94.66,25.34,True,1.0,GRAZING,,,SIMULATED
60.0,tag-0015,anchor-01,-96.98,23.02,True,1.0210715545536635,GRAZING,,,SIMULATED
60.0,tag-0015,anchor-02,-97.01,22.99,True,1.0210715545536635,GRAZING,,,SIMULATED
60.0,tag-0015,anchor-03,,,False,1.0210715545536635,GRAZING,,,SIMULATED
60.0,tag-0015,anchor-04,-105.83,14.17,True,1.0210715545536635,GRAZING,,,SIMULATED
60.0,tag-0015,anchor-05,-88.12,31.88,True,1.0210715545536635,GRAZING,,,SIMULATED
60.0,tag-0015,anchor-06,-108.6,11.4,True,1.0210715545536635,GRAZING,,,SIMULATED
60.0,tag-0015,anchor-07,-122.05,-2.05,True,1.0210715545536635,GRAZING,,,SIMULATED
60.0,tag-0015,anchor-08,-101.86,18.14,True,1.0210715545536635,GRAZING,,,SIMULATED
60.0,tag-0016,anchor-01,-83.45,36.55,True,1.0,GRAZING,,,SIMULATED
60.0,tag-0016,anchor-02,-88.81,31.19,True,1.0,GRAZING,,,SIMULATED
60.0,tag-0016,anchor-03,,,False,1.0,GRAZING,,,SIMULATED
60.0,tag-0016,anchor-04,-111.2,8.8,True,1.0,GRAZING,,,SIMULATED
60.0,tag-0016,anchor-05,-80.3,39.7,True,1.0,GRAZING,,,SIMULATED
60.0,tag-0016,anchor-06,-102.26,17.74,True,1.0,GRAZING,,,SIMULATED
60.0,tag-0016,anchor-07,,,False,1.0,GRAZING,,,SIMULATED
60.0,tag-0016,anchor-08,-110.13,9.87,True,1.0,GRAZING,,,SIMULATED
60.0,tag-0017,anchor-01,-89.78,30.22,True,1.0189087996725747,GRAZING,,,SIMULATED
60.0,tag-0017,anchor-02,-90.53,29.47,True,1.0189087996725747,GRAZING,,,SIMULATED
60.0,tag-0017,anchor-03,-120.44,-0.44,True,1.0189087996725747,GRAZING,,,SIMULATED
60.0,tag-0017,anchor-04,-102.7,17.3,True,1.0189087996725747,GRAZING,,,SIMULATED
60.0,tag-0017,anchor-05,-86.06,33.94,True,1.0189087996725747,GRAZING,,,SIMULATED
60.0,tag-0017,anchor-06,-111.0,9.0,True,1.0189087996725747,GRAZING,,,SIMULATED
60.0,tag-0017,anchor-07,-117.8,2.2,True,1.0189087996725747,GRAZING,,,SIMULATED
60.0,tag-0017,anchor-08,-100.66,19.34,True,1.0189087996725747,GRAZING,,,SIMULATED
60.0,tag-0018,anchor-01,-92.8,27.2,True,1.0,GRAZING,,,SIMULATED
60.0,tag-0018,anchor-02,-94.73,25.27,True,1.0,GRAZING,,,SIMULATED
60.0,tag-0018,anchor-03,,,False,1.0,GRAZING,,,SIMULATED
60.0,tag-0018,anchor-04,-100.02,19.98,True,1.0,GRAZING,,,SIMULATED
60.0,tag-0018,anchor-05,-88.89,31.11,True,1.0,GRAZING,,,SIMULATED
60.0,tag-0018,anchor-06,-101.04,18.96,True,1.0,GRAZING,,,SIMULATED
60.0,tag-0018,anchor-07,-122.67,-2.67,True,1.0,GRAZING,,,SIMULATED
60.0,tag-0018,anchor-08,-101.05,18.95,True,1.0,GRAZING,,,SIMULATED
60.0,tag-0019,anchor-01,-89.49,30.51,True,1.0,GRAZING,,,SIMULATED
60.0,tag-0019,anchor-02,-92.73,27.27,True,1.0,GRAZING,,,SIMULATED
60.0,tag-0019,anchor-03,,,False,1.0,GRAZING,,,SIMULATED
60.0,tag-0019,anchor-04,-96.55,23.45,True,1.0,GRAZING,,,SIMULATED
60.0,tag-0019,anchor-05,-79.89,40.11,True,1.0,GRAZING,,,SIMULATED
60.0,tag-0019,anchor-06,-95.12,24.88,True,1.0,GRAZING,,,SIMULATED
60.0,tag-0019,anchor-07,-117.34,2.66,True,1.0,GRAZING,,,SIMULATED
60.0,tag-0019,anchor-08,-95.5,24.5,True,1.0,GRAZING,,,SIMULATED
60.0,tag-0020,anchor-01,-84.46,35.54,True,1.0094728191834725,GRAZING,,,SIMULATED
60.0,tag-0020,anchor-02,-94.93,25.07,True,1.0094728191834725,GRAZING,,,SIMULATED
60.0,tag-0020,anchor-03,-123.46,-3.46,True,1.0094728191834725,GRAZING,,,SIMULATED
60.0,tag-0020,anchor-04,-104.83,15.17,True,1.0094728191834725,GRAZING,,,SIMULATED
60.0,tag-0020,anchor-05,-80.22,39.78,True,1.0094728191834725,GRAZING,,,SIMULATED
60.0,tag-0020,anchor-06,-105.15,14.85,True,1.0094728191834725,GRAZING,,,SIMULATED
60.0,tag-0020,anchor-07,-98.72,21.28,True,1.0094728191834725,GRAZING,,,SIMULATED
60.0,tag-0020,anchor-08,-100.88,19.12,True,1.0094728191834725,GRAZING,,,SIMULATED
90.0,tag-0001,anchor-01,-80.02,39.98,True,1.016930354583241,GRAZING,,,SIMULATED
90.0,tag-0001,anchor-02,-92.45,27.55,True,1.016930354583241,GRAZING,,,SIMULATED
90.0,tag-0001,anchor-03,,,False,1.016930354583241,GRAZING,,,SIMULATED
90.0,tag-0001,anchor-04,-109.94,10.06,True,1.016930354583241,GRAZING,,,SIMULATED
90.0,tag-0001,anchor-05,-86.05,33.95,True,1.016930354583241,GRAZING,,,SIMULATED
90.0,tag-0001,anchor-06,-105.82,14.18,True,1.016930354583241,GRAZING,,,SIMULATED
90.0,tag-0001,anchor-07,-119.3,0.7,True,1.016930354583241,GRAZING,,,SIMULATED
90.0,tag-0001,anchor-08,-97.83,22.17,True,1.016930354583241,GRAZING,,,SIMULATED
90.0,tag-0002,anchor-01,-91.19,28.81,True,1.012885035253803,GRAZING,,,SIMULATED
90.0,tag-0002,anchor-02,-98.79,21.21,True,1.012885035253803,GRAZING,,,SIMULATED
90.0,tag-0002,anchor-03,-123.87,-3.87,True,1.012885035253803,GRAZING,,,SIMULATED
90.0,tag-0002,anchor-04,-101.69,18.31,True,1.012885035253803,GRAZING,,,SIMULATED
90.0,tag-0002,anchor-05,-77.99,42.01,True,1.012885035253803,GRAZING,,,SIMULATED
90.0,tag-0002,anchor-06,-88.26,31.74,True,1.012885035253803,GRAZING,,,SIMULATED
90.0,tag-0002,anchor-07,-120.11,-0.11,True,1.012885035253803,GRAZING,,,SIMULATED
90.0,tag-0002,anchor-08,-98.82,21.18,True,1.012885035253803,GRAZING,,,SIMULATED
90.0,tag-0003,anchor-01,-89.04,30.96,True,1.0051783711928806,GRAZING,,,SIMULATED
90.0,tag-0003,anchor-02,-97.09,22.91,True,1.0051783711928806,GRAZING,,,SIMULATED
90.0,tag-0003,anchor-03,,,False,1.0051783711928806,GRAZING,,,SIMULATED
90.0,tag-0003,anchor-04,,,False,1.0051783711928806,GRAZING,,,SIMULATED
90.0,tag-0003,anchor-05,-72.3,47.7,True,1.0051783711928806,GRAZING,,,SIMULATED
90.0,tag-0003,anchor-06,-103.21,16.79,True,1.0051783711928806,GRAZING,,,SIMULATED
90.0,tag-0003,anchor-07,-117.47,2.53,True,1.0051783711928806,GRAZING,,,SIMULATED
90.0,tag-0003,anchor-08,-111.86,8.14,True,1.0051783711928806,GRAZING,,,SIMULATED
90.0,tag-0004,anchor-01,,,False,1.0021353450692914,GRAZING,,,SIMULATED
90.0,tag-0004,anchor-02,-92.69,27.31,True,1.0021353450692914,GRAZING,,,SIMULATED
90.0,tag-0004,anchor-03,,,False,1.0021353450692914,GRAZING,,,SIMULATED
90.0,tag-0004,anchor-04,-98.25,21.75,True,1.0021353450692914,GRAZING,,,SIMULATED
90.0,tag-0004,anchor-05,-86.37,33.63,True,1.0021353450692914,GRAZING,,,SIMULATED
90.0,tag-0004,anchor-06,-95.21,24.79,True,1.0021353450692914,GRAZING,,,SIMULATED
90.0,tag-0004,anchor-07,-120.81,-0.81,True,1.0021353450692914,GRAZING,,,SIMULATED
90.0,tag-0004,anchor-08,-96.1,23.9,True,1.0021353450692914,GRAZING,,,SIMULATED
90.0,tag-0005,anchor-01,-90.77,29.23,True,1.0022872268568526,GRAZING,,,SIMULATED
90.0,tag-0005,anchor-02,-89.16,30.84,True,1.0022872268568526,GRAZING,,,SIMULATED
90.0,tag-0005,anchor-03,-120.42,-0.42,True,1.0022872268568526,GRAZING,,,SIMULATED
90.0,tag-0005,anchor-04,-105.7,14.3,True,1.0022872268568526,GRAZING,,,SIMULATED
90.0,tag-0005,anchor-05,-83.5,36.5,True,1.0022872268568526,GRAZING,,,SIMULATED
90.0,tag-0005,anchor-06,-96.66,23.34,True,1.0022872268568526,GRAZING,,,SIMULATED
90.0,tag-0005,anchor-07,-122.05,-2.05,True,1.0022872268568526,GRAZING,,,SIMULATED
90.0,tag-0005,anchor-08,-97.47,22.53,True,1.0022872268568526,GRAZING,,,SIMULATED
90.0,tag-0006,anchor-01,-86.68,33.32,True,1.0086292040625107,GRAZING,,,SIMULATED
90.0,tag-0006,anchor-02,-94.81,25.19,True,1.0086292040625107,GRAZING,,,SIMULATED
90.0,tag-0006,anchor-03,-123.67,-3.67,True,1.0086292040625107,GRAZING,,,SIMULATED
90.0,tag-0006,anchor-04,-111.26,8.74,True,1.0086292040625107,GRAZING,,,SIMULATED
90.0,tag-0006,anchor-05,-85.63,34.37,True,1.0086292040625107,GRAZING,,,SIMULATED
90.0,tag-0006,anchor-06,-105.4,14.6,True,1.0086292040625107,GRAZING,,,SIMULATED
90.0,tag-0006,anchor-07,-116.08,3.92,True,1.0086292040625107,GRAZING,,,SIMULATED
90.0,tag-0006,anchor-08,-92.56,27.44,True,1.0086292040625107,GRAZING,,,SIMULATED
90.0,tag-0007,anchor-01,-86.26,33.74,True,1.0,GRAZING,,,SIMULATED
90.0,tag-0007,anchor-02,-95.39,24.61,True,1.0,GRAZING,,,SIMULATED
90.0,tag-0007,anchor-03,,,False,1.0,GRAZING,,,SIMULATED
90.0,tag-0007,anchor-04,-110.4,9.6,True,1.0,GRAZING,,,SIMULATED
90.0,tag-0007,anchor-05,-80.17,39.83,True,1.0,GRAZING,,,SIMULATED
90.0,tag-0007,anchor-06,-104.18,15.82,True,1.0,GRAZING,,,SIMULATED
90.0,tag-0007,anchor-07,-115.08,4.92,True,1.0,GRAZING,,,SIMULATED
90.0,tag-0007,anchor-08,-104.54,15.46,True,1.0,GRAZING,,,SIMULATED
90.0,tag-0008,anchor-01,-100.13,19.87,True,1.0041615399527095,GRAZING,,,SIMULATED
90.0,tag-0008,anchor-02,-93.46,26.54,True,1.0041615399527095,GRAZING,,,SIMULATED
90.0,tag-0008,anchor-03,,,False,1.0041615399527095,GRAZING,,,SIMULATED
90.0,tag-0008,anchor-04,-104.67,15.33,True,1.0041615399527095,GRAZING,,,SIMULATED
90.0,tag-0008,anchor-05,-89.12,30.88,True,1.0041615399527095,GRAZING,,,SIMULATED
90.0,tag-0008,anchor-06,-103.81,16.19,True,1.0041615399527095,GRAZING,,,SIMULATED
90.0,tag-0008,anchor-07,-114.85,5.15,True,1.0041615399527095,GRAZING,,,SIMULATED
90.0,tag-0008,anchor-08,-101.46,18.54,True,1.0041615399527095,GRAZING,,,SIMULATED
90.0,tag-0009,anchor-01,-91.86,28.14,True,1.0085908980044946,GRAZING,,,SIMULATED
90.0,tag-0009,anchor-02,-98.24,21.76,True,1.0085908980044946,GRAZING,,,SIMULATED
90.0,tag-0009,anchor-03,,,False,1.0085908980044946,GRAZING,,,SIMULATED
90.0,tag-0009,anchor-04,-107.99,12.01,True,1.0085908980044946,GRAZING,,,SIMULATED
90.0,tag-0009,anchor-05,-77.8,42.2,True,1.0085908980044946,GRAZING,,,SIMULATED
90.0,tag-0009,anchor-06,-96.22,23.78,True,1.0085908980044946,GRAZING,,,SIMULATED
90.0,tag-0009,anchor-07,-103.31,16.69,True,1.0085908980044946,GRAZING,,,SIMULATED
90.0,tag-0009,anchor-08,-101.02,18.98,True,1.0085908980044946,GRAZING,,,SIMULATED
90.0,tag-0010,anchor-01,,,False,1.0000125921471061,GRAZING,,,SIMULATED
90.0,tag-0010,anchor-02,-101.05,18.95,True,1.0000125921471061,GRAZING,,,SIMULATED
90.0,tag-0010,anchor-03,,,False,1.0000125921471061,GRAZING,,,SIMULATED
90.0,tag-0010,anchor-04,-106.07,13.93,True,1.0000125921471061,GRAZING,,,SIMULATED
90.0,tag-0010,anchor-05,-77.84,42.16,True,1.0000125921471061,GRAZING,,,SIMULATED
90.0,tag-0010,anchor-06,-96.91,23.09,True,1.0000125921471061,GRAZING,,,SIMULATED
90.0,tag-0010,anchor-07,-96.5,23.5,True,1.0000125921471061,GRAZING,,,SIMULATED
90.0,tag-0010,anchor-08,-103.24,16.76,True,1.0000125921471061,GRAZING,,,SIMULATED
90.0,tag-0011,anchor-01,-84.28,35.72,True,1.011459735828069,GRAZING,,,SIMULATED
90.0,tag-0011,anchor-02,-97.65,22.35,True,1.011459735828069,GRAZING,,,SIMULATED
90.0,tag-0011,anchor-03,,,False,1.011459735828069,GRAZING,,,SIMULATED
90.0,tag-0011,anchor-04,-109.99,10.01,True,1.011459735828069,GRAZING,,,SIMULATED
90.0,tag-0011,anchor-05,-83.03,36.97,True,1.011459735828069,GRAZING,,,SIMULATED
90.0,tag-0011,anchor-06,-100.06,19.94,True,1.011459735828069,GRAZING,,,SIMULATED
90.0,tag-0011,anchor-07,-121.93,-1.93,True,1.011459735828069,GRAZING,,,SIMULATED
90.0,tag-0011,anchor-08,-99.17,20.83,True,1.011459735828069,GRAZING,,,SIMULATED
90.0,tag-0012,anchor-01,-91.07,28.93,True,1.0084881719371053,GRAZING,,,SIMULATED
90.0,tag-0012,anchor-02,-101.41,18.59,True,1.0084881719371053,GRAZING,,,SIMULATED
90.0,tag-0012,anchor-03,,,False,1.0084881719371053,GRAZING,,,SIMULATED
90.0,tag-0012,anchor-04,-104.69,15.31,True,1.0084881719371053,GRAZING,,,SIMULATED
90.0,tag-0012,anchor-05,-92.13,27.87,True,1.0084881719371053,GRAZING,,,SIMULATED
90.0,tag-0012,anchor-06,-100.79,19.21,True,1.0084881719371053,GRAZING,,,SIMULATED
90.0,tag-0012,anchor-07,-122.24,-2.24,True,1.0084881719371053,GRAZING,,,SIMULATED
90.0,tag-0012,anchor-08,-96.22,23.78,True,1.0084881719371053,GRAZING,,,SIMULATED
90.0,tag-0013,anchor-01,-98.1,21.9,True,1.0301594829454759,GRAZING,,,SIMULATED
90.0,tag-0013,anchor-02,-93.41,26.59,True,1.0301594829454759,GRAZING,,,SIMULATED
90.0,tag-0013,anchor-03,-126.61,-6.61,True,1.0301594829454759,GRAZING,,,SIMULATED
90.0,tag-0013,anchor-04,-107.9,12.1,True,1.0301594829454759,GRAZING,,,SIMULATED
90.0,tag-0013,anchor-05,-87.8,32.2,True,1.0301594829454759,GRAZING,,,SIMULATED
90.0,tag-0013,anchor-06,,,False,1.0301594829454759,GRAZING,,,SIMULATED
90.0,tag-0013,anchor-07,-96.56,23.44,True,1.0301594829454759,GRAZING,,,SIMULATED
90.0,tag-0013,anchor-08,-92.74,27.26,True,1.0301594829454759,GRAZING,,,SIMULATED
90.0,tag-0014,anchor-01,-99.11,20.89,True,1.0048741395515908,GRAZING,,,SIMULATED
90.0,tag-0014,anchor-02,-89.5,30.5,True,1.0048741395515908,GRAZING,,,SIMULATED
90.0,tag-0014,anchor-03,,,False,1.0048741395515908,GRAZING,,,SIMULATED
90.0,tag-0014,anchor-04,-102.35,17.65,True,1.0048741395515908,GRAZING,,,SIMULATED
90.0,tag-0014,anchor-05,-98.6,21.4,True,1.0048741395515908,GRAZING,,,SIMULATED
90.0,tag-0014,anchor-06,-103.21,16.79,True,1.0048741395515908,GRAZING,,,SIMULATED
90.0,tag-0014,anchor-07,-92.34,27.66,True,1.0048741395515908,GRAZING,,,SIMULATED
90.0,tag-0014,anchor-08,-84.63,35.37,True,1.0048741395515908,GRAZING,,,SIMULATED
90.0,tag-0015,anchor-01,-93.35,26.65,True,1.0,GRAZING,,,SIMULATED
90.0,tag-0015,anchor-02,-95.2,24.8,True,1.0,GRAZING,,,SIMULATED
90.0,tag-0015,anchor-03,-126.9,-6.9,True,1.0,GRAZING,,,SIMULATED
90.0,tag-0015,anchor-04,-106.22,13.78,True,1.0,GRAZING,,,SIMULATED
90.0,tag-0015,anchor-05,-83.81,36.19,True,1.0,GRAZING,,,SIMULATED
90.0,tag-0015,anchor-06,-104.45,15.55,True,1.0,GRAZING,,,SIMULATED
90.0,tag-0015,anchor-07,-120.2,-0.2,True,1.0,GRAZING,,,SIMULATED
90.0,tag-0015,anchor-08,-92.43,27.57,True,1.0,GRAZING,,,SIMULATED
90.0,tag-0016,anchor-01,-89.6,30.4,True,1.0,GRAZING,,,SIMULATED
90.0,tag-0016,anchor-02,-94.64,25.36,True,1.0,GRAZING,,,SIMULATED
90.0,tag-0016,anchor-03,,,False,1.0,GRAZING,,,SIMULATED
90.0,tag-0016,anchor-04,,,False,1.0,GRAZING,,,SIMULATED
90.0,tag-0016,anchor-05,-79.18,40.82,True,1.0,GRAZING,,,SIMULATED
90.0,tag-0016,anchor-06,-104.25,15.75,True,1.0,GRAZING,,,SIMULATED
90.0,tag-0016,anchor-07,-120.01,-0.01,True,1.0,GRAZING,,,SIMULATED
90.0,tag-0016,anchor-08,-109.04,10.96,True,1.0,GRAZING,,,SIMULATED
90.0,tag-0017,anchor-01,-91.62,28.38,True,1.0,GRAZING,,,SIMULATED
90.0,tag-0017,anchor-02,-89.25,30.75,True,1.0,GRAZING,,,SIMULATED
90.0,tag-0017,anchor-03,-124.49,-4.49,True,1.0,GRAZING,,,SIMULATED
90.0,tag-0017,anchor-04,-110.55,9.45,True,1.0,GRAZING,,,SIMULATED
90.0,tag-0017,anchor-05,-86.29,33.71,True,1.0,GRAZING,,,SIMULATED
90.0,tag-0017,anchor-06,-104.98,15.02,True,1.0,GRAZING,,,SIMULATED
90.0,tag-0017,anchor-07,-113.64,6.36,True,1.0,GRAZING,,,SIMULATED
90.0,tag-0017,anchor-08,-102.69,17.31,True,1.0,GRAZING,,,SIMULATED
90.0,tag-0018,anchor-01,-94.74,25.26,True,1.0138567690663727,GRAZING,,,SIMULATED
90.0,tag-0018,anchor-02,-89.98,30.02,True,1.0138567690663727,GRAZING,,,SIMULATED
90.0,tag-0018,anchor-03,-126.31,-6.31,True,1.0138567690663727,GRAZING,,,SIMULATED
90.0,tag-0018,anchor-04,-102.66,17.34,True,1.0138567690663727,GRAZING,,,SIMULATED
90.0,tag-0018,anchor-05,-92.67,27.33,True,1.0138567690663727,GRAZING,,,SIMULATED
90.0,tag-0018,anchor-06,-98.23,21.77,True,1.0138567690663727,GRAZING,,,SIMULATED
90.0,tag-0018,anchor-07,-115.4,4.6,True,1.0138567690663727,GRAZING,,,SIMULATED
90.0,tag-0018,anchor-08,-96.94,23.06,True,1.0138567690663727,GRAZING,,,SIMULATED
90.0,tag-0019,anchor-01,-95.86,24.14,True,1.0,GRAZING,,,SIMULATED
90.0,tag-0019,anchor-02,-88.99,31.01,True,1.0,GRAZING,,,SIMULATED
90.0,tag-0019,anchor-03,,,False,1.0,GRAZING,,,SIMULATED
90.0,tag-0019,anchor-04,-99.6,20.4,True,1.0,GRAZING,,,SIMULATED
90.0,tag-0019,anchor-05,-84.23,35.77,True,1.0,GRAZING,,,SIMULATED
90.0,tag-0019,anchor-06,-94.96,25.04,True,1.0,GRAZING,,,SIMULATED
90.0,tag-0019,anchor-07,-122.76,-2.76,True,1.0,GRAZING,,,SIMULATED
90.0,tag-0019,anchor-08,-98.21,21.79,True,1.0,GRAZING,,,SIMULATED
90.0,tag-0020,anchor-01,-80.96,39.04,True,1.0057873898808576,GRAZING,,,SIMULATED
90.0,tag-0020,anchor-02,,,False,1.0057873898808576,GRAZING,,,SIMULATED
90.0,tag-0020,anchor-03,-123.15,-3.15,True,1.0057873898808576,GRAZING,,,SIMULATED
90.0,tag-0020,anchor-04,-103.8,16.2,True,1.0057873898808576,GRAZING,,,SIMULATED
90.0,tag-0020,anchor-05,-75.84,44.16,True,1.0057873898808576,GRAZING,,,SIMULATED
90.0,tag-0020,anchor-06,-105.43,14.57,True,1.0057873898808576,GRAZING,,,SIMULATED
90.0,tag-0020,anchor-07,-95.82,24.18,True,1.0057873898808576,GRAZING,,,SIMULATED
90.0,tag-0020,anchor-08,-98.31,21.69,True,1.0057873898808576,GRAZING,,,SIMULATED
120.0,tag-0001,anchor-01,-79.02,40.98,True,1.027559519164742,GRAZING,,,SIMULATED
120.0,tag-0001,anchor-02,-91.07,28.93,True,1.027559519164742,GRAZING,,,SIMULATED
120.0,tag-0001,anchor-03,,,False,1.027559519164742,GRAZING,,,SIMULATED
120.0,tag-0001,anchor-04,-110.13,9.87,True,1.027559519164742,GRAZING,,,SIMULATED
120.0,tag-0001,anchor-05,-85.08,34.92,True,1.027559519164742,GRAZING,,,SIMULATED
120.0,tag-0001,anchor-06,-100.28,19.72,True,1.027559519164742,GRAZING,,,SIMULATED
120.0,tag-0001,anchor-07,-125.97,-5.97,True,1.027559519164742,GRAZING,,,SIMULATED
120.0,tag-0001,anchor-08,-96.84,23.16,True,1.027559519164742,GRAZING,,,SIMULATED
120.0,tag-0002,anchor-01,-88.33,31.67,True,1.0,GRAZING,,,SIMULATED
120.0,tag-0002,anchor-02,,,False,1.0,GRAZING,,,SIMULATED
120.0,tag-0002,anchor-03,-123.89,-3.89,True,1.0,GRAZING,,,SIMULATED
120.0,tag-0002,anchor-04,-110.38,9.62,True,1.0,GRAZING,,,SIMULATED
120.0,tag-0002,anchor-05,-81.77,38.23,True,1.0,GRAZING,,,SIMULATED
120.0,tag-0002,anchor-06,-96.56,23.44,True,1.0,GRAZING,,,SIMULATED
120.0,tag-0002,anchor-07,-118.92,1.08,True,1.0,GRAZING,,,SIMULATED
120.0,tag-0002,anchor-08,-99.81,20.19,True,1.0,GRAZING,,,SIMULATED
120.0,tag-0003,anchor-01,-82.17,37.83,True,1.0,GRAZING,,,SIMULATED
120.0,tag-0003,anchor-02,-100.51,19.49,True,1.0,GRAZING,,,SIMULATED
120.0,tag-0003,anchor-03,,,False,1.0,GRAZING,,,SIMULATED
120.0,tag-0003,anchor-04,-112.02,7.98,True,1.0,GRAZING,,,SIMULATED
120.0,tag-0003,anchor-05,-76.56,43.44,True,1.0,GRAZING,,,SIMULATED
120.0,tag-0003,anchor-06,-105.42,14.58,True,1.0,GRAZING,,,SIMULATED
120.0,tag-0003,anchor-07,-112.47,7.53,True,1.0,GRAZING,,,SIMULATED
120.0,tag-0003,anchor-08,-108.64,11.36,True,1.0,GRAZING,,,SIMULATED
120.0,tag-0004,anchor-01,-90.15,29.85,True,1.0036584552535495,GRAZING,,,SIMULATED
120.0,tag-0004,anchor-02,-89.96,30.04,True,1.0036584552535495,GRAZING,,,SIMULATED
120.0,tag-0004,anchor-03,,,False,1.0036584552535495,GRAZING,,,SIMULATED
120.0,tag-0004,anchor-04,-105.21,14.79,True,1.0036584552535495,GRAZING,,,SIMULATED
120.0,tag-0004,anchor-05,-86.22,33.78,True,1.0036584552535495,GRAZING,,,SIMULATED
120.0,tag-0004,anchor-06,-93.97,26.03,True,1.0036584552535495,GRAZING,,,SIMULATED
120.0,tag-0004,anchor-07,-118.32,1.68,True,1.0036584552535495,GRAZING,,,SIMULATED
120.0,tag-0004,anchor-08,,,False,1.0036584552535495,GRAZING,,,SIMULATED
120.0,tag-0005,anchor-01,-95.61,24.39,True,1.005975030916262,GRAZING,,,SIMULATED
120.0,tag-0005,anchor-02,,,False,1.005975030916262,GRAZING,,,SIMULATED
120.0,tag-0005,anchor-03,-126.51,-6.51,True,1.005975030916262,GRAZING,,,SIMULATED
120.0,tag-0005,anchor-04,-107.7,12.3,True,1.005975030916262,GRAZING,,,SIMULATED
120.0,tag-0005,anchor-05,-81.5,38.5,True,1.005975030916262,GRAZING,,,SIMULATED
120.0,tag-0005,anchor-06,-93.56,26.44,True,1.005975030916262,GRAZING,,,SIMULATED
120.0,tag-0005,anchor-07,-121.74,-1.74,True,1.005975030916262,GRAZING,,,SIMULATED
120.0,tag-0005,anchor-08,-99.83,20.17,True,1.005975030916262,GRAZING,,,SIMULATED
120.0,tag-0006,anchor-01,,,False,1.003578599932916,GRAZING,,,SIMULATED
120.0,tag-0006,anchor-02,-96.38,23.62,True,1.003578599932916,GRAZING,,,SIMULATED
120.0,tag-0006,anchor-03,-117.05,2.95,True,1.003578599932916,GRAZING,,,SIMULATED
120.0,tag-0006,anchor-04,-108.82,11.18,True,1.003578599932916,GRAZING,,,SIMULATED
120.0,tag-0006,anchor-05,-78.48,41.52,True,1.003578599932916,GRAZING,,,SIMULATED
120.0,tag-0006,anchor-06,-108.51,11.49,True,1.003578599932916,GRAZING,,,SIMULATED
120.0,tag-0006,anchor-07,-118.9,1.1,True,1.003578599932916,GRAZING,,,SIMULATED
120.0,tag-0006,anchor-08,-96.08,23.92,True,1.003578599932916,GRAZING,,,SIMULATED
120.0,tag-0007,anchor-01,-91.16,28.84,True,1.0,GRAZING,,,SIMULATED
120.0,tag-0007,anchor-02,-96.43,23.57,True,1.0,GRAZING,,,SIMULATED
120.0,tag-0007,anchor-03,,,False,1.0,GRAZING,,,SIMULATED
120.0,tag-0007,anchor-04,-101.54,18.46,True,1.0,GRAZING,,,SIMULATED
120.0,tag-0007,anchor-05,-83.31,36.69,True,1.0,GRAZING,,,SIMULATED
120.0,tag-0007,anchor-06,-104.62,15.38,True,1.0,GRAZING,,,SIMULATED
120.0,tag-0007,anchor-07,-112.25,7.75,True,1.0,GRAZING,,,SIMULATED
120.0,tag-0007,anchor-08,-101.11,18.89,True,1.0,GRAZING,,,SIMULATED
120.0,tag-0008,anchor-01,,,False,1.0098271928999372,GRAZING,,,SIMULATED
120.0,tag-0008,anchor-02,-100.08,19.92,True,1.0098271928999372,GRAZING,,,SIMULATED
120.0,tag-0008,anchor-03,,,False,1.0098271928999372,GRAZING,,,SIMULATED
120.0,tag-0008,anchor-04,,,False,1.0098271928999372,GRAZING,,,SIMULATED
120.0,tag-0008,anchor-05,-86.89,33.11,True,1.0098271928999372,GRAZING,,,SIMULATED
120.0,tag-0008,anchor-06,,,False,1.0098271928999372,GRAZING,,,SIMULATED
120.0,tag-0008,anchor-07,-118.73,1.27,True,1.0098271928999372,GRAZING,,,SIMULATED
120.0,tag-0008,anchor-08,-97.66,22.34,True,1.0098271928999372,GRAZING,,,SIMULATED
120.0,tag-0009,anchor-01,-91.19,28.81,True,1.004231950989299,GRAZING,,,SIMULATED
120.0,tag-0009,anchor-02,-94.55,25.45,True,1.004231950989299,GRAZING,,,SIMULATED
120.0,tag-0009,anchor-03,,,False,1.004231950989299,GRAZING,,,SIMULATED
120.0,tag-0009,anchor-04,-109.14,10.86,True,1.004231950989299,GRAZING,,,SIMULATED
120.0,tag-0009,anchor-05,-81.3,38.7,True,1.004231950989299,GRAZING,,,SIMULATED
120.0,tag-0009,anchor-06,-93.91,26.09,True,1.004231950989299,GRAZING,,,SIMULATED
120.0,tag-0009,anchor-07,-101.93,18.07,True,1.004231950989299,GRAZING,,,SIMULATED
120.0,tag-0009,anchor-08,-103.04,16.96,True,1.004231950989299,GRAZING,,,SIMULATED
120.0,tag-0010,anchor-01,-92.62,27.38,True,1.0,GRAZING,,,SIMULATED
120.0,tag-0010,anchor-02,-96.19,23.81,True,1.0,GRAZING,,,SIMULATED
120.0,tag-0010,anchor-03,-126.29,-6.29,True,1.0,GRAZING,,,SIMULATED
120.0,tag-0010,anchor-04,-107.07,12.93,True,1.0,GRAZING,,,SIMULATED
120.0,tag-0010,anchor-05,-76.94,43.06,True,1.0,GRAZING,,,SIMULATED
120.0,tag-0010,anchor-06,-97.44,22.56,True,1.0,GRAZING,,,SIMULATED
120.0,tag-0010,anchor-07,-94.25,25.75,True,1.0,GRAZING,,,SIMULATED
120.0,tag-0010,anchor-08,-98.43,21.57,True,1.0,GRAZING,,,SIMULATED
120.0,tag-0011,anchor-01,-82.06,37.94,True,1.0364508081275012,GRAZING,,,SIMULATED
120.0,tag-0011,anchor-02,-100.53,19.47,True,1.0364508081275012,GRAZING,,,SIMULATED
120.0,tag-0011,anchor-03,,,False,1.0364508081275012,GRAZING,,,SIMULATED
120.0,tag-0011,anchor-04,-117.89,2.11,True,1.0364508081275012,GRAZING,,,SIMULATED
120.0,tag-0011,anchor-05,-84.95,35.05,True,1.0364508081275012,GRAZING,,,SIMULATED
120.0,tag-0011,anchor-06,-102.98,17.02,True,1.0364508081275012,GRAZING,,,SIMULATED
120.0,tag-0011,anchor-07,-124.76,-4.76,True,1.0364508081275012,GRAZING,,,SIMULATED
120.0,tag-0011,anchor-08,-98.09,21.91,True,1.0364508081275012,GRAZING,,,SIMULATED
120.0,tag-0012,anchor-01,-92.74,27.26,True,1.0053269929357733,GRAZING,,,SIMULATED
120.0,tag-0012,anchor-02,-106.83,13.17,True,1.0053269929357733,GRAZING,,,SIMULATED
120.0,tag-0012,anchor-03,,,False,1.0053269929357733,GRAZING,,,SIMULATED
120.0,tag-0012,anchor-04,-107.45,12.55,True,1.0053269929357733,GRAZING,,,SIMULATED
120.0,tag-0012,anchor-05,-89.24,30.76,True,1.0053269929357733,GRAZING,,,SIMULATED
120.0,tag-0012,anchor-06,-102.16,17.84,True,1.0053269929357733,GRAZING,,,SIMULATED
120.0,tag-0012,anchor-07,-123.01,-3.01,True,1.0053269929357733,GRAZING,,,SIMULATED
120.0,tag-0012,anchor-08,-97.7,22.3,True,1.0053269929357733,GRAZING,,,SIMULATED
120.0,tag-0013,anchor-01,-101.97,18.03,True,1.0,GRAZING,,,SIMULATED
120.0,tag-0013,anchor-02,-94.67,25.33,True,1.0,GRAZING,,,SIMULATED
120.0,tag-0013,anchor-03,-123.32,-3.32,True,1.0,GRAZING,,,SIMULATED
120.0,tag-0013,anchor-04,-109.46,10.54,True,1.0,GRAZING,,,SIMULATED
120.0,tag-0013,anchor-05,-88.71,31.29,True,1.0,GRAZING,,,SIMULATED
120.0,tag-0013,anchor-06,-94.64,25.36,True,1.0,GRAZING,,,SIMULATED
120.0,tag-0013,anchor-07,-103.0,17.0,True,1.0,GRAZING,,,SIMULATED
120.0,tag-0013,anchor-08,-95.82,24.18,True,1.0,GRAZING,,,SIMULATED
120.0,tag-0014,anchor-01,-98.32,21.68,True,1.0,GRAZING,,,SIMULATED
120.0,tag-0014,anchor-02,-89.46,30.54,True,1.0,GRAZING,,,SIMULATED
120.0,tag-0014,anchor-03,,,False,1.0,GRAZING,,,SIMULATED
120.0,tag-0014,anchor-04,-101.75,18.25,True,1.0,GRAZING,,,SIMULATED
120.0,tag-0014,anchor-05,-94.38,25.62,True,1.0,GRAZING,,,SIMULATED
120.0,tag-0014,anchor-06,-99.08,20.92,True,1.0,GRAZING,,,SIMULATED
120.0,tag-0014,anchor-07,-97.42,22.58,True,1.0,GRAZING,,,SIMULATED
120.0,tag-0014,anchor-08,-90.51,29.49,True,1.0,GRAZING,,,SIMULATED
120.0,tag-0015,anchor-01,-88.96,31.04,True,1.0,GRAZING,,,SIMULATED
120.0,tag-0015,anchor-02,-95.77,24.23,True,1.0,GRAZING,,,SIMULATED
120.0,tag-0015,anchor-03,,,False,1.0,GRAZING,,,SIMULATED
120.0,tag-0015,anchor-04,-104.07,15.93,True,1.0,GRAZING,,,SIMULATED
120.0,tag-0015,anchor-05,-85.91,34.09,True,1.0,GRAZING,,,SIMULATED
120.0,tag-0015,anchor-06,-97.95,22.05,True,1.0,GRAZING,,,SIMULATED
120.0,tag-0015,anchor-07,-121.7,-1.7,True,1.0,GRAZING,,,SIMULATED
120.0,tag-0015,anchor-08,-92.77,27.23,True,1.0,GRAZING,,,SIMULATED
120.0,tag-0016,anchor-01,,,False,1.0,GRAZING,,,SIMULATED
120.0,tag-0016,anchor-02,-99.33,20.67,True,1.0,GRAZING,,,SIMULATED
120.0,tag-0016,anchor-03,,,False,1.0,GRAZING,,,SIMULATED
120.0,tag-0016,anchor-04,-110.6,9.4,True,1.0,GRAZING,,,SIMULATED
120.0,tag-0016,anchor-05,-82.75,37.25,True,1.0,GRAZING,,,SIMULATED
120.0,tag-0016,anchor-06,-103.59,16.41,True,1.0,GRAZING,,,SIMULATED
120.0,tag-0016,anchor-07,-117.98,2.02,True,1.0,GRAZING,,,SIMULATED
120.0,tag-0016,anchor-08,-102.44,17.56,True,1.0,GRAZING,,,SIMULATED
120.0,tag-0017,anchor-01,-93.33,26.67,True,1.0,GRAZING,,,SIMULATED
120.0,tag-0017,anchor-02,-87.22,32.78,True,1.0,GRAZING,,,SIMULATED
120.0,tag-0017,anchor-03,,,False,1.0,GRAZING,,,SIMULATED
120.0,tag-0017,anchor-04,-111.83,8.17,True,1.0,GRAZING,,,SIMULATED
120.0,tag-0017,anchor-05,-89.96,30.04,True,1.0,GRAZING,,,SIMULATED
120.0,tag-0017,anchor-06,-103.85,16.15,True,1.0,GRAZING,,,SIMULATED
120.0,tag-0017,anchor-07,-125.28,-5.28,True,1.0,GRAZING,,,SIMULATED
120.0,tag-0017,anchor-08,-109.28,10.72,True,1.0,GRAZING,,,SIMULATED
120.0,tag-0018,anchor-01,-94.39,25.61,True,1.0,GRAZING,,,SIMULATED
120.0,tag-0018,anchor-02,-87.73,32.27,True,1.0,GRAZING,,,SIMULATED
120.0,tag-0018,anchor-03,-122.06,-2.06,True,1.0,GRAZING,,,SIMULATED
120.0,tag-0018,anchor-04,-108.59,11.41,True,1.0,GRAZING,,,SIMULATED
120.0,tag-0018,anchor-05,-89.71,30.29,True,1.0,GRAZING,,,SIMULATED
120.0,tag-0018,anchor-06,-94.5,25.5,True,1.0,GRAZING,,,SIMULATED
120.0,tag-0018,anchor-07,-119.05,0.95,True,1.0,GRAZING,,,SIMULATED
120.0,tag-0018,anchor-08,-97.54,22.46,True,1.0,GRAZING,,,SIMULATED
120.0,tag-0019,anchor-01,-89.97,30.03,True,1.0151285426207561,GRAZING,,,SIMULATED
120.0,tag-0019,anchor-02,-83.79,36.21,True,1.0151285426207561,GRAZING,,,SIMULATED
120.0,tag-0019,anchor-03,,,False,1.0151285426207561,GRAZING,,,SIMULATED
120.0,tag-0019,anchor-04,-98.12,21.88,True,1.0151285426207561,GRAZING,,,SIMULATED
120.0,tag-0019,anchor-05,-70.05,49.95,True,1.0151285426207561,GRAZING,,,SIMULATED
120.0,tag-0019,anchor-06,-91.88,28.12,True,1.0151285426207561,GRAZING,,,SIMULATED
120.0,tag-0019,anchor-07,-123.9,-3.9,True,1.0151285426207561,GRAZING,,,SIMULATED
120.0,tag-0019,anchor-08,-95.59,24.41,True,1.0151285426207561,GRAZING,,,SIMULATED
120.0,tag-0020,anchor-01,-83.95,36.05,True,1.0,GRAZING,,,SIMULATED
120.0,tag-0020,anchor-02,-95.81,24.19,True,1.0,GRAZING,,,SIMULATED
120.0,tag-0020,anchor-03,-126.1,-6.1,True,1.0,GRAZING,,,SIMULATED
120.0,tag-0020,anchor-04,-105.62,14.38,True,1.0,GRAZING,,,SIMULATED
120.0,tag-0020,anchor-05,-81.75,38.25,True,1.0,GRAZING,,,SIMULATED
120.0,tag-0020,anchor-06,-100.38,19.62,True,1.0,GRAZING,,,SIMULATED
120.0,tag-0020,anchor-07,-95.57,24.43,True,1.0,GRAZING,,,SIMULATED
120.0,tag-0020,anchor-08,-96.14,23.86,True,1.0,GRAZING,,,SIMULATED
150.0,tag-0001,anchor-01,-83.97,36.03,True,1.0,GRAZING,,,SIMULATED
150.0,tag-0001,anchor-02,-89.13,30.87,True,1.0,GRAZING,,,SIMULATED
150.0,tag-0001,anchor-03,,,False,1.0,GRAZING,,,SIMULATED
150.0,tag-0001,anchor-04,-105.34,14.66,True,1.0,GRAZING,,,SIMULATED
150.0,tag-0001,anchor-05,,,False,1.0,GRAZING,,,SIMULATED
150.0,tag-0001,anchor-06,-100.91,19.09,True,1.0,GRAZING,,,SIMULATED
150.0,tag-0001,anchor-07,-121.72,-1.72,True,1.0,GRAZING,,,SIMULATED
150.0,tag-0001,anchor-08,-93.73,26.27,True,1.0,GRAZING,,,SIMULATED
150.0,tag-0002,anchor-01,-96.86,23.14,True,1.0143025806067172,GRAZING,,,SIMULATED
150.0,tag-0002,anchor-02,,,False,1.0143025806067172,GRAZING,,,SIMULATED
150.0,tag-0002,anchor-03,-126.0,-6.0,True,1.0143025806067172,GRAZING,,,SIMULATED
150.0,tag-0002,anchor-04,-102.47,17.53,True,1.0143025806067172,GRAZING,,,SIMULATED
150.0,tag-0002,anchor-05,-80.08,39.92,True,1.0143025806067172,GRAZING,,,SIMULATED
150.0,tag-0002,anchor-06,-99.5,20.5,True,1.0143025806067172,GRAZING,,,SIMULATED
150.0,tag-0002,anchor-07,-120.27,-0.27,True,1.0143025806067172,GRAZING,,,SIMULATED
150.0,tag-0002,anchor-08,-101.76,18.24,True,1.0143025806067172,GRAZING,,,SIMULATED
150.0,tag-0003,anchor-01,-80.96,39.04,True,1.0128426514878972,GRAZING,,,SIMULATED
150.0,tag-0003,anchor-02,-101.46,18.54,True,1.0128426514878972,GRAZING,,,SIMULATED
150.0,tag-0003,anchor-03,,,False,1.0128426514878972,GRAZING,,,SIMULATED
150.0,tag-0003,anchor-04,-110.35,9.65,True,1.0128426514878972,GRAZING,,,SIMULATED
150.0,tag-0003,anchor-05,,,False,1.0128426514878972,GRAZING,,,SIMULATED
150.0,tag-0003,anchor-06,-104.36,15.64,True,1.0128426514878972,GRAZING,,,SIMULATED
150.0,tag-0003,anchor-07,-119.77,0.23,True,1.0128426514878972,GRAZING,,,SIMULATED
150.0,tag-0003,anchor-08,-105.79,14.21,True,1.0128426514878972,GRAZING,,,SIMULATED
150.0,tag-0004,anchor-01,-94.36,25.64,True,1.0223657799495198,GRAZING,,,SIMULATED
150.0,tag-0004,anchor-02,-91.87,28.13,True,1.0223657799495198,GRAZING,,,SIMULATED
150.0,tag-0004,anchor-03,,,False,1.0223657799495198,GRAZING,,,SIMULATED
150.0,tag-0004,anchor-04,-105.56,14.44,True,1.0223657799495198,GRAZING,,,SIMULATED
150.0,tag-0004,anchor-05,-84.48,35.52,True,1.0223657799495198,GRAZING,,,SIMULATED
150.0,tag-0004,anchor-06,-98.49,21.51,True,1.0223657799495198,GRAZING,,,SIMULATED
150.0,tag-0004,anchor-07,-118.58,1.42,True,1.0223657799495198,GRAZING,,,SIMULATED
150.0,tag-0004,anchor-08,-102.54,17.46,True,1.0223657799495198,GRAZING,,,SIMULATED
150.0,tag-0005,anchor-01,-93.37,26.63,True,1.0,GRAZING,,,SIMULATED
150.0,tag-0005,anchor-02,-93.0,27.0,True,1.0,GRAZING,,,SIMULATED
150.0,tag-0005,anchor-03,,,False,1.0,GRAZING,,,SIMULATED
150.0,tag-0005,anchor-04,-108.62,11.38,True,1.0,GRAZING,,,SIMULATED
150.0,tag-0005,anchor-05,-81.21,38.79,True,1.0,GRAZING,,,SIMULATED
150.0,tag-0005,anchor-06,-91.99,28.01,True,1.0,GRAZING,,,SIMULATED
150.0,tag-0005,anchor-07,-121.85,-1.85,True,1.0,GRAZING,,,SIMULATED
150.0,tag-0005,anchor-08,-98.7,21.3,True,1.0,GRAZING,,,SIMULATED
150.0,tag-0006,anchor-01,-88.78,31.22,True,1.0,GRAZING,,,SIMULATED
150.0,tag-0006,anchor-02,-90.76,29.24,True,1.0,GRAZING,,,SIMULATED
150.0,tag-0006,anchor-03,-123.58,-3.58,True,1.0,GRAZING,,,SIMULATED
150.0,tag-0006,anchor-04,-109.18,10.82,True,1.0,GRAZING,,,SIMULATED
150.0,tag-0006,anchor-05,-75.24,44.76,True,1.0,GRAZING,,,SIMULATED
150.0,tag-0006,anchor-06,-112.37,7.63,True,1.0,GRAZING,,,SIMULATED
150.0,tag-0006,anchor-07,-121.44,-1.44,True,1.0,GRAZING,,,SIMULATED
150.0,tag-0006,anchor-08,-95.5,24.5,True,1.0,GRAZING,,,SIMULATED
150.0,tag-0007,anchor-01,-86.74,33.26,True,1.0,GRAZING,,,SIMULATED
150.0,tag-0007,anchor-02,-88.07,31.93,True,1.0,GRAZING,,,SIMULATED
150.0,tag-0007,anchor-03,,,False,1.0,GRAZING,,,SIMULATED
150.0,tag-0007,anchor-04,-105.45,14.55,True,1.0,GRAZING,,,SIMULATED
150.0,tag-0007,anchor-05,-81.48,38.52,True,1.0,GRAZING,,,SIMULATED
150.0,tag-0007,anchor-06,-98.79,21.21,True,1.0,GRAZING,,,SIMULATED
150.0,tag-0007,anchor-07,-114.32,5.68,True,1.0,GRAZING,,,SIMULATED
150.0,tag-0007,anchor-08,-101.87,18.13,True,1.0,GRAZING,,,SIMULATED
150.0,tag-0008,anchor-01,-96.81,23.19,True,1.0093493476891329,GRAZING,,,SIMULATED
150.0,tag-0008,anchor-02,-93.1,26.9,True,1.0093493476891329,GRAZING,,,SIMULATED
150.0,tag-0008,anchor-03,,,False,1.0093493476891329,GRAZING,,,SIMULATED
150.0,tag-0008,anchor-04,-108.97,11.03,True,1.0093493476891329,GRAZING,,,SIMULATED
150.0,tag-0008,anchor-05,,,False,1.0093493476891329,GRAZING,,,SIMULATED
150.0,tag-0008,anchor-06,-102.17,17.83,True,1.0093493476891329,GRAZING,,,SIMULATED
150.0,tag-0008,anchor-07,-114.63,5.37,True,1.0093493476891329,GRAZING,,,SIMULATED
150.0,tag-0008,anchor-08,-87.89,32.11,True,1.0093493476891329,GRAZING,,,SIMULATED
150.0,tag-0009,anchor-01,-94.74,25.26,True,1.016376812558051,GRAZING,,,SIMULATED
150.0,tag-0009,anchor-02,-99.39,20.61,True,1.016376812558051,GRAZING,,,SIMULATED
150.0,tag-0009,anchor-03,,,False,1.016376812558051,GRAZING,,,SIMULATED
150.0,tag-0009,anchor-04,-110.87,9.13,True,1.016376812558051,GRAZING,,,SIMULATED
150.0,tag-0009,anchor-05,,,False,1.016376812558051,GRAZING,,,SIMULATED
150.0,tag-0009,anchor-06,-95.79,24.21,True,1.016376812558051,GRAZING,,,SIMULATED
150.0,tag-0009,anchor-07,-99.52,20.48,True,1.016376812558051,GRAZING,,,SIMULATED
150.0,tag-0009,anchor-08,-100.74,19.26,True,1.016376812558051,GRAZING,,,SIMULATED
150.0,tag-0010,anchor-01,-94.28,25.72,True,1.0,GRAZING,,,SIMULATED
150.0,tag-0010,anchor-02,-93.79,26.21,True,1.0,GRAZING,,,SIMULATED
150.0,tag-0010,anchor-03,,,False,1.0,GRAZING,,,SIMULATED
150.0,tag-0010,anchor-04,-95.98,24.02,True,1.0,GRAZING,,,SIMULATED
150.0,tag-0010,anchor-05,-76.03,43.97,True,1.0,GRAZING,,,SIMULATED
150.0,tag-0010,anchor-06,-101.72,18.28,True,1.0,GRAZING,,,SIMULATED
150.0,tag-0010,anchor-07,-93.34,26.66,True,1.0,GRAZING,,,SIMULATED
150.0,tag-0010,anchor-08,-102.09,17.91,True,1.0,GRAZING,,,SIMULATED
150.0,tag-0011,anchor-01,-84.99,35.01,True,1.016330189354047,GRAZING,,,SIMULATED
150.0,tag-0011,anchor-02,-101.24,18.76,True,1.016330189354047,GRAZING,,,SIMULATED
150.0,tag-0011,anchor-03,,,False,1.016330189354047,GRAZING,,,SIMULATED
150.0,tag-0011,anchor-04,-107.7,12.3,True,1.016330189354047,GRAZING,,,SIMULATED
150.0,tag-0011,anchor-05,-82.44,37.56,True,1.016330189354047,GRAZING,,,SIMULATED
150.0,tag-0011,anchor-06,-99.99,20.01,True,1.016330189354047,GRAZING,,,SIMULATED
150.0,tag-0011,anchor-07,-120.01,-0.01,True,1.016330189354047,GRAZING,,,SIMULATED
150.0,tag-0011,anchor-08,-99.46,20.54,True,1.016330189354047,GRAZING,,,SIMULATED
150.0,tag-0012,anchor-01,-92.34,27.66,True,1.0,GRAZING,,,SIMULATED
150.0,tag-0012,anchor-02,-101.13,18.87,True,1.0,GRAZING,,,SIMULATED
150.0,tag-0012,anchor-03,,,False,1.0,GRAZING,,,SIMULATED
150.0,tag-0012,anchor-04,-112.29,7.71,True,1.0,GRAZING,,,SIMULATED
150.0,tag-0012,anchor-05,-89.65,30.35,True,1.0,GRAZING,,,SIMULATED
150.0,tag-0012,anchor-06,-103.26,16.74,True,1.0,GRAZING,,,SIMULATED
150.0,tag-0012,anchor-07,-121.42,-1.42,True,1.0,GRAZING,,,SIMULATED
150.0,tag-0012,anchor-08,-99.25,20.75,True,1.0,GRAZING,,,SIMULATED
150.0,tag-0013,anchor-01,,,False,1.0102472481415345,GRAZING,,,SIMULATED
150.0,tag-0013,anchor-02,-92.02,27.98,True,1.0102472481415345,GRAZING,,,SIMULATED
150.0,tag-0013,anchor-03,,,False,1.0102472481415345,GRAZING,,,SIMULATED
150.0,tag-0013,anchor-04,-108.75,11.25,True,1.0102472481415345,GRAZING,,,SIMULATED
150.0,tag-0013,anchor-05,-89.63,30.37,True,1.0102472481415345,GRAZING,,,SIMULATED
150.0,tag-0013,anchor-06,-97.63,22.37,True,1.0102472481415345,GRAZING,,,SIMULATED
150.0,tag-0013,anchor-07,-100.8,19.2,True,1.0102472481415345,GRAZING,,,SIMULATED
150.0,tag-0013,anchor-08,-90.66,29.34,True,1.0102472481415345,GRAZING,,,SIMULATED
150.0,tag-0014,anchor-01,-99.75,20.25,True,1.0,GRAZING,,,SIMULATED
150.0,tag-0014,anchor-02,-92.49,27.51,True,1.0,GRAZING,,,SIMULATED
150.0,tag-0014,anchor-03,,,False,1.0,GRAZING,,,SIMULATED
150.0,tag-0014,anchor-04,-99.09,20.91,True,1.0,GRAZING,,,SIMULATED
150.0,tag-0014,anchor-05,-91.38,28.62,True,1.0,GRAZING,,,SIMULATED
150.0,tag-0014,anchor-06,-99.5,20.5,True,1.0,GRAZING,,,SIMULATED
150.0,tag-0014,anchor-07,-99.89,20.11,True,1.0,GRAZING,,,SIMULATED
150.0,tag-0014,anchor-08,-93.53,26.47,True,1.0,GRAZING,,,SIMULATED
150.0,tag-0015,anchor-01,-87.17,32.83,True,1.0026377910009567,GRAZING,,,SIMULATED
150.0,tag-0015,anchor-02,-99.38,20.62,True,1.0026377910009567,GRAZING,,,SIMULATED
150.0,tag-0015,anchor-03,,,False,1.0026377910009567,GRAZING,,,SIMULATED
150.0,tag-0015,anchor-04,-101.76,18.24,True,1.0026377910009567,GRAZING,,,SIMULATED
150.0,tag-0015,anchor-05,-89.65,30.35,True,1.0026377910009567,GRAZING,,,SIMULATED
150.0,tag-0015,anchor-06,-102.1,17.9,True,1.0026377910009567,GRAZING,,,SIMULATED
150.0,tag-0015,anchor-07,-116.14,3.86,True,1.0026377910009567,GRAZING,,,SIMULATED
150.0,tag-0015,anchor-08,-96.97,23.03,True,1.0026377910009567,GRAZING,,,SIMULATED
150.0,tag-0016,anchor-01,-84.62,35.38,True,1.0179198191551375,GRAZING,,,SIMULATED
150.0,tag-0016,anchor-02,-95.37,24.63,True,1.0179198191551375,GRAZING,,,SIMULATED
150.0,tag-0016,anchor-03,,,False,1.0179198191551375,GRAZING,,,SIMULATED
150.0,tag-0016,anchor-04,-106.35,13.65,True,1.0179198191551375,GRAZING,,,SIMULATED
150.0,tag-0016,anchor-05,-81.58,38.42,True,1.0179198191551375,GRAZING,,,SIMULATED
150.0,tag-0016,anchor-06,-106.08,13.92,True,1.0179198191551375,GRAZING,,,SIMULATED
150.0,tag-0016,anchor-07,-118.43,1.57,True,1.0179198191551375,GRAZING,,,SIMULATED
150.0,tag-0016,anchor-08,-108.04,11.96,True,1.0179198191551375,GRAZING,,,SIMULATED
150.0,tag-0017,anchor-01,-88.02,31.98,True,1.0,GRAZING,,,SIMULATED
150.0,tag-0017,anchor-02,-85.85,34.15,True,1.0,GRAZING,,,SIMULATED
150.0,tag-0017,anchor-03,,,False,1.0,GRAZING,,,SIMULATED
150.0,tag-0017,anchor-04,-108.85,11.15,True,1.0,GRAZING,,,SIMULATED
150.0,tag-0017,anchor-05,-90.67,29.33,True,1.0,GRAZING,,,SIMULATED
150.0,tag-0017,anchor-06,-104.07,15.93,True,1.0,GRAZING,,,SIMULATED
150.0,tag-0017,anchor-07,-118.5,1.5,True,1.0,GRAZING,,,SIMULATED
150.0,tag-0017,anchor-08,-105.51,14.49,True,1.0,GRAZING,,,SIMULATED
150.0,tag-0018,anchor-01,-89.19,30.81,True,1.0028665463672277,GRAZING,,,SIMULATED
150.0,tag-0018,anchor-02,-92.45,27.55,True,1.0028665463672277,GRAZING,,,SIMULATED
150.0,tag-0018,anchor-03,-125.34,-5.34,True,1.0028665463672277,GRAZING,,,SIMULATED
150.0,tag-0018,anchor-04,-105.17,14.83,True,1.0028665463672277,GRAZING,,,SIMULATED
150.0,tag-0018,anchor-05,-92.95,27.05,True,1.0028665463672277,GRAZING,,,SIMULATED
150.0,tag-0018,anchor-06,-91.3,28.7,True,1.0028665463672277,GRAZING,,,SIMULATED
150.0,tag-0018,anchor-07,-117.1,2.9,True,1.0028665463672277,GRAZING,,,SIMULATED
150.0,tag-0018,anchor-08,-97.88,22.12,True,1.0028665463672277,GRAZING,,,SIMULATED
150.0,tag-0019,anchor-01,-90.7,29.3,True,1.0119568546726676,GRAZING,,,SIMULATED
150.0,tag-0019,anchor-02,-90.22,29.78,True,1.0119568546726676,GRAZING,,,SIMULATED
150.0,tag-0019,anchor-03,-125.14,-5.14,True,1.0119568546726676,GRAZING,,,SIMULATED
150.0,tag-0019,anchor-04,-94.3,25.7,True,1.0119568546726676,GRAZING,,,SIMULATED
150.0,tag-0019,anchor-05,-74.44,45.56,True,1.0119568546726676,GRAZING,,,SIMULATED
150.0,tag-0019,anchor-06,-95.24,24.76,True,1.0119568546726676,GRAZING,,,SIMULATED
150.0,tag-0019,anchor-07,-119.62,0.38,True,1.0119568546726676,GRAZING,,,SIMULATED
150.0,tag-0019,anchor-08,-100.26,19.74,True,1.0119568546726676,GRAZING,,,SIMULATED
150.0,tag-0020,anchor-01,-80.44,39.56,True,1.0021206579272082,GRAZING,,,SIMULATED
150.0,tag-0020,anchor-02,-97.6,22.4,True,1.0021206579272082,GRAZING,,,SIMULATED
150.0,tag-0020,anchor-03,-126.44,-6.44,True,1.0021206579272082,GRAZING,,,SIMULATED
150.0,tag-0020,anchor-04,-105.3,14.7,True,1.0021206579272082,GRAZING,,,SIMULATED
150.0,tag-0020,anchor-05,-76.56,43.44,True,1.0021206579272082,GRAZING,,,SIMULATED
150.0,tag-0020,anchor-06,-107.11,12.89,True,1.0021206579272082,GRAZING,,,SIMULATED
150.0,tag-0020,anchor-07,-94.29,25.71,True,1.0021206579272082,GRAZING,,,SIMULATED
150.0,tag-0020,anchor-08,-96.0,24.0,True,1.0021206579272082,GRAZING,,,SIMULATED
180.0,tag-0001,anchor-01,,,False,1.0,GRAZING,,,SIMULATED
180.0,tag-0001,anchor-02,-93.92,26.08,True,1.0,GRAZING,,,SIMULATED
180.0,tag-0001,anchor-03,,,False,1.0,GRAZING,,,SIMULATED
180.0,tag-0001,anchor-04,-107.04,12.96,True,1.0,GRAZING,,,SIMULATED
180.0,tag-0001,anchor-05,-86.31,33.69,True,1.0,GRAZING,,,SIMULATED
180.0,tag-0001,anchor-06,-102.01,17.99,True,1.0,GRAZING,,,SIMULATED
180.0,tag-0001,anchor-07,-123.65,-3.65,True,1.0,GRAZING,,,SIMULATED
180.0,tag-0001,anchor-08,-91.82,28.18,True,1.0,GRAZING,,,SIMULATED
180.0,tag-0002,anchor-01,-93.05,26.95,True,1.0229988408919113,GRAZING,,,SIMULATED
180.0,tag-0002,anchor-02,-92.1,27.9,True,1.0229988408919113,GRAZING,,,SIMULATED
180.0,tag-0002,anchor-03,,,False,1.0229988408919113,GRAZING,,,SIMULATED
180.0,tag-0002,anchor-04,-101.03,18.97,True,1.0229988408919113,GRAZING,,,SIMULATED
180.0,tag-0002,anchor-05,-84.94,35.06,True,1.0229988408919113,GRAZING,,,SIMULATED
180.0,tag-0002,anchor-06,-101.88,18.12,True,1.0229988408919113,GRAZING,,,SIMULATED
180.0,tag-0002,anchor-07,-117.34,2.66,True,1.0229988408919113,GRAZING,,,SIMULATED
180.0,tag-0002,anchor-08,-101.56,18.44,True,1.0229988408919113,GRAZING,,,SIMULATED
180.0,tag-0003,anchor-01,-82.53,37.47,True,1.015727060888141,GRAZING,,,SIMULATED
180.0,tag-0003,anchor-02,-97.02,22.98,True,1.015727060888141,GRAZING,,,SIMULATED
180.0,tag-0003,anchor-03,,,False,1.015727060888141,GRAZING,,,SIMULATED
180.0,tag-0003,anchor-04,-115.02,4.98,True,1.015727060888141,GRAZING,,,SIMULATED
180.0,tag-0003,anchor-05,-78.19,41.81,True,1.015727060888141,GRAZING,,,SIMULATED
180.0,tag-0003,anchor-06,-101.97,18.03,True,1.015727060888141,GRAZING,,,SIMULATED
180.0,tag-0003,anchor-07,,,False,1.015727060888141,GRAZING,,,SIMULATED
180.0,tag-0003,anchor-08,-111.46,8.54,True,1.015727060888141,GRAZING,,,SIMULATED
180.0,tag-0004,anchor-01,-94.6,25.4,True,1.0,GRAZING,,,SIMULATED
180.0,tag-0004,anchor-02,,,False,1.0,GRAZING,,,SIMULATED
180.0,tag-0004,anchor-03,,,False,1.0,GRAZING,,,SIMULATED
180.0,tag-0004,anchor-04,-103.94,16.06,True,1.0,GRAZING,,,SIMULATED
180.0,tag-0004,anchor-05,-85.84,34.16,True,1.0,GRAZING,,,SIMULATED
180.0,tag-0004,anchor-06,-96.8,23.2,True,1.0,GRAZING,,,SIMULATED
180.0,tag-0004,anchor-07,-118.11,1.89,True,1.0,GRAZING,,,SIMULATED
180.0,tag-0004,anchor-08,-97.01,22.99,True,1.0,GRAZING,,,SIMULATED
180.0,tag-0005,anchor-01,-94.67,25.33,True,1.0411798783406951,GRAZING,,,SIMULATED
180.0,tag-0005,anchor-02,-93.22,26.78,True,1.0411798783406951,GRAZING,,,SIMULATED
180.0,tag-0005,anchor-03,,,False,1.0411798783406951,GRAZING,,,SIMULATED
180.0,tag-0005,anchor-04,-106.42,13.58,True,1.0411798783406951,GRAZING,,,SIMULATED
180.0,tag-0005,anchor-05,-79.57,40.43,True,1.0411798783406951,GRAZING,,,SIMULATED
180.0,tag-0005,anchor-06,-94.36,25.64,True,1.0411798783406951,GRAZING,,,SIMULATED
180.0,tag-0005,anchor-07,-122.7,-2.7,True,1.0411798783406951,GRAZING,,,SIMULATED
180.0,tag-0005,anchor-08,-101.42,18.58,True,1.0411798783406951,GRAZING,,,SIMULATED
180.0,tag-0006,anchor-01,-89.37,30.63,True,1.0,GRAZING,,,SIMULATED
180.0,tag-0006,anchor-02,-96.85,23.15,True,1.0,GRAZING,,,SIMULATED
180.0,tag-0006,anchor-03,-121.89,-1.89,True,1.0,GRAZING,,,SIMULATED
180.0,tag-0006,anchor-04,,,False,1.0,GRAZING,,,SIMULATED
180.0,tag-0006,anchor-05,-78.11,41.89,True,1.0,GRAZING,,,SIMULATED
180.0,tag-0006,anchor-06,-103.52,16.48,True,1.0,GRAZING,,,SIMULATED
180.0,tag-0006,anchor-07,-117.01,2.99,True,1.0,GRAZING,,,SIMULATED
180.0,tag-0006,anchor-08,-96.74,23.26,True,1.0,GRAZING,,,SIMULATED
180.0,tag-0007,anchor-01,-92.83,27.17,True,1.0137191367352998,GRAZING,,,SIMULATED
180.0,tag-0007,anchor-02,-89.05,30.95,True,1.0137191367352998,GRAZING,,,SIMULATED
180.0,tag-0007,anchor-03,,,False,1.0137191367352998,GRAZING,,,SIMULATED
180.0,tag-0007,anchor-04,-101.54,18.46,True,1.0137191367352998,GRAZING,,,SIMULATED
180.0,tag-0007,anchor-05,-82.63,37.37,True,1.0137191367352998,GRAZING,,,SIMULATED
180.0,tag-0007,anchor-06,-101.88,18.12,True,1.0137191367352998,GRAZING,,,SIMULATED
180.0,tag-0007,anchor-07,-117.11,2.89,True,1.0137191367352998,GRAZING,,,SIMULATED
180.0,tag-0007,anchor-08,-98.81,21.19,True,1.0137191367352998,GRAZING,,,SIMULATED
180.0,tag-0008,anchor-01,-103.93,16.07,True,1.0,GRAZING,,,SIMULATED
180.0,tag-0008,anchor-02,-87.54,32.46,True,1.0,GRAZING,,,SIMULATED
180.0,tag-0008,anchor-03,-125.24,-5.24,True,1.0,GRAZING,,,SIMULATED
180.0,tag-0008,anchor-04,-107.98,12.02,True,1.0,GRAZING,,,SIMULATED
180.0,tag-0008,anchor-05,-80.38,39.62,True,1.0,GRAZING,,,SIMULATED
180.0,tag-0008,anchor-06,-103.6,16.4,True,1.0,GRAZING,,,SIMULATED
180.0,tag-0008,anchor-07,-120.4,-0.4,True,1.0,GRAZING,,,SIMULATED
180.0,tag-0008,anchor-08,-91.91,28.09,True,1.0,GRAZING,,,SIMULATED
180.0,tag-0009,anchor-01,-87.44,32.56,True,1.0019854857533608,GRAZING,,,SIMULATED
180.0,tag-0009,anchor-02,-98.89,21.11,True,1.0019854857533608,GRAZING,,,SIMULATED
180.0,tag-0009,anchor-03,,,False,1.0019854857533608,GRAZING,,,SIMULATED
180.0,tag-0009,anchor-04,-106.49,13.51,True,1.0019854857533608,GRAZING,,,SIMULATED
180.0,tag-0009,anchor-05,-81.88,38.12,True,1.0019854857533608,GRAZING,,,SIMULATED
180.0,tag-0009,anchor-06,-102.67,17.33,True,1.0019854857533608,GRAZING,,,SIMULATED
180.0,tag-0009,anchor-07,,,False,1.0019854857533608,GRAZING,,,SIMULATED
180.0,tag-0009,anchor-08,-103.11,16.89,True,1.0019854857533608,GRAZING,,,SIMULATED
180.0,tag-0010,anchor-01,-82.05,37.95,True,1.0105750842724885,GRAZING,,,SIMULATED
180.0,tag-0010,anchor-02,-93.05,26.95,True,1.0105750842724885,GRAZING,,,SIMULATED
180.0,tag-0010,anchor-03,,,False,1.0105750842724885,GRAZING,,,SIMULATED
180.0,tag-0010,anchor-04,-104.17,15.83,True,1.0105750842724885,GRAZING,,,SIMULATED
180.0,tag-0010,anchor-05,-78.14,41.86,True,1.0105750842724885,GRAZING,,,SIMULATED
180.0,tag-0010,anchor-06,-100.97,19.03,True,1.0105750842724885,GRAZING,,,SIMULATED
180.0,tag-0010,anchor-07,,,False,1.0105750842724885,GRAZING,,,SIMULATED
180.0,tag-0010,anchor-08,-103.72,16.28,True,1.0105750842724885,GRAZING,,,SIMULATED
180.0,tag-0011,anchor-01,-76.21,43.79,True,1.0033333319829083,GRAZING,,,SIMULATED
180.0,tag-0011,anchor-02,-98.36,21.64,True,1.0033333319829083,GRAZING,,,SIMULATED
180.0,tag-0011,anchor-03,,,False,1.0033333319829083,GRAZING,,,SIMULATED
180.0,tag-0011,anchor-04,-108.39,11.61,True,1.0033333319829083,GRAZING,,,SIMULATED
180.0,tag-0011,anchor-05,-77.67,42.33,True,1.0033333319829083,GRAZING,,,SIMULATED
180.0,tag-0011,anchor-06,-97.86,22.14,True,1.0033333319829083,GRAZING,,,SIMULATED
180.0,tag-0011,anchor-07,-120.85,-0.85,True,1.0033333319829083,GRAZING,,,SIMULATED
180.0,tag-0011,anchor-08,-92.15,27.85,True,1.0033333319829083,GRAZING,,,SIMULATED
180.0,tag-0012,anchor-01,-91.07,28.93,True,1.0095796796149312,GRAZING,,,SIMULATED
180.0,tag-0012,anchor-02,-101.2,18.8,True,1.0095796796149312,GRAZING,,,SIMULATED
180.0,tag-0012,anchor-03,,,False,1.0095796796149312,GRAZING,,,SIMULATED
180.0,tag-0012,anchor-04,-106.22,13.78,True,1.0095796796149312,GRAZING,,,SIMULATED
180.0,tag-0012,anchor-05,-91.42,28.58,True,1.0095796796149312,GRAZING,,,SIMULATED
180.0,tag-0012,anchor-06,-104.06,15.94,True,1.0095796796149312,GRAZING,,,SIMULATED
180.0,tag-0012,anchor-07,-123.49,-3.49,True,1.0095796796149312,GRAZING,,,SIMULATED
180.0,tag-0012,anchor-08,-96.91,23.09,True,1.0095796796149312,GRAZING,,,SIMULATED
180.0,tag-0013,anchor-01,-100.24,19.76,True,1.0,GRAZING,,,SIMULATED
180.0,tag-0013,anchor-02,-90.5,29.5,True,1.0,GRAZING,,,SIMULATED
180.0,tag-0013,anchor-03,,,False,1.0,GRAZING,,,SIMULATED
180.0,tag-0013,anchor-04,-110.66,9.34,True,1.0,GRAZING,,,SIMULATED
180.0,tag-0013,anchor-05,-90.94,29.06,True,1.0,GRAZING,,,SIMULATED
180.0,tag-0013,anchor-06,-96.02,23.98,True,1.0,GRAZING,,,SIMULATED
180.0,tag-0013,anchor-07,-100.17,19.83,True,1.0,GRAZING,,,SIMULATED
180.0,tag-0013,anchor-08,,,False,1.0,GRAZING,,,SIMULATED
180.0,tag-0014,anchor-01,-99.96,20.04,True,1.0,GRAZING,,,SIMULATED
180.0,tag-0014,anchor-02,-93.58,26.42,True,1.0,GRAZING,,,SIMULATED
180.0,tag-0014,anchor-03,,,False,1.0,GRAZING,,,SIMULATED
180.0,tag-0014,anchor-04,-100.32,19.68,True,1.0,GRAZING,,,SIMULATED
180.0,tag-0014,anchor-05,-93.62,26.38,True,1.0,GRAZING,,,SIMULATED
180.0,tag-0014,anchor-06,-98.7,21.3,True,1.0,GRAZING,,,SIMULATED
180.0,tag-0014,anchor-07,-103.79,16.21,True,1.0,GRAZING,,,SIMULATED
180.0,tag-0014,anchor-08,-89.44,30.56,True,1.0,GRAZING,,,SIMULATED
180.0,tag-0015,anchor-01,-82.13,37.87,True,1.0092241388447711,GRAZING,,,SIMULATED
180.0,tag-0015,anchor-02,-96.78,23.22,True,1.0092241388447711,GRAZING,,,SIMULATED
180.0,tag-0015,anchor-03,,,False,1.0092241388447711,GRAZING,,,SIMULATED
180.0,tag-0015,anchor-04,-100.8,19.2,True,1.0092241388447711,GRAZING,,,SIMULATED
180.0,tag-0015,anchor-05,-91.43,28.57,True,1.0092241388447711,GRAZING,,,SIMULATED
180.0,tag-0015,anchor-06,-103.07,16.93,True,1.0092241388447711,GRAZING,,,SIMULATED
180.0,tag-0015,anchor-07,-119.16,0.84,True,1.0092241388447711,GRAZING,,,SIMULATED
180.0,tag-0015,anchor-08,-97.28,22.72,True,1.0092241388447711,GRAZING,,,SIMULATED
180.0,tag-0016,anchor-01,-90.42,29.58,True,1.0,GRAZING,,,SIMULATED
180.0,tag-0016,anchor-02,-101.01,18.99,True,1.0,GRAZING,,,SIMULATED
180.0,tag-0016,anchor-03,,,False,1.0,GRAZING,,,SIMULATED
180.0,tag-0016,anchor-04,,,False,1.0,GRAZING,,,SIMULATED
180.0,tag-0016,anchor-05,-81.28,38.72,True,1.0,GRAZING,,,SIMULATED
180.0,tag-0016,anchor-06,-101.33,18.67,True,1.0,GRAZING,,,SIMULATED
180.0,tag-0016,anchor-07,-122.46,-2.46,True,1.0,GRAZING,,,SIMULATED
180.0,tag-0016,anchor-08,-111.3,8.7,True,1.0,GRAZING,,,SIMULATED
180.0,tag-0017,anchor-01,-91.93,28.07,True,1.0,GRAZING,,,SIMULATED
180.0,tag-0017,anchor-02,-91.72,28.28,True,1.0,GRAZING,,,SIMULATED
180.0,tag-0017,anchor-03,,,False,1.0,GRAZING,,,SIMULATED
180.0,tag-0017,anchor-04,-111.96,8.04,True,1.0,GRAZING,,,SIMULATED
180.0,tag-0017,anchor-05,-83.87,36.13,True,1.0,GRAZING,,,SIMULATED
180.0,tag-0017,anchor-06,-98.68,21.32,True,1.0,GRAZING,,,SIMULATED
180.0,tag-0017,anchor-07,-120.17,-0.17,True,1.0,GRAZING,,,SIMULATED
180.0,tag-0017,anchor-08,-104.68,15.32,True,1.0,GRAZING,,,SIMULATED
180.0,tag-0018,anchor-01,-95.96,24.04,True,1.0,GRAZING,,,SIMULATED
180.0,tag-0018,anchor-02,-96.77,23.23,True,1.0,GRAZING,,,SIMULATED
180.0,tag-0018,anchor-03,,,False,1.0,GRAZING,,,SIMULATED
180.0,tag-0018,anchor-04,-108.53,11.47,True,1.0,GRAZING,,,SIMULATED
180.0,tag-0018,anchor-05,-89.95,30.05,True,1.0,GRAZING,,,SIMULATED
180.0,tag-0018,anchor-06,-93.43,26.57,True,1.0,GRAZING,,,SIMULATED
180.0,tag-0018,anchor-07,-116.16,3.84,True,1.0,GRAZING,,,SIMULATED
180.0,tag-0018,anchor-08,-100.79,19.21,True,1.0,GRAZING,,,SIMULATED
180.0,tag-0019,anchor-01,,,False,1.0189957007660462,GRAZING,,,SIMULATED
180.0,tag-0019,anchor-02,-89.56,30.44,True,1.0189957007660462,GRAZING,,,SIMULATED
180.0,tag-0019,anchor-03,,,False,1.0189957007660462,GRAZING,,,SIMULATED
180.0,tag-0019,anchor-04,-98.21,21.79,True,1.0189957007660462,GRAZING,,,SIMULATED
180.0,tag-0019,anchor-05,-77.06,42.94,True,1.0189957007660462,GRAZING,,,SIMULATED
180.0,tag-0019,anchor-06,,,False,1.0189957007660462,GRAZING,,,SIMULATED
180.0,tag-0019,anchor-07,-116.05,3.95,True,1.0189957007660462,GRAZING,,,SIMULATED
180.0,tag-0019,anchor-08,-97.99,22.01,True,1.0189957007660462,GRAZING,,,SIMULATED
180.0,tag-0020,anchor-01,-82.68,37.32,True,1.0111983701331866,GRAZING,,,SIMULATED
180.0,tag-0020,anchor-02,-93.1,26.9,True,1.0111983701331866,GRAZING,,,SIMULATED
180.0,tag-0020,anchor-03,-124.96,-4.96,True,1.0111983701331866,GRAZING,,,SIMULATED
180.0,tag-0020,anchor-04,-104.46,15.54,True,1.0111983701331866,GRAZING,,,SIMULATED
180.0,tag-0020,anchor-05,-79.85,40.15,True,1.0111983701331866,GRAZING,,,SIMULATED
180.0,tag-0020,anchor-06,-101.76,18.24,True,1.0111983701331866,GRAZING,,,SIMULATED
180.0,tag-0020,anchor-07,-98.42,21.58,True,1.0111983701331866,GRAZING,,,SIMULATED
180.0,tag-0020,anchor-08,-89.98,30.02,True,1.0111983701331866,GRAZING,,,SIMULATED
210.0,tag-0001,anchor-01,-90.4,29.6,True,1.0220961208347488,GRAZING,,,SIMULATED
210.0,tag-0001,anchor-02,-95.79,24.21,True,1.0220961208347488,GRAZING,,,SIMULATED
210.0,tag-0001,anchor-03,,,False,1.0220961208347488,GRAZING,,,SIMULATED
210.0,tag-0001,anchor-04,-112.7,7.3,True,1.0220961208347488,GRAZING,,,SIMULATED
210.0,tag-0001,anchor-05,-85.25,34.75,True,1.0220961208347488,GRAZING,,,SIMULATED
210.0,tag-0001,anchor-06,-98.04,21.96,True,1.0220961208347488,GRAZING,,,SIMULATED
210.0,tag-0001,anchor-07,-122.83,-2.83,True,1.0220961208347488,GRAZING,,,SIMULATED
210.0,tag-0001,anchor-08,-99.75,20.25,True,1.0220961208347488,GRAZING,,,SIMULATED
210.0,tag-0002,anchor-01,-93.49,26.51,True,1.0,GRAZING,,,SIMULATED
210.0,tag-0002,anchor-02,-86.49,33.51,True,1.0,GRAZING,,,SIMULATED
210.0,tag-0002,anchor-03,,,False,1.0,GRAZING,,,SIMULATED
210.0,tag-0002,anchor-04,-103.92,16.08,True,1.0,GRAZING,,,SIMULATED
210.0,tag-0002,anchor-05,-83.6,36.4,True,1.0,GRAZING,,,SIMULATED
210.0,tag-0002,anchor-06,-101.13,18.87,True,1.0,GRAZING,,,SIMULATED
210.0,tag-0002,anchor-07,-121.83,-1.83,True,1.0,GRAZING,,,SIMULATED
210.0,tag-0002,anchor-08,-99.33,20.67,True,1.0,GRAZING,,,SIMULATED
210.0,tag-0003,anchor-01,-76.85,43.15,True,1.000015095417646,GRAZING,,,SIMULATED
210.0,tag-0003,anchor-02,-93.49,26.51,True,1.000015095417646,GRAZING,,,SIMULATED
210.0,tag-0003,anchor-03,,,False,1.000015095417646,GRAZING,,,SIMULATED
210.0,tag-0003,anchor-04,-115.54,4.46,True,1.000015095417646,GRAZING,,,SIMULATED
210.0,tag-0003,anchor-05,,,False,1.000015095417646,GRAZING,,,SIMULATED
210.0,tag-0003,anchor-06,-107.63,12.37,True,1.000015095417646,GRAZING,,,SIMULATED
210.0,tag-0003,anchor-07,-116.33,3.67,True,1.000015095417646,GRAZING,,,SIMULATED
210.0,tag-0003,anchor-08,-103.91,16.09,True,1.000015095417646,GRAZING,,,SIMULATED
210.0,tag-0004,anchor-01,-91.72,28.28,True,1.0,GRAZING,,,SIMULATED
210.0,tag-0004,anchor-02,-88.91,31.09,True,1.0,GRAZING,,,SIMULATED
210.0,tag-0004,anchor-03,,,False,1.0,GRAZING,,,SIMULATED
210.0,tag-0004,anchor-04,,,False,1.0,GRAZING,,,SIMULATED
210.0,tag-0004,anchor-05,-83.33,36.67,True,1.0,GRAZING,,,SIMULATED
210.0,tag-0004,anchor-06,-98.83,21.17,True,1.0,GRAZING,,,SIMULATED
210.0,tag-0004,anchor-07,-115.72,4.28,True,1.0,GRAZING,,,SIMULATED
210.0,tag-0004,anchor-08,-98.26,21.74,True,1.0,GRAZING,,,SIMULATED
210.0,tag-0005,anchor-01,-89.35,30.65,True,1.0114905607776892,GRAZING,,,SIMULATED
210.0,tag-0005,anchor-02,,,False,1.0114905607776892,GRAZING,,,SIMULATED
210.0,tag-0005,anchor-03,,,False,1.0114905607776892,GRAZING,,,SIMULATED
210.0,tag-0005,anchor-04,-106.25,13.75,True,1.0114905607776892,GRAZING,,,SIMULATED
210.0,tag-0005,anchor-05,-83.07,36.93,True,1.0114905607776892,GRAZING,,,SIMULATED
210.0,tag-0005,anchor-06,-100.02,19.98,True,1.0114905607776892,GRAZING,,,SIMULATED
210.0,tag-0005,anchor-07,,,False,1.0114905607776892,GRAZING,,,SIMULATED
210.0,tag-0005,anchor-08,-104.12,15.88,True,1.0114905607776892,GRAZING,,,SIMULATED
210.0,tag-0006,anchor-01,,,False,1.023841343400816,GRAZING,,,SIMULATED
210.0,tag-0006,anchor-02,-95.42,24.58,True,1.023841343400816,GRAZING,,,SIMULATED
210.0,tag-0006,anchor-03,-126.7,-6.7,True,1.023841343400816,GRAZING,,,SIMULATED
210.0,tag-0006,anchor-04,-114.39,5.61,True,1.023841343400816,GRAZING,,,SIMULATED
210.0,tag-0006,anchor-05,-79.78,40.22,True,1.023841343400816,GRAZING,,,SIMULATED
210.0,tag-0006,anchor-06,-104.19,15.81,True,1.023841343400816,GRAZING,,,SIMULATED
210.0,tag-0006,anchor-07,-121.02,-1.02,True,1.023841343400816,GRAZING,,,SIMULATED
210.0,tag-0006,anchor-08,-95.63,24.37,True,1.023841343400816,GRAZING,,,SIMULATED
210.0,tag-0007,anchor-01,-88.54,31.46,True,1.0,GRAZING,,,SIMULATED
210.0,tag-0007,anchor-02,-94.2,25.8,True,1.0,GRAZING,,,SIMULATED
210.0,tag-0007,anchor-03,,,False,1.0,GRAZING,,,SIMULATED
210.0,tag-0007,anchor-04,-98.3,21.7,True,1.0,GRAZING,,,SIMULATED
210.0,tag-0007,anchor-05,-85.27,34.73,True,1.0,GRAZING,,,SIMULATED
210.0,tag-0007,anchor-06,-99.21,20.79,True,1.0,GRAZING,,,SIMULATED
210.0,tag-0007,anchor-07,-113.53,6.47,True,1.0,GRAZING,,,SIMULATED
210.0,tag-0007,anchor-08,-100.78,19.22,True,1.0,GRAZING,,,SIMULATED
210.0,tag-0008,anchor-01,-100.85,19.15,True,1.023404975843162,GRAZING,,,SIMULATED
210.0,tag-0008,anchor-02,-88.09,31.91,True,1.023404975843162,GRAZING,,,SIMULATED
210.0,tag-0008,anchor-03,-121.54,-1.54,True,1.023404975843162,GRAZING,,,SIMULATED
210.0,tag-0008,anchor-04,-109.4,10.6,True,1.023404975843162,GRAZING,,,SIMULATED
210.0,tag-0008,anchor-05,-83.98,36.02,True,1.023404975843162,GRAZING,,,SIMULATED
210.0,tag-0008,anchor-06,-101.67,18.33,True,1.023404975843162,GRAZING,,,SIMULATED
210.0,tag-0008,anchor-07,-117.64,2.36,True,1.023404975843162,GRAZING,,,SIMULATED
210.0,tag-0008,anchor-08,-97.12,22.88,True,1.023404975843162,GRAZING,,,SIMULATED
210.0,tag-0009,anchor-01,-85.35,34.65,True,1.0148204424042881,GRAZING,,,SIMULATED
210.0,tag-0009,anchor-02,-97.76,22.24,True,1.0148204424042881,GRAZING,,,SIMULATED
210.0,tag-0009,anchor-03,,,False,1.0148204424042881,GRAZING,,,SIMULATED
210.0,tag-0009,anchor-04,-111.36,8.64,True,1.0148204424042881,GRAZING,,,SIMULATED
210.0,tag-0009,anchor-05,-88.06,31.94,True,1.0148204424042881,GRAZING,,,SIMULATED
210.0,tag-0009,anchor-06,-101.88,18.12,True,1.0148204424042881,GRAZING,,,SIMULATED
210.0,tag-0009,anchor-07,-106.7,13.3,True,1.0148204424042881,GRAZING,,,SIMULATED
210.0,tag-0009,anchor-08,-99.35,20.65,True,1.0148204424042881,GRAZING,,,SIMULATED
210.0,tag-0010,anchor-01,-84.25,35.75,True,1.0,GRAZING,,,SIMULATED
210.0,tag-0010,anchor-02,,,False,1.0,GRAZING,,,SIMULATED
210.0,tag-0010,anchor-03,,,False,1.0,GRAZING,,,SIMULATED
210.0,tag-0010,anchor-04,-102.49,17.51,True,1.0,GRAZING,,,SIMULATED
210.0,tag-0010,anchor-05,-83.15,36.85,True,1.0,GRAZING,,,SIMULATED
210.0,tag-0010,anchor-06,-104.91,15.09,True,1.0,GRAZING,,,SIMULATED
210.0,tag-0010,anchor-07,-93.67,26.33,True,1.0,GRAZING,,,SIMULATED
210.0,tag-0010,anchor-08,-104.36,15.64,True,1.0,GRAZING,,,SIMULATED
210.0,tag-0011,anchor-01,-85.73,34.27,True,1.0,GRAZING,,,SIMULATED
210.0,tag-0011,anchor-02,-101.38,18.62,True,1.0,GRAZING,,,SIMULATED
210.0,tag-0011,anchor-03,,,False,1.0,GRAZING,,,SIMULATED
210.0,tag-0011,anchor-04,-116.91,3.09,True,1.0,GRAZING,,,SIMULATED
210.0,tag-0011,anchor-05,-81.19,38.81,True,1.0,GRAZING,,,SIMULATED
210.0,tag-0011,anchor-06,-93.09,26.91,True,1.0,GRAZING,,,SIMULATED
210.0,tag-0011,anchor-07,-119.88,0.12,True,1.0,GRAZING,,,SIMULATED
210.0,tag-0011,anchor-08,-101.22,18.78,True,1.0,GRAZING,,,SIMULATED
210.0,tag-0012,anchor-01,-95.88,24.12,True,1.0210994760540368,GRAZING,,,SIMULATED
210.0,tag-0012,anchor-02,-97.81,22.19,True,1.0210994760540368,GRAZING,,,SIMULATED
210.0,tag-0012,anchor-03,,,False,1.0210994760540368,GRAZING,,,SIMULATED
210.0,tag-0012,anchor-04,-107.08,12.92,True,1.0210994760540368,GRAZING,,,SIMULATED
210.0,tag-0012,anchor-05,-87.82,32.18,True,1.0210994760540368,GRAZING,,,SIMULATED
210.0,tag-0012,anchor-06,-99.35,20.65,True,1.0210994760540368,GRAZING,,,SIMULATED
210.0,tag-0012,anchor-07,-118.39,1.61,True,1.0210994760540368,GRAZING,,,SIMULATED
210.0,tag-0012,anchor-08,-97.19,22.81,True,1.0210994760540368,GRAZING,,,SIMULATED
210.0,tag-0013,anchor-01,-93.61,26.39,True,1.0,GRAZING,,,SIMULATED
210.0,tag-0013,anchor-02,,,False,1.0,GRAZING,,,SIMULATED
210.0,tag-0013,anchor-03,,,False,1.0,GRAZING,,,SIMULATED
210.0,tag-0013,anchor-04,-111.77,8.23,True,1.0,GRAZING,,,SIMULATED
210.0,tag-0013,anchor-05,-86.65,33.35,True,1.0,GRAZING,,,SIMULATED
210.0,tag-0013,anchor-06,-98.81,21.19,True,1.0,GRAZING,,,SIMULATED
210.0,tag-0013,anchor-07,-95.37,24.63,True,1.0,GRAZING,,,SIMULATED
210.0,tag-0013,anchor-08,-90.9,29.1,True,1.0,GRAZING,,,SIMULATED
210.0,tag-0014,anchor-01,-94.62,25.38,True,1.0,GRAZING,,,SIMULATED
210.0,tag-0014,anchor-02,-92.87,27.13,True,1.0,GRAZING,,,SIMULATED
210.0,tag-0014,anchor-03,,,False,1.0,GRAZING,,,SIMULATED
210.0,tag-0014,anchor-04,-103.82,16.18,True,1.0,GRAZING,,,SIMULATED
210.0,tag-0014,anchor-05,-87.65,32.35,True,1.0,GRAZING,,,SIMULATED
210.0,tag-0014,anchor-06,-103.22,16.78,True,1.0,GRAZING,,,SIMULATED
210.0,tag-0014,anchor-07,-95.57,24.43,True,1.0,GRAZING,,,SIMULATED
210.0,tag-0014,anchor-08,-89.15,30.85,True,1.0,GRAZING,,,SIMULATED
210.0,tag-0015,anchor-01,-89.81,30.19,True,1.0059939307072707,GRAZING,,,SIMULATED
210.0,tag-0015,anchor-02,-95.14,24.86,True,1.0059939307072707,GRAZING,,,SIMULATED
210.0,tag-0015,anchor-03,,,False,1.0059939307072707,GRAZING,,,SIMULATED
210.0,tag-0015,anchor-04,-97.59,22.41,True,1.0059939307072707,GRAZING,,,SIMULATED
210.0,tag-0015,anchor-05,-92.66,27.34,True,1.0059939307072707,GRAZING,,,SIMULATED
210.0,tag-0015,anchor-06,-100.0,20.0,True,1.0059939307072707,GRAZING,,,SIMULATED
210.0,tag-0015,anchor-07,-118.3,1.7,True,1.0059939307072707,GRAZING,,,SIMULATED
210.0,tag-0015,anchor-08,-94.65,25.35,True,1.0059939307072707,GRAZING,,,SIMULATED
210.0,tag-0016,anchor-01,-93.49,26.51,True,1.0061494650170237,GRAZING,,,SIMULATED
210.0,tag-0016,anchor-02,-90.87,29.13,True,1.0061494650170237,GRAZING,,,SIMULATED
210.0,tag-0016,anchor-03,,,False,1.0061494650170237,GRAZING,,,SIMULATED
210.0,tag-0016,anchor-04,-102.85,17.15,True,1.0061494650170237,GRAZING,,,SIMULATED
210.0,tag-0016,anchor-05,-79.15,40.85,True,1.0061494650170237,GRAZING,,,SIMULATED
210.0,tag-0016,anchor-06,-103.44,16.56,True,1.0061494650170237,GRAZING,,,SIMULATED
210.0,tag-0016,anchor-07,-120.32,-0.32,True,1.0061494650170237,GRAZING,,,SIMULATED
210.0,tag-0016,anchor-08,-107.94,12.06,True,1.0061494650170237,GRAZING,,,SIMULATED
210.0,tag-0017,anchor-01,-91.33,28.67,True,1.022471425583318,GRAZING,,,SIMULATED
210.0,tag-0017,anchor-02,-92.94,27.06,True,1.022471425583318,GRAZING,,,SIMULATED
210.0,tag-0017,anchor-03,-124.53,-4.53,True,1.022471425583318,GRAZING,,,SIMULATED
210.0,tag-0017,anchor-04,-112.38,7.62,True,1.022471425583318,GRAZING,,,SIMULATED
210.0,tag-0017,anchor-05,-83.86,36.14,True,1.022471425583318,GRAZING,,,SIMULATED
210.0,tag-0017,anchor-06,-96.89,23.11,True,1.022471425583318,GRAZING,,,SIMULATED
210.0,tag-0017,anchor-07,-117.1,2.9,True,1.022471425583318,GRAZING,,,SIMULATED
210.0,tag-0017,anchor-08,-98.56,21.44,True,1.022471425583318,GRAZING,,,SIMULATED
210.0,tag-0018,anchor-01,-88.85,31.15,True,1.0,GRAZING,,,SIMULATED
210.0,tag-0018,anchor-02,-89.35,30.65,True,1.0,GRAZING,,,SIMULATED
210.0,tag-0018,anchor-03,,,False,1.0,GRAZING,,,SIMULATED
210.0,tag-0018,anchor-04,-107.92,12.08,True,1.0,GRAZING,,,SIMULATED
210.0,tag-0018,anchor-05,-85.78,34.22,True,1.0,GRAZING,,,SIMULATED
210.0,tag-0018,anchor-06,-90.02,29.98,True,1.0,GRAZING,,,SIMULATED
210.0,tag-0018,anchor-07,-120.39,-0.39,True,1.0,GRAZING,,,SIMULATED
210.0,tag-0018,anchor-08,-100.08,19.92,True,1.0,GRAZING,,,SIMULATED
210.0,tag-0019,anchor-01,-91.8,28.2,True,1.0170435598080172,GRAZING,,,SIMULATED
210.0,tag-0019,anchor-02,-88.0,32.0,True,1.0170435598080172,GRAZING,,,SIMULATED
210.0,tag-0019,anchor-03,-126.39,-6.39,True,1.0170435598080172,GRAZING,,,SIMULATED
210.0,tag-0019,anchor-04,-103.47,16.53,True,1.0170435598080172,GRAZING,,,SIMULATED
210.0,tag-0019,anchor-05,-77.5,42.5,True,1.0170435598080172,GRAZING,,,SIMULATED
210.0,tag-0019,anchor-06,-97.76,22.24,True,1.0170435598080172,GRAZING,,,SIMULATED
210.0,tag-0019,anchor-07,-120.86,-0.86,True,1.0170435598080172,GRAZING,,,SIMULATED
210.0,tag-0019,anchor-08,-99.32,20.68,True,1.0170435598080172,GRAZING,,,SIMULATED
210.0,tag-0020,anchor-01,-80.71,39.29,True,1.022310405721113,GRAZING,,,SIMULATED
210.0,tag-0020,anchor-02,-99.67,20.33,True,1.022310405721113,GRAZING,,,SIMULATED
210.0,tag-0020,anchor-03,,,False,1.022310405721113,GRAZING,,,SIMULATED
210.0,tag-0020,anchor-04,-103.14,16.86,True,1.022310405721113,GRAZING,,,SIMULATED
210.0,tag-0020,anchor-05,,,False,1.022310405721113,GRAZING,,,SIMULATED
210.0,tag-0020,anchor-06,-103.43,16.57,True,1.022310405721113,GRAZING,,,SIMULATED
210.0,tag-0020,anchor-07,-98.59,21.41,True,1.022310405721113,GRAZING,,,SIMULATED
210.0,tag-0020,anchor-08,-85.85,34.15,True,1.022310405721113,GRAZING,,,SIMULATED
240.0,tag-0001,anchor-01,-86.94,33.06,True,1.0047555218074593,GRAZING,,,SIMULATED
240.0,tag-0001,anchor-02,-95.96,24.04,True,1.0047555218074593,GRAZING,,,SIMULATED
240.0,tag-0001,anchor-03,-125.76,-5.76,True,1.0047555218074593,GRAZING,,,SIMULATED
240.0,tag-0001,anchor-04,-110.91,9.09,True,1.0047555218074593,GRAZING,,,SIMULATED
240.0,tag-0001,anchor-05,-83.79,36.21,True,1.0047555218074593,GRAZING,,,SIMULATED
240.0,tag-0001,anchor-06,-104.46,15.54,True,1.0047555218074593,GRAZING,,,SIMULATED
240.0,tag-0001,anchor-07,-122.69,-2.69,True,1.0047555218074593,GRAZING,,,SIMULATED
240.0,tag-0001,anchor-08,-91.95,28.05,True,1.0047555218074593,GRAZING,,,SIMULATED
240.0,tag-0002,anchor-01,-95.98,24.02,True,1.0,GRAZING,,,SIMULATED
240.0,tag-0002,anchor-02,-91.02,28.98,True,1.0,GRAZING,,,SIMULATED
240.0,tag-0002,anchor-03,,,False,1.0,GRAZING,,,SIMULATED
240.0,tag-0002,anchor-04,-104.8,15.2,True,1.0,GRAZING,,,SIMULATED
240.0,tag-0002,anchor-05,-83.45,36.55,True,1.0,GRAZING,,,SIMULATED
240.0,tag-0002,anchor-06,-101.24,18.76,True,1.0,GRAZING,,,SIMULATED
240.0,tag-0002,anchor-07,-122.71,-2.71,True,1.0,GRAZING,,,SIMULATED
240.0,tag-0002,anchor-08,-98.3,21.7,True,1.0,GRAZING,,,SIMULATED
240.0,tag-0003,anchor-01,-86.8,33.2,True,1.0039556323936987,GRAZING,,,SIMULATED
240.0,tag-0003,anchor-02,-96.96,23.04,True,1.0039556323936987,GRAZING,,,SIMULATED
240.0,tag-0003,anchor-03,-121.12,-1.12,True,1.0039556323936987,GRAZING,,,SIMULATED
240.0,tag-0003,anchor-04,-111.96,8.04,True,1.0039556323936987,GRAZING,,,SIMULATED
240.0,tag-0003,anchor-05,-78.27,41.73,True,1.0039556323936987,GRAZING,,,SIMULATED
240.0,tag-0003,anchor-06,-101.35,18.65,True,1.0039556323936987,GRAZING,,,SIMULATED
240.0,tag-0003,anchor-07,-113.86,6.14,True,1.0039556323936987,GRAZING,,,SIMULATED
240.0,tag-0003,anchor-08,-97.73,22.27,True,1.0039556323936987,GRAZING,,,SIMULATED
240.0,tag-0004,anchor-01,-91.53,28.47,True,1.0124893601960512,GRAZING,,,SIMULATED
240.0,tag-0004,anchor-02,-92.99,27.01,True,1.0124893601960512,GRAZING,,,SIMULATED
240.0,tag-0004,anchor-03,,,False,1.0124893601960512,GRAZING,,,SIMULATED
240.0,tag-0004,anchor-04,,,False,1.0124893601960512,GRAZING,,,SIMULATED
240.0,tag-0004,anchor-05,-86.45,33.55,True,1.0124893601960512,GRAZING,,,SIMULATED
240.0,tag-0004,anchor-06,-100.23,19.77,True,1.0124893601960512,GRAZING,,,SIMULATED
240.0,tag-0004,anchor-07,-123.52,-3.52,True,1.0124893601960512,GRAZING,,,SIMULATED
240.0,tag-0004,anchor-08,-102.12,17.88,True,1.0124893601960512,GRAZING,,,SIMULATED
240.0,tag-0005,anchor-01,-88.5,31.5,True,1.0011841763603666,GRAZING,,,SIMULATED
240.0,tag-0005,anchor-02,-90.72,29.28,True,1.0011841763603666,GRAZING,,,SIMULATED
240.0,tag-0005,anchor-03,,,False,1.0011841763603666,GRAZING,,,SIMULATED
240.0,tag-0005,anchor-04,-110.1,9.9,True,1.0011841763603666,GRAZING,,,SIMULATED
240.0,tag-0005,anchor-05,-85.52,34.48,True,1.0011841763603666,GRAZING,,,SIMULATED
240.0,tag-0005,anchor-06,-94.11,25.89,True,1.0011841763603666,GRAZING,,,SIMULATED
240.0,tag-0005,anchor-07,-126.47,-6.47,True,1.0011841763603666,GRAZING,,,SIMULATED
240.0,tag-0005,anchor-08,-102.84,17.16,True,1.0011841763603666,GRAZING,,,SIMULATED
240.0,tag-0006,anchor-01,-91.6,28.4,True,1.0198978226829316,GRAZING,,,SIMULATED
240.0,tag-0006,anchor-02,-98.93,21.07,True,1.0198978226829316,GRAZING,,,SIMULATED
240.0,tag-0006,anchor-03,-118.27,1.73,True,1.0198978226829316,GRAZING,,,SIMULATED
240.0,tag-0006,anchor-04,-115.41,4.59,True,1.0198978226829316,GRAZING,,,SIMULATED
240.0,tag-0006,anchor-05,-80.59,39.41,True,1.0198978226829316,GRAZING,,,SIMULATED
240.0,tag-0006,anchor-06,-96.96,23.04,True,1.0198978226829316,GRAZING,,,SIMULATED
240.0,tag-0006,anchor-07,-115.02,4.98,True,1.0198978226829316,GRAZING,,,SIMULATED
240.0,tag-0006,anchor-08,-96.82,23.18,True,1.0198978226829316,GRAZING,,,SIMULATED
240.0,tag-0007,anchor-01,,,False,1.0,GRAZING,,,SIMULATED
240.0,tag-0007,anchor-02,-94.17,25.83,True,1.0,GRAZING,,,SIMULATED
240.0,tag-0007,anchor-03,,,False,1.0,GRAZING,,,SIMULATED
240.0,tag-0007,anchor-04,-100.32,19.68,True,1.0,GRAZING,,,SIMULATED
240.0,tag-0007,anchor-05,-86.33,33.67,True,1.0,GRAZING,,,SIMULATED
240.0,tag-0007,anchor-06,-96.3,23.7,True,1.0,GRAZING,,,SIMULATED
240.0,tag-0007,anchor-07,-123.26,-3.26,True,1.0,GRAZING,,,SIMULATED
240.0,tag-0007,anchor-08,-105.54,14.46,True,1.0,GRAZING,,,SIMULATED
240.0,tag-0008,anchor-01,-101.75,18.25,True,1.0156050215017254,GRAZING,,,SIMULATED
240.0,tag-0008,anchor-02,-92.6,27.4,True,1.0156050215017254,GRAZING,,,SIMULATED
240.0,tag-0008,anchor-03,-120.66,-0.66,True,1.0156050215017254,GRAZING,,,SIMULATED
240.0,tag-0008,anchor-04,-109.24,10.76,True,1.0156050215017254,GRAZING,,,SIMULATED
240.0,tag-0008,anchor-05,-83.12,36.88,True,1.0156050215017254,GRAZING,,,SIMULATED
240.0,tag-0008,anchor-06,-99.76,20.24,True,1.0156050215017254,GRAZING,,,SIMULATED
240.0,tag-0008,anchor-07,-115.61,4.39,True,1.0156050215017254,GRAZING,,,SIMULATED
240.0,tag-0008,anchor-08,-100.1,19.9,True,1.0156050215017254,GRAZING,,,SIMULATED
240.0,tag-0009,anchor-01,-88.1,31.9,True,1.0223722114296632,GRAZING,,,SIMULATED
240.0,tag-0009,anchor-02,-102.94,17.06,True,1.0223722114296632,GRAZING,,,SIMULATED
240.0,tag-0009,anchor-03,,,False,1.0223722114296632,GRAZING,,,SIMULATED
240.0,tag-0009,anchor-04,-117.68,2.32,True,1.0223722114296632,GRAZING,,,SIMULATED
240.0,tag-0009,anchor-05,,,False,1.0223722114296632,GRAZING,,,SIMULATED
240.0,tag-0009,anchor-06,-104.62,15.38,True,1.0223722114296632,GRAZING,,,SIMULATED
240.0,tag-0009,anchor-07,-100.12,19.88,True,1.0223722114296632,GRAZING,,,SIMULATED
240.0,tag-0009,anchor-08,-95.34,24.66,True,1.0223722114296632,GRAZING,,,SIMULATED
240.0,tag-0010,anchor-01,-91.9,28.1,True,1.0241483947561665,GRAZING,,,SIMULATED
240.0,tag-0010,anchor-02,-99.24,20.76,True,1.0241483947561665,GRAZING,,,SIMULATED
240.0,tag-0010,anchor-03,-123.65,-3.65,True,1.0241483947561665,GRAZING,,,SIMULATED
240.0,tag-0010,anchor-04,-105.94,14.06,True,1.0241483947561665,GRAZING,,,SIMULATED
240.0,tag-0010,anchor-05,-82.27,37.73,True,1.0241483947561665,GRAZING,,,SIMULATED
240.0,tag-0010,anchor-06,-104.94,15.06,True,1.0241483947561665,GRAZING,,,SIMULATED
240.0,tag-0010,anchor-07,-92.49,27.51,True,1.0241483947561665,GRAZING,,,SIMULATED
240.0,tag-0010,anchor-08,-101.32,18.68,True,1.0241483947561665,GRAZING,,,SIMULATED
240.0,tag-0011,anchor-01,-80.45,39.55,True,1.0,GRAZING,,,SIMULATED
240.0,tag-0011,anchor-02,-100.63,19.37,True,1.0,GRAZING,,,SIMULATED
240.0,tag-0011,anchor-03,,,False,1.0,GRAZING,,,SIMULATED
240.0,tag-0011,anchor-04,-119.78,0.22,True,1.0,GRAZING,,,SIMULATED
240.0,tag-0011,anchor-05,-77.5,42.5,True,1.0,GRAZING,,,SIMULATED
240.0,tag-0011,anchor-06,,,False,1.0,GRAZING,,,SIMULATED
240.0,tag-0011,anchor-07,-120.2,-0.2,True,1.0,GRAZING,,,SIMULATED
240.0,tag-0011,anchor-08,-91.94,28.06,True,1.0,GRAZING,,,SIMULATED
240.0,tag-0012,anchor-01,-90.27,29.73,True,1.0131985631279832,GRAZING,,,SIMULATED
240.0,tag-0012,anchor-02,-96.67,23.33,True,1.0131985631279832,GRAZING,,,SIMULATED
240.0,tag-0012,anchor-03,,,False,1.0131985631279832,GRAZING,,,SIMULATED
240.0,tag-0012,anchor-04,-104.44,15.56,True,1.0131985631279832,GRAZING,,,SIMULATED
240.0,tag-0012,anchor-05,-88.45,31.55,True,1.0131985631279832,GRAZING,,,SIMULATED
240.0,tag-0012,anchor-06,-104.88,15.12,True,1.0131985631279832,GRAZING,,,SIMULATED
240.0,tag-0012,anchor-07,-118.69,1.31,True,1.0131985631279832,GRAZING,,,SIMULATED
240.0,tag-0012,anchor-08,-91.63,28.37,True,1.0131985631279832,GRAZING,,,SIMULATED
240.0,tag-0013,anchor-01,-95.48,24.52,True,1.0,GRAZING,,,SIMULATED
240.0,tag-0013,anchor-02,-95.74,24.26,True,1.0,GRAZING,,,SIMULATED
240.0,tag-0013,anchor-03,-123.54,-3.54,True,1.0,GRAZING,,,SIMULATED
240.0,tag-0013,anchor-04,-106.51,13.49,True,1.0,GRAZING,,,SIMULATED
240.0,tag-0013,anchor-05,-91.11,28.89,True,1.0,GRAZING,,,SIMULATED
240.0,tag-0013,anchor-06,-97.61,22.39,True,1.0,GRAZING,,,SIMULATED
240.0,tag-0013,anchor-07,-102.07,17.93,True,1.0,GRAZING,,,SIMULATED
240.0,tag-0013,anchor-08,-90.65,29.35,True,1.0,GRAZING,,,SIMULATED
240.0,tag-0014,anchor-01,-97.72,22.28,True,1.0,GRAZING,,,SIMULATED
240.0,tag-0014,anchor-02,-94.81,25.19,True,1.0,GRAZING,,,SIMULATED
240.0,tag-0014,anchor-03,,,False,1.0,GRAZING,,,SIMULATED
240.0,tag-0014,anchor-04,-105.34,14.66,True,1.0,GRAZING,,,SIMULATED
240.0,tag-0014,anchor-05,-92.23,27.77,True,1.0,GRAZING,,,SIMULATED
240.0,tag-0014,anchor-06,-102.54,17.46,True,1.0,GRAZING,,,SIMULATED
240.0,tag-0014,anchor-07,-101.05,18.95,True,1.0,GRAZING,,,SIMULATED
240.0,tag-0014,anchor-08,-97.46,22.54,True,1.0,GRAZING,,,SIMULATED
240.0,tag-0015,anchor-01,-91.54,28.46,True,1.0,GRAZING,,,SIMULATED
240.0,tag-0015,anchor-02,-99.78,20.22,True,1.0,GRAZING,,,SIMULATED
240.0,tag-0015,anchor-03,,,False,1.0,GRAZING,,,SIMULATED
240.0,tag-0015,anchor-04,-103.5,16.5,True,1.0,GRAZING,,,SIMULATED
240.0,tag-0015,anchor-05,-86.67,33.33,True,1.0,GRAZING,,,SIMULATED
240.0,tag-0015,anchor-06,-102.45,17.55,True,1.0,GRAZING,,,SIMULATED
240.0,tag-0015,anchor-07,-119.13,0.87,True,1.0,GRAZING,,,SIMULATED
240.0,tag-0015,anchor-08,-89.01,30.99,True,1.0,GRAZING,,,SIMULATED
240.0,tag-0016,anchor-01,-86.61,33.39,True,1.0160347843381503,GRAZING,,,SIMULATED
240.0,tag-0016,anchor-02,-95.23,24.77,True,1.0160347843381503,GRAZING,,,SIMULATED
240.0,tag-0016,anchor-03,,,False,1.0160347843381503,GRAZING,,,SIMULATED
240.0,tag-0016,anchor-04,-102.42,17.58,True,1.0160347843381503,GRAZING,,,SIMULATED
240.0,tag-0016,anchor-05,-73.13,46.87,True,1.0160347843381503,GRAZING,,,SIMULATED
240.0,tag-0016,anchor-06,-97.81,22.19,True,1.0160347843381503,GRAZING,,,SIMULATED
240.0,tag-0016,anchor-07,-120.2,-0.2,True,1.0160347843381503,GRAZING,,,SIMULATED
240.0,tag-0016,anchor-08,-107.25,12.75,True,1.0160347843381503,GRAZING,,,SIMULATED
240.0,tag-0017,anchor-01,,,False,1.0,GRAZING,,,SIMULATED
240.0,tag-0017,anchor-02,-90.69,29.31,True,1.0,GRAZING,,,SIMULATED
240.0,tag-0017,anchor-03,-125.67,-5.67,True,1.0,GRAZING,,,SIMULATED
240.0,tag-0017,anchor-04,-115.66,4.34,True,1.0,GRAZING,,,SIMULATED
240.0,tag-0017,anchor-05,-87.57,32.43,True,1.0,GRAZING,,,SIMULATED
240.0,tag-0017,anchor-06,,,False,1.0,GRAZING,,,SIMULATED
240.0,tag-0017,anchor-07,-114.36,5.64,True,1.0,GRAZING,,,SIMULATED
240.0,tag-0017,anchor-08,-100.29,19.71,True,1.0,GRAZING,,,SIMULATED
240.0,tag-0018,anchor-01,,,False,1.0,GRAZING,,,SIMULATED
240.0,tag-0018,anchor-02,-100.68,19.32,True,1.0,GRAZING,,,SIMULATED
240.0,tag-0018,anchor-03,,,False,1.0,GRAZING,,,SIMULATED
240.0,tag-0018,anchor-04,-110.19,9.81,True,1.0,GRAZING,,,SIMULATED
240.0,tag-0018,anchor-05,-93.59,26.41,True,1.0,GRAZING,,,SIMULATED
240.0,tag-0018,anchor-06,-99.69,20.31,True,1.0,GRAZING,,,SIMULATED
240.0,tag-0018,anchor-07,,,False,1.0,GRAZING,,,SIMULATED
240.0,tag-0018,anchor-08,-100.88,19.12,True,1.0,GRAZING,,,SIMULATED
240.0,tag-0019,anchor-01,-88.8,31.2,True,1.0,GRAZING,,,SIMULATED
240.0,tag-0019,anchor-02,-85.45,34.55,True,1.0,GRAZING,,,SIMULATED
240.0,tag-0019,anchor-03,,,False,1.0,GRAZING,,,SIMULATED
240.0,tag-0019,anchor-04,-106.9,13.1,True,1.0,GRAZING,,,SIMULATED
240.0,tag-0019,anchor-05,-81.11,38.89,True,1.0,GRAZING,,,SIMULATED
240.0,tag-0019,anchor-06,-103.45,16.55,True,1.0,GRAZING,,,SIMULATED
240.0,tag-0019,anchor-07,,,False,1.0,GRAZING,,,SIMULATED
240.0,tag-0019,anchor-08,-98.95,21.05,True,1.0,GRAZING,,,SIMULATED
240.0,tag-0020,anchor-01,-83.42,36.58,True,1.0,GRAZING,,,SIMULATED
240.0,tag-0020,anchor-02,-90.38,29.62,True,1.0,GRAZING,,,SIMULATED
240.0,tag-0020,anchor-03,,,False,1.0,GRAZING,,,SIMULATED
240.0,tag-0020,anchor-04,-103.97,16.03,True,1.0,GRAZING,,,SIMULATED
240.0,tag-0020,anchor-05,-85.1,34.9,True,1.0,GRAZING,,,SIMULATED
240.0,tag-0020,anchor-06,-104.41,15.59,True,1.0,GRAZING,,,SIMULATED
240.0,tag-0020,anchor-07,-97.41,22.59,True,1.0,GRAZING,,,SIMULATED
240.0,tag-0020,anchor-08,,,False,1.0,GRAZING,,,SIMULATED
270.0,tag-0001,anchor-01,-87.59,32.41,True,1.0,GRAZING,,,SIMULATED
270.0,tag-0001,anchor-02,-95.36,24.64,True,1.0,GRAZING,,,SIMULATED
270.0,tag-0001,anchor-03,,,False,1.0,GRAZING,,,SIMULATED
270.0,tag-0001,anchor-04,-107.33,12.67,True,1.0,GRAZING,,,SIMULATED
270.0,tag-0001,anchor-05,-85.03,34.97,True,1.0,GRAZING,,,SIMULATED
270.0,tag-0001,anchor-06,-103.2,16.8,True,1.0,GRAZING,,,SIMULATED
270.0,tag-0001,anchor-07,-115.19,4.81,True,1.0,GRAZING,,,SIMULATED
270.0,tag-0001,anchor-08,,,False,1.0,GRAZING,,,SIMULATED
270.0,tag-0002,anchor-01,-99.33,20.67,True,1.0,GRAZING,,,SIMULATED
270.0,tag-0002,anchor-02,-88.92,31.08,True,1.0,GRAZING,,,SIMULATED
270.0,tag-0002,anchor-03,-125.97,-5.97,True,1.0,GRAZING,,,SIMULATED
270.0,tag-0002,anchor-04,-99.21,20.79,True,1.0,GRAZING,,,SIMULATED
270.0,tag-0002,anchor-05,-74.94,45.06,True,1.0,GRAZING,,,SIMULATED
270.0,tag-0002,anchor-06,-98.34,21.66,True,1.0,GRAZING,,,SIMULATED
270.0,tag-0002,anchor-07,-123.8,-3.8,True,1.0,GRAZING,,,SIMULATED
270.0,tag-0002,anchor-08,-106.14,13.86,True,1.0,GRAZING,,,SIMULATED
270.0,tag-0003,anchor-01,-83.07,36.93,True,1.0152591331775163,GRAZING,,,SIMULATED
270.0,tag-0003,anchor-02,-91.31,28.69,True,1.0152591331775163,GRAZING,,,SIMULATED
270.0,tag-0003,anchor-03,-123.69,-3.69,True,1.0152591331775163,GRAZING,,,SIMULATED
270.0,tag-0003,anchor-04,-109.85,10.15,True,1.0152591331775163,GRAZING,,,SIMULATED
270.0,tag-0003,anchor-05,-75.38,44.62,True,1.0152591331775163,GRAZING,,,SIMULATED
270.0,tag-0003,anchor-06,-102.25,17.75,True,1.0152591331775163,GRAZING,,,SIMULATED
270.0,tag-0003,anchor-07,-111.86,8.14,True,1.0152591331775163,GRAZING,,,SIMULATED
270.0,tag-0003,anchor-08,-102.09,17.91,True,1.0152591331775163,GRAZING,,,SIMULATED
270.0,tag-0004,anchor-01,-86.54,33.46,True,1.0118910497478641,GRAZING,,,SIMULATED
270.0,tag-0004,anchor-02,-93.73,26.27,True,1.0118910497478641,GRAZING,,,SIMULATED
270.0,tag-0004,anchor-03,,,False,1.0118910497478641,GRAZING,,,SIMULATED
270.0,tag-0004,anchor-04,-108.96,11.04,True,1.0118910497478641,GRAZING,,,SIMULATED
270.0,tag-0004,anchor-05,-89.23,30.77,True,1.0118910497478641,GRAZING,,,SIMULATED
270.0,tag-0004,anchor-06,-105.49,14.51,True,1.0118910497478641,GRAZING,,,SIMULATED
270.0,tag-0004,anchor-07,-122.59,-2.59,True,1.0118910497478641,GRAZING,,,SIMULATED
270.0,tag-0004,anchor-08,-91.67,28.33,True,1.0118910497478641,GRAZING,,,SIMULATED
270.0,tag-0005,anchor-01,-86.05,33.95,True,1.0001142719234903,GRAZING,,,SIMULATED
270.0,tag-0005,anchor-02,-94.32,25.68,True,1.0001142719234903,GRAZING,,,SIMULATED
270.0,tag-0005,anchor-03,,,False,1.0001142719234903,GRAZING,,,SIMULATED
270.0,tag-0005,anchor-04,-110.45,9.55,True,1.0001142719234903,GRAZING,,,SIMULATED
270.0,tag-0005,anchor-05,-85.02,34.98,True,1.0001142719234903,GRAZING,,,SIMULATED
270.0,tag-0005,anchor-06,-91.18,28.82,True,1.0001142719234903,GRAZING,,,SIMULATED
270.0,tag-0005,anchor-07,-122.52,-2.52,True,1.0001142719234903,GRAZING,,,SIMULATED
270.0,tag-0005,anchor-08,-103.0,17.0,True,1.0001142719234903,GRAZING,,,SIMULATED
270.0,tag-0006,anchor-01,-91.03,28.97,True,1.0120785369380867,GRAZING,,,SIMULATED
270.0,tag-0006,anchor-02,-103.95,16.05,True,1.0120785369380867,GRAZING,,,SIMULATED
270.0,tag-0006,anchor-03,-122.81,-2.81,True,1.0120785369380867,GRAZING,,,SIMULATED
270.0,tag-0006,anchor-04,-112.88,7.12,True,1.0120785369380867,GRAZING,,,SIMULATED
270.0,tag-0006,anchor-05,-83.53,36.47,True,1.0120785369380867,GRAZING,,,SIMULATED
270.0,tag-0006,anchor-06,-101.61,18.39,True,1.0120785369380867,GRAZING,,,SIMULATED
270.0,tag-0006,anchor-07,-114.66,5.34,True,1.0120785369380867,GRAZING,,,SIMULATED
270.0,tag-0006,anchor-08,-97.43,22.57,True,1.0120785369380867,GRAZING,,,SIMULATED
270.0,tag-0007,anchor-01,-87.06,32.94,True,1.0024896914849475,GRAZING,,,SIMULATED
270.0,tag-0007,anchor-02,-91.52,28.48,True,1.0024896914849475,GRAZING,,,SIMULATED
270.0,tag-0007,anchor-03,-123.45,-3.45,True,1.0024896914849475,GRAZING,,,SIMULATED
270.0,tag-0007,anchor-04,-106.45,13.55,True,1.0024896914849475,GRAZING,,,SIMULATED
270.0,tag-0007,anchor-05,-85.24,34.76,True,1.0024896914849475,GRAZING,,,SIMULATED
270.0,tag-0007,anchor-06,-101.16,18.84,True,1.0024896914849475,GRAZING,,,SIMULATED
270.0,tag-0007,anchor-07,-121.24,-1.24,True,1.0024896914849475,GRAZING,,,SIMULATED
270.0,tag-0007,anchor-08,-107.3,12.7,True,1.0024896914849475,GRAZING,,,SIMULATED
270.0,tag-0008,anchor-01,-105.84,14.16,True,1.0747800950698188,RUNNING,,,SIMULATED
270.0,tag-0008,anchor-02,,,False,1.0747800950698188,RUNNING,,,SIMULATED
270.0,tag-0008,anchor-03,,,False,1.0747800950698188,RUNNING,,,SIMULATED
270.0,tag-0008,anchor-04,-107.82,12.18,True,1.0747800950698188,RUNNING,,,SIMULATED
270.0,tag-0008,anchor-05,-88.05,31.95,True,1.0747800950698188,RUNNING,,,SIMULATED
270.0,tag-0008,anchor-06,,,False,1.0747800950698188,RUNNING,,,SIMULATED
270.0,tag-0008,anchor-07,,,False,1.0747800950698188,RUNNING,,,SIMULATED
270.0,tag-0008,anchor-08,-100.68,19.32,True,1.0747800950698188,RUNNING,,,SIMULATED
270.0,tag-0009,anchor-01,-90.5,29.5,True,1.0,GRAZING,,,SIMULATED
270.0,tag-0009,anchor-02,-98.59,21.41,True,1.0,GRAZING,,,SIMULATED
270.0,tag-0009,anchor-03,,,False,1.0,GRAZING,,,SIMULATED
270.0,tag-0009,anchor-04,,,False,1.0,GRAZING,,,SIMULATED
270.0,tag-0009,anchor-05,-86.53,33.47,True,1.0,GRAZING,,,SIMULATED
270.0,tag-0009,anchor-06,-98.12,21.88,True,1.0,GRAZING,,,SIMULATED
270.0,tag-0009,anchor-07,-98.88,21.12,True,1.0,GRAZING,,,SIMULATED
270.0,tag-0009,anchor-08,,,False,1.0,GRAZING,,,SIMULATED
270.0,tag-0010,anchor-01,,,False,1.0,GRAZING,,,SIMULATED
270.0,tag-0010,anchor-02,-94.61,25.39,True,1.0,GRAZING,,,SIMULATED
270.0,tag-0010,anchor-03,-126.67,-6.67,True,1.0,GRAZING,,,SIMULATED
270.0,tag-0010,anchor-04,-113.74,6.26,True,1.0,GRAZING,,,SIMULATED
270.0,tag-0010,anchor-05,-74.27,45.73,True,1.0,GRAZING,,,SIMULATED
270.0,tag-0010,anchor-06,-109.71,10.29,True,1.0,GRAZING,,,SIMULATED
270.0,tag-0010,anchor-07,-91.7,28.3,True,1.0,GRAZING,,,SIMULATED
270.0,tag-0010,anchor-08,-102.19,17.81,True,1.0,GRAZING,,,SIMULATED
270.0,tag-0011,anchor-01,-88.24,31.76,True,1.0140656673146398,GRAZING,,,SIMULATED
270.0,tag-0011,anchor-02,-100.24,19.76,True,1.0140656673146398,GRAZING,,,SIMULATED
270.0,tag-0011,anchor-03,,,False,1.0140656673146398,GRAZING,,,SIMULATED
270.0,tag-0011,anchor-04,-113.63,6.37,True,1.0140656673146398,GRAZING,,,SIMULATED
270.0,tag-0011,anchor-05,,,False,1.0140656673146398,GRAZING,,,SIMULATED
270.0,tag-0011,anchor-06,-100.46,19.54,True,1.0140656673146398,GRAZING,,,SIMULATED
270.0,tag-0011,anchor-07,-125.25,-5.25,True,1.0140656673146398,GRAZING,,,SIMULATED
270.0,tag-0011,anchor-08,-90.56,29.44,True,1.0140656673146398,GRAZING,,,SIMULATED
270.0,tag-0012,anchor-01,-98.99,21.01,True,1.0,GRAZING,,,SIMULATED
270.0,tag-0012,anchor-02,-97.0,23.0,True,1.0,GRAZING,,,SIMULATED
270.0,tag-0012,anchor-03,,,False,1.0,GRAZING,,,SIMULATED
270.0,tag-0012,anchor-04,-108.32,11.68,True,1.0,GRAZING,,,SIMULATED
270.0,tag-0012,anchor-05,-82.5,37.5,True,1.0,GRAZING,,,SIMULATED
270.0,tag-0012,anchor-06,-103.58,16.42,True,1.0,GRAZING,,,SIMULATED
270.0,tag-0012,anchor-07,-123.85,-3.85,True,1.0,GRAZING,,,SIMULATED
270.0,tag-0012,anchor-08,-94.44,25.56,True,1.0,GRAZING,,,SIMULATED
270.0,tag-0013,anchor-01,-93.97,26.03,True,1.0,GRAZING,,,SIMULATED
270.0,tag-0013,anchor-02,-94.46,25.54,True,1.0,GRAZING,,,SIMULATED
270.0,tag-0013,anchor-03,-121.14,-1.14,True,1.0,GRAZING,,,SIMULATED
270.0,tag-0013,anchor-04,-101.12,18.88,True,1.0,GRAZING,,,SIMULATED
270.0,tag-0013,anchor-05,-91.61,28.39,True,1.0,GRAZING,,,SIMULATED
270.0,tag-0013,anchor-06,-102.27,17.73,True,1.0,GRAZING,,,SIMULATED
270.0,tag-0013,anchor-07,-91.83,28.17,True,1.0,GRAZING,,,SIMULATED
270.0,tag-0013,anchor-08,-90.36,29.64,True,1.0,GRAZING,,,SIMULATED
270.0,tag-0014,anchor-01,-94.93,25.07,True,1.0,GRAZING,,,SIMULATED
270.0,tag-0014,anchor-02,-103.72,16.28,True,1.0,GRAZING,,,SIMULATED
270.0,tag-0014,anchor-03,,,False,1.0,GRAZING,,,SIMULATED
270.0,tag-0014,anchor-04,-105.7,14.3,True,1.0,GRAZING,,,SIMULATED
270.0,tag-0014,anchor-05,-89.41,30.59,True,1.0,GRAZING,,,SIMULATED
270.0,tag-0014,anchor-06,-107.52,12.48,True,1.0,GRAZING,,,SIMULATED
270.0,tag-0014,anchor-07,-97.33,22.67,True,1.0,GRAZING,,,SIMULATED
270.0,tag-0014,anchor-08,-92.66,27.34,True,1.0,GRAZING,,,SIMULATED
270.0,tag-0015,anchor-01,-97.05,22.95,True,1.0,GRAZING,,,SIMULATED
270.0,tag-0015,anchor-02,,,False,1.0,GRAZING,,,SIMULATED
270.0,tag-0015,anchor-03,,,False,1.0,GRAZING,,,SIMULATED
270.0,tag-0015,anchor-04,-97.46,22.54,True,1.0,GRAZING,,,SIMULATED
270.0,tag-0015,anchor-05,-84.53,35.47,True,1.0,GRAZING,,,SIMULATED
270.0,tag-0015,anchor-06,-104.18,15.82,True,1.0,GRAZING,,,SIMULATED
270.0,tag-0015,anchor-07,-122.57,-2.57,True,1.0,GRAZING,,,SIMULATED
270.0,tag-0015,anchor-08,-92.7,27.3,True,1.0,GRAZING,,,SIMULATED
270.0,tag-0016,anchor-01,-88.6,31.4,True,1.0,GRAZING,,,SIMULATED
270.0,tag-0016,anchor-02,-92.75,27.25,True,1.0,GRAZING,,,SIMULATED
270.0,tag-0016,anchor-03,,,False,1.0,GRAZING,,,SIMULATED
270.0,tag-0016,anchor-04,-101.39,18.61,True,1.0,GRAZING,,,SIMULATED
270.0,tag-0016,anchor-05,-85.71,34.29,True,1.0,GRAZING,,,SIMULATED
270.0,tag-0016,anchor-06,-102.99,17.01,True,1.0,GRAZING,,,SIMULATED
270.0,tag-0016,anchor-07,-123.7,-3.7,True,1.0,GRAZING,,,SIMULATED
270.0,tag-0016,anchor-08,-105.45,14.55,True,1.0,GRAZING,,,SIMULATED
270.0,tag-0017,anchor-01,-84.28,35.72,True,1.0,GRAZING,,,SIMULATED
270.0,tag-0017,anchor-02,,,False,1.0,GRAZING,,,SIMULATED
270.0,tag-0017,anchor-03,-124.91,-4.91,True,1.0,GRAZING,,,SIMULATED
270.0,tag-0017,anchor-04,,,False,1.0,GRAZING,,,SIMULATED
270.0,tag-0017,anchor-05,-85.6,34.4,True,1.0,GRAZING,,,SIMULATED
270.0,tag-0017,anchor-06,-98.36,21.64,True,1.0,GRAZING,,,SIMULATED
270.0,tag-0017,anchor-07,-120.25,-0.25,True,1.0,GRAZING,,,SIMULATED
270.0,tag-0017,anchor-08,-105.86,14.14,True,1.0,GRAZING,,,SIMULATED
270.0,tag-0018,anchor-01,-87.35,32.65,True,1.00546218950213,GRAZING,,,SIMULATED
270.0,tag-0018,anchor-02,-96.04,23.96,True,1.00546218950213,GRAZING,,,SIMULATED
270.0,tag-0018,anchor-03,,,False,1.00546218950213,GRAZING,,,SIMULATED
270.0,tag-0018,anchor-04,,,False,1.00546218950213,GRAZING,,,SIMULATED
270.0,tag-0018,anchor-05,-88.6,31.4,True,1.00546218950213,GRAZING,,,SIMULATED
270.0,tag-0018,anchor-06,-94.72,25.28,True,1.00546218950213,GRAZING,,,SIMULATED
270.0,tag-0018,anchor-07,-124.58,-4.58,True,1.00546218950213,GRAZING,,,SIMULATED
270.0,tag-0018,anchor-08,-92.57,27.43,True,1.00546218950213,GRAZING,,,SIMULATED
270.0,tag-0019,anchor-01,-88.51,31.49,True,1.0,GRAZING,,,SIMULATED
270.0,tag-0019,anchor-02,-85.87,34.13,True,1.0,GRAZING,,,SIMULATED
270.0,tag-0019,anchor-03,-122.66,-2.66,True,1.0,GRAZING,,,SIMULATED
270.0,tag-0019,anchor-04,-106.68,13.32,True,1.0,GRAZING,,,SIMULATED
270.0,tag-0019,anchor-05,-76.35,43.65,True,1.0,GRAZING,,,SIMULATED
270.0,tag-0019,anchor-06,-97.41,22.59,True,1.0,GRAZING,,,SIMULATED
270.0,tag-0019,anchor-07,-119.96,0.04,True,1.0,GRAZING,,,SIMULATED
270.0,tag-0019,anchor-08,-101.93,18.07,True,1.0,GRAZING,,,SIMULATED
270.0,tag-0020,anchor-01,-80.99,39.01,True,1.0049167181434915,GRAZING,,,SIMULATED
270.0,tag-0020,anchor-02,-99.78,20.22,True,1.0049167181434915,GRAZING,,,SIMULATED
270.0,tag-0020,anchor-03,-124.96,-4.96,True,1.0049167181434915,GRAZING,,,SIMULATED
270.0,tag-0020,anchor-04,-104.48,15.52,True,1.0049167181434915,GRAZING,,,SIMULATED
270.0,tag-0020,anchor-05,,,False,1.0049167181434915,GRAZING,,,SIMULATED
270.0,tag-0020,anchor-06,-100.86,19.14,True,1.0049167181434915,GRAZING,,,SIMULATED
270.0,tag-0020,anchor-07,-97.3,22.7,True,1.0049167181434915,GRAZING,,,SIMULATED
270.0,tag-0020,anchor-08,-86.21,33.79,True,1.0049167181434915,GRAZING,,,SIMULATED
300.0,tag-0001,anchor-01,-85.28,34.72,True,1.004365363672287,GRAZING,,,SIMULATED
300.0,tag-0001,anchor-02,-96.06,23.94,True,1.004365363672287,GRAZING,,,SIMULATED
300.0,tag-0001,anchor-03,,,False,1.004365363672287,GRAZING,,,SIMULATED
300.0,tag-0001,anchor-04,,,False,1.004365363672287,GRAZING,,,SIMULATED
300.0,tag-0001,anchor-05,-85.7,34.3,True,1.004365363672287,GRAZING,,,SIMULATED
300.0,tag-0001,anchor-06,-99.32,20.68,True,1.004365363672287,GRAZING,,,SIMULATED
300.0,tag-0001,anchor-07,-118.13,1.87,True,1.004365363672287,GRAZING,,,SIMULATED
300.0,tag-0001,anchor-08,-95.25,24.75,True,1.004365363672287,GRAZING,,,SIMULATED
300.0,tag-0002,anchor-01,-101.15,18.85,True,1.0,GRAZING,,,SIMULATED
300.0,tag-0002,anchor-02,,,False,1.0,GRAZING,,,SIMULATED
300.0,tag-0002,anchor-03,-125.7,-5.7,True,1.0,GRAZING,,,SIMULATED
300.0,tag-0002,anchor-04,-102.31,17.69,True,1.0,GRAZING,,,SIMULATED
300.0,tag-0002,anchor-05,-75.92,44.08,True,1.0,GRAZING,,,SIMULATED
300.0,tag-0002,anchor-06,-98.0,22.0,True,1.0,GRAZING,,,SIMULATED
300.0,tag-0002,anchor-07,-120.6,-0.6,True,1.0,GRAZING,,,SIMULATED
300.0,tag-0002,anchor-08,-101.75,18.25,True,1.0,GRAZING,,,SIMULATED
300.0,tag-0003,anchor-01,-83.56,36.44,True,1.013458875070872,GRAZING,,,SIMULATED
300.0,tag-0003,anchor-02,-89.92,30.08,True,1.013458875070872,GRAZING,,,SIMULATED
300.0,tag-0003,anchor-03,-125.41,-5.41,True,1.013458875070872,GRAZING,,,SIMULATED
300.0,tag-0003,anchor-04,-107.29,12.71,True,1.013458875070872,GRAZING,,,SIMULATED
300.0,tag-0003,anchor-05,-72.75,47.25,True,1.013458875070872,GRAZING,,,SIMULATED
300.0,tag-0003,anchor-06,-102.56,17.44,True,1.013458875070872,GRAZING,,,SIMULATED
300.0,tag-0003,anchor-07,-116.91,3.09,True,1.013458875070872,GRAZING,,,SIMULATED
300.0,tag-0003,anchor-08,-101.75,18.25,True,1.013458875070872,GRAZING,,,SIMULATED
300.0,tag-0004,anchor-01,-94.14,25.86,True,1.0112133541211872,GRAZING,,,SIMULATED
300.0,tag-0004,anchor-02,-101.1,18.9,True,1.0112133541211872,GRAZING,,,SIMULATED
300.0,tag-0004,anchor-03,,,False,1.0112133541211872,GRAZING,,,SIMULATED
300.0,tag-0004,anchor-04,-107.53,12.47,True,1.0112133541211872,GRAZING,,,SIMULATED
300.0,tag-0004,anchor-05,-86.99,33.01,True,1.0112133541211872,GRAZING,,,SIMULATED
300.0,tag-0004,anchor-06,-102.37,17.63,True,1.0112133541211872,GRAZING,,,SIMULATED
300.0,tag-0004,anchor-07,,,False,1.0112133541211872,GRAZING,,,SIMULATED
300.0,tag-0004,anchor-08,-96.19,23.81,True,1.0112133541211872,GRAZING,,,SIMULATED
300.0,tag-0005,anchor-01,-93.37,26.63,True,1.0099935496246346,GRAZING,,,SIMULATED
300.0,tag-0005,anchor-02,-90.46,29.54,True,1.0099935496246346,GRAZING,,,SIMULATED
300.0,tag-0005,anchor-03,,,False,1.0099935496246346,GRAZING,,,SIMULATED
300.0,tag-0005,anchor-04,-105.06,14.94,True,1.0099935496246346,GRAZING,,,SIMULATED
300.0,tag-0005,anchor-05,-85.42,34.58,True,1.0099935496246346,GRAZING,,,SIMULATED
300.0,tag-0005,anchor-06,-91.82,28.18,True,1.0099935496246346,GRAZING,,,SIMULATED
300.0,tag-0005,anchor-07,-125.8,-5.8,True,1.0099935496246346,GRAZING,,,SIMULATED
300.0,tag-0005,anchor-08,-100.53,19.47,True,1.0099935496246346,GRAZING,,,SIMULATED
300.0,tag-0006,anchor-01,,,False,1.0048993793214316,GRAZING,,,SIMULATED
300.0,tag-0006,anchor-02,-100.75,19.25,True,1.0048993793214316,GRAZING,,,SIMULATED
300.0,tag-0006,anchor-03,-122.07,-2.07,True,1.0048993793214316,GRAZING,,,SIMULATED
300.0,tag-0006,anchor-04,-116.74,3.26,True,1.0048993793214316,GRAZING,,,SIMULATED
300.0,tag-0006,anchor-05,-80.8,39.2,True,1.0048993793214316,GRAZING,,,SIMULATED
300.0,tag-0006,anchor-06,-101.31,18.69,True,1.0048993793214316,GRAZING,,,SIMULATED
300.0,tag-0006,anchor-07,-116.19,3.81,True,1.0048993793214316,GRAZING,,,SIMULATED
300.0,tag-0006,anchor-08,-93.95,26.05,True,1.0048993793214316,GRAZING,,,SIMULATED
300.0,tag-0007,anchor-01,-88.1,31.9,True,1.0200054542445336,GRAZING,,,SIMULATED
300.0,tag-0007,anchor-02,-88.64,31.36,True,1.0200054542445336,GRAZING,,,SIMULATED
300.0,tag-0007,anchor-03,-124.48,-4.48,True,1.0200054542445336,GRAZING,,,SIMULATED
300.0,tag-0007,anchor-04,,,False,1.0200054542445336,GRAZING,,,SIMULATED
300.0,tag-0007,anchor-05,-81.16,38.84,True,1.0200054542445336,GRAZING,,,SIMULATED
300.0,tag-0007,anchor-06,-99.0,21.0,True,1.0200054542445336,GRAZING,,,SIMULATED
300.0,tag-0007,anchor-07,-123.71,-3.71,True,1.0200054542445336,GRAZING,,,SIMULATED
300.0,tag-0007,anchor-08,-104.85,15.15,True,1.0200054542445336,GRAZING,,,SIMULATED
300.0,tag-0008,anchor-01,-103.83,16.17,True,1.0102981843078755,RUNNING,,,SIMULATED
300.0,tag-0008,anchor-02,-91.3,28.7,True,1.0102981843078755,RUNNING,,,SIMULATED
300.0,tag-0008,anchor-03,,,False,1.0102981843078755,RUNNING,,,SIMULATED
300.0,tag-0008,anchor-04,-111.21,8.79,True,1.0102981843078755,RUNNING,,,SIMULATED
300.0,tag-0008,anchor-05,-95.21,24.79,True,1.0102981843078755,RUNNING,,,SIMULATED
300.0,tag-0008,anchor-06,-124.13,-4.13,True,1.0102981843078755,RUNNING,,,SIMULATED
300.0,tag-0008,anchor-07,-89.6,30.4,True,1.0102981843078755,RUNNING,,,SIMULATED
300.0,tag-0008,anchor-08,-92.6,27.4,True,1.0102981843078755,RUNNING,,,SIMULATED
300.0,tag-0009,anchor-01,-96.67,23.33,True,1.0067682726159835,GRAZING,,,SIMULATED
300.0,tag-0009,anchor-02,-100.63,19.37,True,1.0067682726159835,GRAZING,,,SIMULATED
300.0,tag-0009,anchor-03,,,False,1.0067682726159835,GRAZING,,,SIMULATED
300.0,tag-0009,anchor-04,-105.74,14.26,True,1.0067682726159835,GRAZING,,,SIMULATED
300.0,tag-0009,anchor-05,-87.87,32.13,True,1.0067682726159835,GRAZING,,,SIMULATED
300.0,tag-0009,anchor-06,-99.05,20.95,True,1.0067682726159835,GRAZING,,,SIMULATED
300.0,tag-0009,anchor-07,-95.83,24.17,True,1.0067682726159835,GRAZING,,,SIMULATED
300.0,tag-0009,anchor-08,-94.76,25.24,True,1.0067682726159835,GRAZING,,,SIMULATED
300.0,tag-0010,anchor-01,,,False,1.0,GRAZING,,,SIMULATED
300.0,tag-0010,anchor-02,-92.67,27.33,True,1.0,GRAZING,,,SIMULATED
300.0,tag-0010,anchor-03,,,False,1.0,GRAZING,,,SIMULATED
300.0,tag-0010,anchor-04,-113.71,6.29,True,1.0,GRAZING,,,SIMULATED
300.0,tag-0010,anchor-05,-78.48,41.52,True,1.0,GRAZING,,,SIMULATED
300.0,tag-0010,anchor-06,-105.76,14.24,True,1.0,GRAZING,,,SIMULATED
300.0,tag-0010,anchor-07,-92.49,27.51,True,1.0,GRAZING,,,SIMULATED
300.0,tag-0010,anchor-08,-100.99,19.01,True,1.0,GRAZING,,,SIMULATED
300.0,tag-0011,anchor-01,-87.71,32.29,True,1.015016398333622,GRAZING,,,SIMULATED
300.0,tag-0011,anchor-02,-97.84,22.16,True,1.015016398333622,GRAZING,,,SIMULATED
300.0,tag-0011,anchor-03,,,False,1.015016398333622,GRAZING,,,SIMULATED
300.0,tag-0011,anchor-04,-110.2,9.8,True,1.015016398333622,GRAZING,,,SIMULATED
300.0,tag-0011,anchor-05,-80.95,39.05,True,1.015016398333622,GRAZING,,,SIMULATED
300.0,tag-0011,anchor-06,-107.23,12.77,True,1.015016398333622,GRAZING,,,SIMULATED
300.0,tag-0011,anchor-07,-122.07,-2.07,True,1.015016398333622,GRAZING,,,SIMULATED
300.0,tag-0011,anchor-08,-92.84,27.16,True,1.015016398333622,GRAZING,,,SIMULATED
300.0,tag-0012,anchor-01,-90.92,29.08,True,1.0196413773336546,GRAZING,,,SIMULATED
300.0,tag-0012,anchor-02,-98.56,21.44,True,1.0196413773336546,GRAZING,,,SIMULATED
300.0,tag-0012,anchor-03,,,False,1.0196413773336546,GRAZING,,,SIMULATED
300.0,tag-0012,anchor-04,-106.76,13.24,True,1.0196413773336546,GRAZING,,,SIMULATED
300.0,tag-0012,anchor-05,-88.39,31.61,True,1.0196413773336546,GRAZING,,,SIMULATED
300.0,tag-0012,anchor-06,-101.97,18.03,True,1.0196413773336546,GRAZING,,,SIMULATED
300.0,tag-0012,anchor-07,-120.75,-0.75,True,1.0196413773336546,GRAZING,,,SIMULATED
300.0,tag-0012,anchor-08,-95.74,24.26,True,1.0196413773336546,GRAZING,,,SIMULATED
300.0,tag-0013,anchor-01,-96.68,23.32,True,1.0,GRAZING,,,SIMULATED
300.0,tag-0013,anchor-02,-96.52,23.48,True,1.0,GRAZING,,,SIMULATED
300.0,tag-0013,anchor-03,,,False,1.0,GRAZING,,,SIMULATED
300.0,tag-0013,anchor-04,-109.41,10.59,True,1.0,GRAZING,,,SIMULATED
300.0,tag-0013,anchor-05,-95.88,24.12,True,1.0,GRAZING,,,SIMULATED
300.0,tag-0013,anchor-06,-99.07,20.93,True,1.0,GRAZING,,,SIMULATED
300.0,tag-0013,anchor-07,-97.86,22.14,True,1.0,GRAZING,,,SIMULATED
300.0,tag-0013,anchor-08,-89.73,30.27,True,1.0,GRAZING,,,SIMULATED
300.0,tag-0014,anchor-01,-99.6,20.4,True,1.0,GRAZING,,,SIMULATED
300.0,tag-0014,anchor-02,-100.05,19.95,True,1.0,GRAZING,,,SIMULATED
300.0,tag-0014,anchor-03,,,False,1.0,GRAZING,,,SIMULATED
300.0,tag-0014,anchor-04,-102.36,17.64,True,1.0,GRAZING,,,SIMULATED
300.0,tag-0014,anchor-05,-94.15,25.85,True,1.0,GRAZING,,,SIMULATED
300.0,tag-0014,anchor-06,-104.17,15.83,True,1.0,GRAZING,,,SIMULATED
300.0,tag-0014,anchor-07,-99.99,20.01,True,1.0,GRAZING,,,SIMULATED
300.0,tag-0014,anchor-08,-92.76,27.24,True,1.0,GRAZING,,,SIMULATED
300.0,tag-0015,anchor-01,-98.0,22.0,True,1.0291044768839432,GRAZING,,,SIMULATED
300.0,tag-0015,anchor-02,-103.75,16.25,True,1.0291044768839432,GRAZING,,,SIMULATED
300.0,tag-0015,anchor-03,,,False,1.0291044768839432,GRAZING,,,SIMULATED
300.0,tag-0015,anchor-04,-99.07,20.93,True,1.0291044768839432,GRAZING,,,SIMULATED
300.0,tag-0015,anchor-05,-85.59,34.41,True,1.0291044768839432,GRAZING,,,SIMULATED
300.0,tag-0015,anchor-06,-103.63,16.37,True,1.0291044768839432,GRAZING,,,SIMULATED
300.0,tag-0015,anchor-07,-123.32,-3.32,True,1.0291044768839432,GRAZING,,,SIMULATED
300.0,tag-0015,anchor-08,-91.93,28.07,True,1.0291044768839432,GRAZING,,,SIMULATED
300.0,tag-0016,anchor-01,-87.22,32.78,True,1.0,GRAZING,,,SIMULATED
300.0,tag-0016,anchor-02,-101.9,18.1,True,1.0,GRAZING,,,SIMULATED
300.0,tag-0016,anchor-03,-126.41,-6.41,True,1.0,GRAZING,,,SIMULATED
300.0,tag-0016,anchor-04,-100.18,19.82,True,1.0,GRAZING,,,SIMULATED
300.0,tag-0016,anchor-05,-80.24,39.76,True,1.0,GRAZING,,,SIMULATED
300.0,tag-0016,anchor-06,-101.77,18.23,True,1.0,GRAZING,,,SIMULATED
300.0,tag-0016,anchor-07,-117.32,2.68,True,1.0,GRAZING,,,SIMULATED
300.0,tag-0016,anchor-08,-107.65,12.35,True,1.0,GRAZING,,,SIMULATED
300.0,tag-0017,anchor-01,-84.03,35.97,True,1.0070328539948743,GRAZING,,,SIMULATED
300.0,tag-0017,anchor-02,-88.33,31.67,True,1.0070328539948743,GRAZING,,,SIMULATED
300.0,tag-0017,anchor-03,,,False,1.0070328539948743,GRAZING,,,SIMULATED
300.0,tag-0017,anchor-04,-114.64,5.36,True,1.0070328539948743,GRAZING,,,SIMULATED
300.0,tag-0017,anchor-05,-82.84,37.16,True,1.0070328539948743,GRAZING,,,SIMULATED
300.0,tag-0017,anchor-06,-97.54,22.46,True,1.0070328539948743,GRAZING,,,SIMULATED
300.0,tag-0017,anchor-07,-115.38,4.62,True,1.0070328539948743,GRAZING,,,SIMULATED
300.0,tag-0017,anchor-08,-94.62,25.38,True,1.0070328539948743,GRAZING,,,SIMULATED
300.0,tag-0018,anchor-01,-86.29,33.71,True,1.0363557366592298,GRAZING,,,SIMULATED
300.0,tag-0018,anchor-02,-98.83,21.17,True,1.0363557366592298,GRAZING,,,SIMULATED
300.0,tag-0018,anchor-03,,,False,1.0363557366592298,GRAZING,,,SIMULATED
300.0,tag-0018,anchor-04,-109.97,10.03,True,1.0363557366592298,GRAZING,,,SIMULATED
300.0,tag-0018,anchor-05,-84.94,35.06,True,1.0363557366592298,GRAZING,,,SIMULATED
300.0,tag-0018,anchor-06,-94.28,25.72,True,1.0363557366592298,GRAZING,,,SIMULATED
300.0,tag-0018,anchor-07,-126.56,-6.56,True,1.0363557366592298,GRAZING,,,SIMULATED
300.0,tag-0018,anchor-08,-95.67,24.33,True,1.0363557366592298,GRAZING,,,SIMULATED
300.0,tag-0019,anchor-01,-86.15,33.85,True,1.0,GRAZING,,,SIMULATED
300.0,tag-0019,anchor-02,-86.53,33.47,True,1.0,GRAZING,,,SIMULATED
300.0,tag-0019,anchor-03,-125.95,-5.95,True,1.0,GRAZING,,,SIMULATED
300.0,tag-0019,anchor-04,-98.79,21.21,True,1.0,GRAZING,,,SIMULATED
300.0,tag-0019,anchor-05,,,False,1.0,GRAZING,,,SIMULATED
300.0,tag-0019,anchor-06,-99.78,20.22,True,1.0,GRAZING,,,SIMULATED
300.0,tag-0019,anchor-07,-119.66,0.34,True,1.0,GRAZING,,,SIMULATED
300.0,tag-0019,anchor-08,-104.95,15.05,True,1.0,GRAZING,,,SIMULATED
300.0,tag-0020,anchor-01,-85.59,34.41,True,1.0103438314046553,GRAZING,,,SIMULATED
300.0,tag-0020,anchor-02,-95.75,24.25,True,1.0103438314046553,GRAZING,,,SIMULATED
300.0,tag-0020,anchor-03,,,False,1.0103438314046553,GRAZING,,,SIMULATED
300.0,tag-0020,anchor-04,-105.52,14.48,True,1.0103438314046553,GRAZING,,,SIMULATED
300.0,tag-0020,anchor-05,-82.03,37.97,True,1.0103438314046553,GRAZING,,,SIMULATED
300.0,tag-0020,anchor-06,-103.94,16.06,True,1.0103438314046553,GRAZING,,,SIMULATED
300.0,tag-0020,anchor-07,-96.13,23.87,True,1.0103438314046553,GRAZING,,,SIMULATED
300.0,tag-0020,anchor-08,-94.6,25.4,True,1.0103438314046553,GRAZING,,,SIMULATED
330.0,tag-0001,anchor-01,-88.41,31.59,True,1.0,GRAZING,,,SIMULATED
330.0,tag-0001,anchor-02,-99.68,20.32,True,1.0,GRAZING,,,SIMULATED
330.0,tag-0001,anchor-03,,,False,1.0,GRAZING,,,SIMULATED
330.0,tag-0001,anchor-04,-108.95,11.05,True,1.0,GRAZING,,,SIMULATED
330.0,tag-0001,anchor-05,-91.79,28.21,True,1.0,GRAZING,,,SIMULATED
330.0,tag-0001,anchor-06,-95.86,24.14,True,1.0,GRAZING,,,SIMULATED
330.0,tag-0001,anchor-07,-119.62,0.38,True,1.0,GRAZING,,,SIMULATED
330.0,tag-0001,anchor-08,-91.23,28.77,True,1.0,GRAZING,,,SIMULATED
330.0,tag-0002,anchor-01,-96.66,23.34,True,1.0,GRAZING,,,SIMULATED
330.0,tag-0002,anchor-02,-88.86,31.14,True,1.0,GRAZING,,,SIMULATED
330.0,tag-0002,anchor-03,,,False,1.0,GRAZING,,,SIMULATED
330.0,tag-0002,anchor-04,-101.26,18.74,True,1.0,GRAZING,,,SIMULATED
330.0,tag-0002,anchor-05,,,False,1.0,GRAZING,,,SIMULATED
330.0,tag-0002,anchor-06,-97.72,22.28,True,1.0,GRAZING,,,SIMULATED
330.0,tag-0002,anchor-07,,,False,1.0,GRAZING,,,SIMULATED
330.0,tag-0002,anchor-08,-97.36,22.64,True,1.0,GRAZING,,,SIMULATED
330.0,tag-0003,anchor-01,-79.32,40.68,True,1.0416418706256165,GRAZING,,,SIMULATED
330.0,tag-0003,anchor-02,-95.23,24.77,True,1.0416418706256165,GRAZING,,,SIMULATED
330.0,tag-0003,anchor-03,-126.52,-6.52,True,1.0416418706256165,GRAZING,,,SIMULATED
330.0,tag-0003,anchor-04,-105.76,14.24,True,1.0416418706256165,GRAZING,,,SIMULATED
330.0,tag-0003,anchor-05,-70.0,50.0,True,1.0416418706256165,GRAZING,,,SIMULATED
330.0,tag-0003,anchor-06,,,False,1.0416418706256165,GRAZING,,,SIMULATED
330.0,tag-0003,anchor-07,-113.25,6.75,True,1.0416418706256165,GRAZING,,,SIMULATED
330.0,tag-0003,anchor-08,-108.27,11.73,True,1.0416418706256165,GRAZING,,,SIMULATED
330.0,tag-0004,anchor-01,-93.24,26.76,True,1.0170984143711044,GRAZING,,,SIMULATED
330.0,tag-0004,anchor-02,-97.85,22.15,True,1.0170984143711044,GRAZING,,,SIMULATED
330.0,tag-0004,anchor-03,-125.97,-5.97,True,1.0170984143711044,GRAZING,,,SIMULATED
330.0,tag-0004,anchor-04,-110.18,9.82,True,1.0170984143711044,GRAZING,,,SIMULATED
330.0,tag-0004,anchor-05,-79.84,40.16,True,1.0170984143711044,GRAZING,,,SIMULATED
330.0,tag-0004,anchor-06,-102.62,17.38,True,1.0170984143711044,GRAZING,,,SIMULATED
330.0,tag-0004,anchor-07,-117.93,2.07,True,1.0170984143711044,GRAZING,,,SIMULATED
330.0,tag-0004,anchor-08,-102.34,17.66,True,1.0170984143711044,GRAZING,,,SIMULATED
330.0,tag-0005,anchor-01,-89.86,30.14,True,1.0095609316243306,GRAZING,,,SIMULATED
330.0,tag-0005,anchor-02,-92.59,27.41,True,1.0095609316243306,GRAZING,,,SIMULATED
330.0,tag-0005,anchor-03,,,False,1.0095609316243306,GRAZING,,,SIMULATED
330.0,tag-0005,anchor-04,-104.7,15.3,True,1.0095609316243306,GRAZING,,,SIMULATED
330.0,tag-0005,anchor-05,-81.86,38.14,True,1.0095609316243306,GRAZING,,,SIMULATED
330.0,tag-0005,anchor-06,-99.85,20.15,True,1.0095609316243306,GRAZING,,,SIMULATED
330.0,tag-0005,anchor-07,-121.4,-1.4,True,1.0095609316243306,GRAZING,,,SIMULATED
330.0,tag-0005,anchor-08,-94.3,25.7,True,1.0095609316243306,GRAZING,,,SIMULATED
330.0,tag-0006,anchor-01,-96.14,23.86,True,1.0,GRAZING,,,SIMULATED
330.0,tag-0006,anchor-02,-95.34,24.66,True,1.0,GRAZING,,,SIMULATED
330.0,tag-0006,anchor-03,-117.18,2.82,True,1.0,GRAZING,,,SIMULATED
330.0,tag-0006,anchor-04,-123.71,-3.71,True,1.0,GRAZING,,,SIMULATED
330.0,tag-0006,anchor-05,-78.38,41.62,True,1.0,GRAZING,,,SIMULATED
330.0,tag-0006,anchor-06,-101.34,18.66,True,1.0,GRAZING,,,SIMULATED
330.0,tag-0006,anchor-07,-115.48,4.52,True,1.0,GRAZING,,,SIMULATED
330.0,tag-0006,anchor-08,-96.52,23.48,True,1.0,GRAZING,,,SIMULATED
330.0,tag-0007,anchor-01,-87.43,32.57,True,1.0093222235616515,GRAZING,,,SIMULATED
330.0,tag-0007,anchor-02,-96.54,23.46,True,1.0093222235616515,GRAZING,,,SIMULATED
330.0,tag-0007,anchor-03,-126.1,-6.1,True,1.0093222235616515,GRAZING,,,SIMULATED
330.0,tag-0007,anchor-04,-107.23,12.77,True,1.0093222235616515,GRAZING,,,SIMULATED
330.0,tag-0007,anchor-05,-80.43,39.57,True,1.0093222235616515,GRAZING,,,SIMULATED
330.0,tag-0007,anchor-06,-108.17,11.83,True,1.0093222235616515,GRAZING,,,SIMULATED
330.0,tag-0007,anchor-07,,,False,1.0093222235616515,GRAZING,,,SIMULATED
330.0,tag-0007,anchor-08,-102.27,17.73,True,1.0093222235616515,GRAZING,,,SIMULATED
330.0,tag-0008,anchor-01,-103.97,16.03,True,1.0484807374113545,RUNNING,,,SIMULATED
330.0,tag-0008,anchor-02,-87.31,32.69,True,1.0484807374113545,RUNNING,,,SIMULATED
330.0,tag-0008,anchor-03,,,False,1.0484807374113545,RUNNING,,,SIMULATED
330.0,tag-0008,anchor-04,-106.84,13.16,True,1.0484807374113545,RUNNING,,,SIMULATED
330.0,tag-0008,anchor-05,-91.01,28.99,True,1.0484807374113545,RUNNING,,,SIMULATED
330.0,tag-0008,anchor-06,-124.15,-4.15,True,1.0484807374113545,RUNNING,,,SIMULATED
330.0,tag-0008,anchor-07,-97.8,22.2,True,1.0484807374113545,RUNNING,,,SIMULATED
330.0,tag-0008,anchor-08,-94.91,25.09,True,1.0484807374113545,RUNNING,,,SIMULATED
330.0,tag-0009,anchor-01,-101.32,18.68,True,1.0286916160671757,GRAZING,,,SIMULATED
330.0,tag-0009,anchor-02,-93.62,26.38,True,1.0286916160671757,GRAZING,,,SIMULATED
330.0,tag-0009,anchor-03,,,False,1.0286916160671757,GRAZING,,,SIMULATED
330.0,tag-0009,anchor-04,-109.74,10.26,True,1.0286916160671757,GRAZING,,,SIMULATED
330.0,tag-0009,anchor-05,-85.73,34.27,True,1.0286916160671757,GRAZING,,,SIMULATED
330.0,tag-0009,anchor-06,-101.46,18.54,True,1.0286916160671757,GRAZING,,,SIMULATED
330.0,tag-0009,anchor-07,-102.05,17.95,True,1.0286916160671757,GRAZING,,,SIMULATED
330.0,tag-0009,anchor-08,-97.66,22.34,True,1.0286916160671757,GRAZING,,,SIMULATED
330.0,tag-0010,anchor-01,-84.14,35.86,True,1.0064164126789255,GRAZING,,,SIMULATED
330.0,tag-0010,anchor-02,-102.07,17.93,True,1.0064164126789255,GRAZING,,,SIMULATED
330.0,tag-0010,anchor-03,-121.83,-1.83,True,1.0064164126789255,GRAZING,,,SIMULATED
330.0,tag-0010,anchor-04,-110.32,9.68,True,1.0064164126789255,GRAZING,,,SIMULATED
330.0,tag-0010,anchor-05,-77.55,42.45,True,1.0064164126789255,GRAZING,,,SIMULATED
330.0,tag-0010,anchor-06,-110.63,9.37,True,1.0064164126789255,GRAZING,,,SIMULATED
330.0,tag-0010,anchor-07,-94.08,25.92,True,1.0064164126789255,GRAZING,,,SIMULATED
330.0,tag-0010,anchor-08,-100.62,19.38,True,1.0064164126789255,GRAZING,,,SIMULATED
330.0,tag-0011,anchor-01,-86.51,33.49,True,1.0001077100444284,GRAZING,,,SIMULATED
330.0,tag-0011,anchor-02,-96.57,23.43,True,1.0001077100444284,GRAZING,,,SIMULATED
330.0,tag-0011,anchor-03,-126.78,-6.78,True,1.0001077100444284,GRAZING,,,SIMULATED
330.0,tag-0011,anchor-04,-114.64,5.36,True,1.0001077100444284,GRAZING,,,SIMULATED
330.0,tag-0011,anchor-05,-77.9,42.1,True,1.0001077100444284,GRAZING,,,SIMULATED
330.0,tag-0011,anchor-06,-105.78,14.22,True,1.0001077100444284,GRAZING,,,SIMULATED
330.0,tag-0011,anchor-07,,,False,1.0001077100444284,GRAZING,,,SIMULATED
330.0,tag-0011,anchor-08,-94.38,25.62,True,1.0001077100444284,GRAZING,,,SIMULATED
330.0,tag-0012,anchor-01,-94.9,25.1,True,1.0078366640964733,GRAZING,,,SIMULATED
330.0,tag-0012,anchor-02,-96.55,23.45,True,1.0078366640964733,GRAZING,,,SIMULATED
330.0,tag-0012,anchor-03,,,False,1.0078366640964733,GRAZING,,,SIMULATED
330.0,tag-0012,anchor-04,-108.42,11.58,True,1.0078366640964733,GRAZING,,,SIMULATED
330.0,tag-0012,anchor-05,-83.93,36.07,True,1.0078366640964733,GRAZING,,,SIMULATED
330.0,tag-0012,anchor-06,-104.66,15.34,True,1.0078366640964733,GRAZING,,,SIMULATED
330.0,tag-0012,anchor-07,-116.49,3.51,True,1.0078366640964733,GRAZING,,,SIMULATED
330.0,tag-0012,anchor-08,-96.43,23.57,True,1.0078366640964733,GRAZING,,,SIMULATED
330.0,tag-0013,anchor-01,-100.93,19.07,True,1.0,GRAZING,,,SIMULATED
330.0,tag-0013,anchor-02,-91.42,28.58,True,1.0,GRAZING,,,SIMULATED
330.0,tag-0013,anchor-03,,,False,1.0,GRAZING,,,SIMULATED
330.0,tag-0013,anchor-04,-117.06,2.94,True,1.0,GRAZING,,,SIMULATED
330.0,tag-0013,anchor-05,-95.6,24.4,True,1.0,GRAZING,,,SIMULATED
330.0,tag-0013,anchor-06,-103.23,16.77,True,1.0,GRAZING,,,SIMULATED
330.0,tag-0013,anchor-07,-100.04,19.96,True,1.0,GRAZING,,,SIMULATED
330.0,tag-0013,anchor-08,-89.24,30.76,True,1.0,GRAZING,,,SIMULATED
330.0,tag-0014,anchor-01,-94.59,25.41,True,1.0154987986265431,GRAZING,,,SIMULATED
330.0,tag-0014,anchor-02,-100.58,19.42,True,1.0154987986265431,GRAZING,,,SIMULATED
330.0,tag-0014,anchor-03,,,False,1.0154987986265431,GRAZING,,,SIMULATED
330.0,tag-0014,anchor-04,-106.77,13.23,True,1.0154987986265431,GRAZING,,,SIMULATED
330.0,tag-0014,anchor-05,-87.33,32.67,True,1.0154987986265431,GRAZING,,,SIMULATED
330.0,tag-0014,anchor-06,-102.05,17.95,True,1.0154987986265431,GRAZING,,,SIMULATED
330.0,tag-0014,anchor-07,-100.51,19.49,True,1.0154987986265431,GRAZING,,,SIMULATED
330.0,tag-0014,anchor-08,-88.02,31.98,True,1.0154987986265431,GRAZING,,,SIMULATED
330.0,tag-0015,anchor-01,-96.96,23.04,True,1.004873273101412,GRAZING,,,SIMULATED
330.0,tag-0015,anchor-02,-105.28,14.72,True,1.004873273101412,GRAZING,,,SIMULATED
330.0,tag-0015,anchor-03,,,False,1.004873273101412,GRAZING,,,SIMULATED
330.0,tag-0015,anchor-04,-98.11,21.89,True,1.004873273101412,GRAZING,,,SIMULATED
330.0,tag-0015,anchor-05,-90.85,29.15,True,1.004873273101412,GRAZING,,,SIMULATED
330.0,tag-0015,anchor-06,-99.39,20.61,True,1.004873273101412,GRAZING,,,SIMULATED
330.0,tag-0015,anchor-07,-119.52,0.48,True,1.004873273101412,GRAZING,,,SIMULATED
330.0,tag-0015,anchor-08,-89.88,30.12,True,1.004873273101412,GRAZING,,,SIMULATED
330.0,tag-0016,anchor-01,-82.61,37.39,True,1.0,GRAZING,,,SIMULATED
330.0,tag-0016,anchor-02,-96.75,23.25,True,1.0,GRAZING,,,SIMULATED
330.0,tag-0016,anchor-03,,,False,1.0,GRAZING,,,SIMULATED
330.0,tag-0016,anchor-04,-104.64,15.36,True,1.0,GRAZING,,,SIMULATED
330.0,tag-0016,anchor-05,,,False,1.0,GRAZING,,,SIMULATED
330.0,tag-0016,anchor-06,-104.89,15.11,True,1.0,GRAZING,,,SIMULATED
330.0,tag-0016,anchor-07,-117.26,2.74,True,1.0,GRAZING,,,SIMULATED
330.0,tag-0016,anchor-08,-101.06,18.94,True,1.0,GRAZING,,,SIMULATED
330.0,tag-0017,anchor-01,-90.33,29.67,True,1.0198835847351695,GRAZING,,,SIMULATED
330.0,tag-0017,anchor-02,-93.39,26.61,True,1.0198835847351695,GRAZING,,,SIMULATED
330.0,tag-0017,anchor-03,,,False,1.0198835847351695,GRAZING,,,SIMULATED
330.0,tag-0017,anchor-04,-112.22,7.78,True,1.0198835847351695,GRAZING,,,SIMULATED
330.0,tag-0017,anchor-05,-85.34,34.66,True,1.0198835847351695,GRAZING,,,SIMULATED
330.0,tag-0017,anchor-06,-94.95,25.05,True,1.0198835847351695,GRAZING,,,SIMULATED
330.0,tag-0017,anchor-07,-117.44,2.56,True,1.0198835847351695,GRAZING,,,SIMULATED
330.0,tag-0017,anchor-08,-94.22,25.78,True,1.0198835847351695,GRAZING,,,SIMULATED
330.0,tag-0018,anchor-01,-83.55,36.45,True,1.0271400930223347,GRAZING,,,SIMULATED
330.0,tag-0018,anchor-02,-93.23,26.77,True,1.0271400930223347,GRAZING,,,SIMULATED
330.0,tag-0018,anchor-03,,,False,1.0271400930223347,GRAZING,,,SIMULATED
330.0,tag-0018,anchor-04,-106.41,13.59,True,1.0271400930223347,GRAZING,,,SIMULATED
330.0,tag-0018,anchor-05,-86.58,33.42,True,1.0271400930223347,GRAZING,,,SIMULATED
330.0,tag-0018,anchor-06,-97.45,22.55,True,1.0271400930223347,GRAZING,,,SIMULATED
330.0,tag-0018,anchor-07,-124.73,-4.73,True,1.0271400930223347,GRAZING,,,SIMULATED
330.0,tag-0018,anchor-08,,,False,1.0271400930223347,GRAZING,,,SIMULATED
330.0,tag-0019,anchor-01,-87.43,32.57,True,1.0,GRAZING,,,SIMULATED
330.0,tag-0019,anchor-02,-95.13,24.87,True,1.0,GRAZING,,,SIMULATED
330.0,tag-0019,anchor-03,-123.85,-3.85,True,1.0,GRAZING,,,SIMULATED
330.0,tag-0019,anchor-04,-102.61,17.39,True,1.0,GRAZING,,,SIMULATED
330.0,tag-0019,anchor-05,-83.17,36.83,True,1.0,GRAZING,,,SIMULATED
330.0,tag-0019,anchor-06,-99.24,20.76,True,1.0,GRAZING,,,SIMULATED
330.0,tag-0019,anchor-07,-119.09,0.91,True,1.0,GRAZING,,,SIMULATED
330.0,tag-0019,anchor-08,-105.93,14.07,True,1.0,GRAZING,,,SIMULATED
330.0,tag-0020,anchor-01,-82.51,37.49,True,1.0,GRAZING,,,SIMULATED
330.0,tag-0020,anchor-02,-94.73,25.27,True,1.0,GRAZING,,,SIMULATED
330.0,tag-0020,anchor-03,-126.69,-6.69,True,1.0,GRAZING,,,SIMULATED
330.0,tag-0020,anchor-04,-113.11,6.89,True,1.0,GRAZING,,,SIMULATED
330.0,tag-0020,anchor-05,-84.39,35.61,True,1.0,GRAZING,,,SIMULATED
330.0,tag-0020,anchor-06,-103.29,16.71,True,1.0,GRAZING,,,SIMULATED
330.0,tag-0020,anchor-07,-96.59,23.41,True,1.0,GRAZING,,,SIMULATED
330.0,tag-0020,anchor-08,-92.08,27.92,True,1.0,GRAZING,,,SIMULATED
360.0,tag-0001,anchor-01,-89.0,31.0,True,1.0,GRAZING,,,SIMULATED
360.0,tag-0001,anchor-02,-103.96,16.04,True,1.0,GRAZING,,,SIMULATED
360.0,tag-0001,anchor-03,,,False,1.0,GRAZING,,,SIMULATED
360.0,tag-0001,anchor-04,-110.17,9.83,True,1.0,GRAZING,,,SIMULATED
360.0,tag-0001,anchor-05,-82.12,37.88,True,1.0,GRAZING,,,SIMULATED
360.0,tag-0001,anchor-06,-93.54,26.46,True,1.0,GRAZING,,,SIMULATED
360.0,tag-0001,anchor-07,-118.93,1.07,True,1.0,GRAZING,,,SIMULATED
360.0,tag-0001,anchor-08,,,False,1.0,GRAZING,,,SIMULATED
360.0,tag-0002,anchor-01,-99.33,20.67,True,1.0039099821209947,GRAZING,,,SIMULATED
360.0,tag-0002,anchor-02,-91.45,28.55,True,1.0039099821209947,GRAZING,,,SIMULATED
360.0,tag-0002,anchor-03,,,False,1.0039099821209947,GRAZING,,,SIMULATED
360.0,tag-0002,anchor-04,-103.15,16.85,True,1.0039099821209947,GRAZING,,,SIMULATED
360.0,tag-0002,anchor-05,,,False,1.0039099821209947,GRAZING,,,SIMULATED
360.0,tag-0002,anchor-06,-102.49,17.51,True,1.0039099821209947,GRAZING,,,SIMULATED
360.0,tag-0002,anchor-07,-122.79,-2.79,True,1.0039099821209947,GRAZING,,,SIMULATED
360.0,tag-0002,anchor-08,-101.75,18.25,True,1.0039099821209947,GRAZING,,,SIMULATED
360.0,tag-0003,anchor-01,-87.91,32.09,True,1.0,GRAZING,,,SIMULATED
360.0,tag-0003,anchor-02,-93.82,26.18,True,1.0,GRAZING,,,SIMULATED
360.0,tag-0003,anchor-03,-123.44,-3.44,True,1.0,GRAZING,,,SIMULATED
360.0,tag-0003,anchor-04,-109.85,10.15,True,1.0,GRAZING,,,SIMULATED
360.0,tag-0003,anchor-05,-67.14,52.86,True,1.0,GRAZING,,,SIMULATED
360.0,tag-0003,anchor-06,-102.11,17.89,True,1.0,GRAZING,,,SIMULATED
360.0,tag-0003,anchor-07,-118.35,1.65,True,1.0,GRAZING,,,SIMULATED
360.0,tag-0003,anchor-08,-101.55,18.45,True,1.0,GRAZING,,,SIMULATED
360.0,tag-0004,anchor-01,-94.77,25.23,True,1.0,GRAZING,,,SIMULATED
360.0,tag-0004,anchor-02,-98.37,21.63,True,1.0,GRAZING,,,SIMULATED
360.0,tag-0004,anchor-03,,,False,1.0,GRAZING,,,SIMULATED
360.0,tag-0004,anchor-04,-107.83,12.17,True,1.0,GRAZING,,,SIMULATED
360.0,tag-0004,anchor-05,-84.76,35.24,True,1.0,GRAZING,,,SIMULATED
360.0,tag-0004,anchor-06,-103.87,16.13,True,1.0,GRAZING,,,SIMULATED
360.0,tag-0004,anchor-07,-116.7,3.3,True,1.0,GRAZING,,,SIMULATED
360.0,tag-0004,anchor-08,-91.6,28.4,True,1.0,GRAZING,,,SIMULATED
360.0,tag-0005,anchor-01,-89.08,30.92,True,1.0,GRAZING,,,SIMULATED
360.0,tag-0005,anchor-02,-89.36,30.64,True,1.0,GRAZING,,,SIMULATED
360.0,tag-0005,anchor-03,,,False,1.0,GRAZING,,,SIMULATED
360.0,tag-0005,anchor-04,-101.67,18.33,True,1.0,GRAZING,,,SIMULATED
360.0,tag-0005,anchor-05,-79.28,40.72,True,1.0,GRAZING,,,SIMULATED
360.0,tag-0005,anchor-06,-100.23,19.77,True,1.0,GRAZING,,,SIMULATED
360.0,tag-0005,anchor-07,-122.56,-2.56,True,1.0,GRAZING,,,SIMULATED
360.0,tag-0005,anchor-08,-92.17,27.83,True,1.0,GRAZING,,,SIMULATED
360.0,tag-0006,anchor-01,-98.76,21.24,True,1.0078413221409146,GRAZING,,,SIMULATED
360.0,tag-0006,anchor-02,-91.84,28.16,True,1.0078413221409146,GRAZING,,,SIMULATED
360.0,tag-0006,anchor-03,-125.79,-5.79,True,1.0078413221409146,GRAZING,,,SIMULATED
360.0,tag-0006,anchor-04,-123.03,-3.03,True,1.0078413221409146,GRAZING,,,SIMULATED
360.0,tag-0006,anchor-05,-73.38,46.62,True,1.0078413221409146,GRAZING,,,SIMULATED
360.0,tag-0006,anchor-06,-99.19,20.81,True,1.0078413221409146,GRAZING,,,SIMULATED
360.0,tag-0006,anchor-07,-121.26,-1.26,True,1.0078413221409146,GRAZING,,,SIMULATED
360.0,tag-0006,anchor-08,-95.68,24.32,True,1.0078413221409146,GRAZING,,,SIMULATED
360.0,tag-0007,anchor-01,-86.21,33.79,True,1.0,GRAZING,,,SIMULATED
360.0,tag-0007,anchor-02,-98.19,21.81,True,1.0,GRAZING,,,SIMULATED
360.0,tag-0007,anchor-03,,,False,1.0,GRAZING,,,SIMULATED
360.0,tag-0007,anchor-04,-106.99,13.01,True,1.0,GRAZING,,,SIMULATED
360.0,tag-0007,anchor-05,-79.4,40.6,True,1.0,GRAZING,,,SIMULATED
360.0,tag-0007,anchor-06,-108.42,11.58,True,1.0,GRAZING,,,SIMULATED
360.0,tag-0007,anchor-07,-126.12,-6.12,True,1.0,GRAZING,,,SIMULATED
360.0,tag-0007,anchor-08,-106.3,13.7,True,1.0,GRAZING,,,SIMULATED
360.0,tag-0008,anchor-01,-101.31,18.69,True,1.0462834101585852,GRAZING,,,SIMULATED
360.0,tag-0008,anchor-02,-89.77,30.23,True,1.0462834101585852,GRAZING,,,SIMULATED
360.0,tag-0008,anchor-03,,,False,1.0462834101585852,GRAZING,,,SIMULATED
360.0,tag-0008,anchor-04,-107.96,12.04,True,1.0462834101585852,GRAZING,,,SIMULATED
360.0,tag-0008,anchor-05,-94.63,25.37,True,1.0462834101585852,GRAZING,,,SIMULATED
360.0,tag-0008,anchor-06,,,False,1.0462834101585852,GRAZING,,,SIMULATED
360.0,tag-0008,anchor-07,-100.44,19.56,True,1.0462834101585852,GRAZING,,,SIMULATED
360.0,tag-0008,anchor-08,-98.21,21.79,True,1.0462834101585852,GRAZING,,,SIMULATED
360.0,tag-0009,anchor-01,-100.55,19.45,True,1.0085494197178055,GRAZING,,,SIMULATED
360.0,tag-0009,anchor-02,-94.67,25.33,True,1.0085494197178055,GRAZING,,,SIMULATED
360.0,tag-0009,anchor-03,,,False,1.0085494197178055,GRAZING,,,SIMULATED
360.0,tag-0009,anchor-04,-103.09,16.91,True,1.0085494197178055,GRAZING,,,SIMULATED
360.0,tag-0009,anchor-05,-86.68,33.32,True,1.0085494197178055,GRAZING,,,SIMULATED
360.0,tag-0009,anchor-06,-101.85,18.15,True,1.0085494197178055,GRAZING,,,SIMULATED
360.0,tag-0009,anchor-07,-102.38,17.62,True,1.0085494197178055,GRAZING,,,SIMULATED
360.0,tag-0009,anchor-08,-101.12,18.88,True,1.0085494197178055,GRAZING,,,SIMULATED
360.0,tag-0010,anchor-01,-85.08,34.92,True,1.0056503318163874,GRAZING,,,SIMULATED
360.0,tag-0010,anchor-02,-98.58,21.42,True,1.0056503318163874,GRAZING,,,SIMULATED
360.0,tag-0010,anchor-03,-122.9,-2.9,True,1.0056503318163874,GRAZING,,,SIMULATED
360.0,tag-0010,anchor-04,-113.46,6.54,True,1.0056503318163874,GRAZING,,,SIMULATED
360.0,tag-0010,anchor-05,-81.4,38.6,True,1.0056503318163874,GRAZING,,,SIMULATED
360.0,tag-0010,anchor-06,-100.34,19.66,True,1.0056503318163874,GRAZING,,,SIMULATED
360.0,tag-0010,anchor-07,-97.84,22.16,True,1.0056503318163874,GRAZING,,,SIMULATED
360.0,tag-0010,anchor-08,-99.59,20.41,True,1.0056503318163874,GRAZING,,,SIMULATED
360.0,tag-0011,anchor-01,-87.57,32.43,True,1.010450597035667,GRAZING,,,SIMULATED
360.0,tag-0011,anchor-02,-99.01,20.99,True,1.010450597035667,GRAZING,,,SIMULATED
360.0,tag-0011,anchor-03,-121.56,-1.56,True,1.010450597035667,GRAZING,,,SIMULATED
360.0,tag-0011,anchor-04,-110.55,9.45,True,1.010450597035667,GRAZING,,,SIMULATED
360.0,tag-0011,anchor-05,-80.04,39.96,True,1.010450597035667,GRAZING,,,SIMULATED
360.0,tag-0011,anchor-06,-109.26,10.74,True,1.010450597035667,GRAZING,,,SIMULATED
360.0,tag-0011,anchor-07,-122.75,-2.75,True,1.010450597035667,GRAZING,,,SIMULATED
360.0,tag-0011,anchor-08,-96.37,23.63,True,1.010450597035667,GRAZING,,,SIMULATED
360.0,tag-0012,anchor-01,-94.36,25.64,True,1.0031347257779366,GRAZING,,,SIMULATED
360.0,tag-0012,anchor-02,,,False,1.0031347257779366,GRAZING,,,SIMULATED
360.0,tag-0012,anchor-03,,,False,1.0031347257779366,GRAZING,,,SIMULATED
360.0,tag-0012,anchor-04,-109.17,10.83,True,1.0031347257779366,GRAZING,,,SIMULATED
360.0,tag-0012,anchor-05,,,False,1.0031347257779366,GRAZING,,,SIMULATED
360.0,tag-0012,anchor-06,-95.84,24.16,True,1.0031347257779366,GRAZING,,,SIMULATED
360.0,tag-0012,anchor-07,,,False,1.0031347257779366,GRAZING,,,SIMULATED
360.0,tag-0012,anchor-08,-91.34,28.66,True,1.0031347257779366,GRAZING,,,SIMULATED
360.0,tag-0013,anchor-01,-94.65,25.35,True,1.0,GRAZING,,,SIMULATED
360.0,tag-0013,anchor-02,-91.85,28.15,True,1.0,GRAZING,,,SIMULATED
360.0,tag-0013,anchor-03,,,False,1.0,GRAZING,,,SIMULATED
360.0,tag-0013,anchor-04,-110.79,9.21,True,1.0,GRAZING,,,SIMULATED
360.0,tag-0013,anchor-05,-90.83,29.17,True,1.0,GRAZING,,,SIMULATED
360.0,tag-0013,anchor-06,-105.35,14.65,True,1.0,GRAZING,,,SIMULATED
360.0,tag-0013,anchor-07,-94.5,25.5,True,1.0,GRAZING,,,SIMULATED
360.0,tag-0013,anchor-08,,,False,1.0,GRAZING,,,SIMULATED
360.0,tag-0014,anchor-01,-101.08,18.92,True,1.0118373544491102,GRAZING,,,SIMULATED
360.0,tag-0014,anchor-02,-98.57,21.43,True,1.0118373544491102,GRAZING,,,SIMULATED
360.0,tag-0014,anchor-03,,,False,1.0118373544491102,GRAZING,,,SIMULATED
360.0,tag-0014,anchor-04,-101.24,18.76,True,1.0118373544491102,GRAZING,,,SIMULATED
360.0,tag-0014,anchor-05,-92.36,27.64,True,1.0118373544491102,GRAZING,,,SIMULATED
360.0,tag-0014,anchor-06,-103.71,16.29,True,1.0118373544491102,GRAZING,,,SIMULATED
360.0,tag-0014,anchor-07,-100.16,19.84,True,1.0118373544491102,GRAZING,,,SIMULATED
360.0,tag-0014,anchor-08,-86.24,33.76,True,1.0118373544491102,GRAZING,,,SIMULATED
360.0,tag-0015,anchor-01,-99.45,20.55,True,1.0007403912685215,GRAZING,,,SIMULATED
360.0,tag-0015,anchor-02,-104.43,15.57,True,1.0007403912685215,GRAZING,,,SIMULATED
360.0,tag-0015,anchor-03,,,False,1.0007403912685215,GRAZING,,,SIMULATED
360.0,tag-0015,anchor-04,-98.42,21.58,True,1.0007403912685215,GRAZING,,,SIMULATED
360.0,tag-0015,anchor-05,-93.66,26.34,True,1.0007403912685215,GRAZING,,,SIMULATED
360.0,tag-0015,anchor-06,-98.18,21.82,True,1.0007403912685215,GRAZING,,,SIMULATED
360.0,tag-0015,anchor-07,,,False,1.0007403912685215,GRAZING,,,SIMULATED
360.0,tag-0015,anchor-08,-92.43,27.57,True,1.0007403912685215,GRAZING,,,SIMULATED
360.0,tag-0016,anchor-01,-84.83,35.17,True,1.0,GRAZING,,,SIMULATED
360.0,tag-0016,anchor-02,-96.5,23.5,True,1.0,GRAZING,,,SIMULATED
360.0,tag-0016,anchor-03,,,False,1.0,GRAZING,,,SIMULATED
360.0,tag-0016,anchor-04,-102.77,17.23,True,1.0,GRAZING,,,SIMULATED
360.0,tag-0016,anchor-05,-75.69,44.31,True,1.0,GRAZING,,,SIMULATED
360.0,tag-0016,anchor-06,-98.08,21.92,True,1.0,GRAZING,,,SIMULATED
360.0,tag-0016,anchor-07,-118.09,1.91,True,1.0,GRAZING,,,SIMULATED
360.0,tag-0016,anchor-08,-108.82,11.18,True,1.0,GRAZING,,,SIMULATED
360.0,tag-0017,anchor-01,-84.86,35.14,True,1.0,GRAZING,,,SIMULATED
360.0,tag-0017,anchor-02,-91.35,28.65,True,1.0,GRAZING,,,SIMULATED
360.0,tag-0017,anchor-03,,,False,1.0,GRAZING,,,SIMULATED
360.0,tag-0017,anchor-04,-110.51,9.49,True,1.0,GRAZING,,,SIMULATED
360.0,tag-0017,anchor-05,-83.94,36.06,True,1.0,GRAZING,,,SIMULATED
360.0,tag-0017,anchor-06,-101.94,18.06,True,1.0,GRAZING,,,SIMULATED
360.0,tag-0017,anchor-07,-115.39,4.61,True,1.0,GRAZING,,,SIMULATED
360.0,tag-0017,anchor-08,-92.85,27.15,True,1.0,GRAZING,,,SIMULATED
360.0,tag-0018,anchor-01,-84.29,35.71,True,1.0,GRAZING,,,SIMULATED
360.0,tag-0018,anchor-02,-97.74,22.26,True,1.0,GRAZING,,,SIMULATED
360.0,tag-0018,anchor-03,,,False,1.0,GRAZING,,,SIMULATED
360.0,tag-0018,anchor-04,-107.2,12.8,True,1.0,GRAZING,,,SIMULATED
360.0,tag-0018,anchor-05,-83.61,36.39,True,1.0,GRAZING,,,SIMULATED
360.0,tag-0018,anchor-06,-93.26,26.74,True,1.0,GRAZING,,,SIMULATED
360.0,tag-0018,anchor-07,,,False,1.0,GRAZING,,,SIMULATED
360.0,tag-0018,anchor-08,-91.27,28.73,True,1.0,GRAZING,,,SIMULATED
360.0,tag-0019,anchor-01,-87.01,32.99,True,1.0,GRAZING,,,SIMULATED
360.0,tag-0019,anchor-02,,,False,1.0,GRAZING,,,SIMULATED
360.0,tag-0019,anchor-03,-123.64,-3.64,True,1.0,GRAZING,,,SIMULATED
360.0,tag-0019,anchor-04,-102.15,17.85,True,1.0,GRAZING,,,SIMULATED
360.0,tag-0019,anchor-05,-86.35,33.65,True,1.0,GRAZING,,,SIMULATED
360.0,tag-0019,anchor-06,,,False,1.0,GRAZING,,,SIMULATED
360.0,tag-0019,anchor-07,-124.41,-4.41,True,1.0,GRAZING,,,SIMULATED
360.0,tag-0019,anchor-08,-101.76,18.24,True,1.0,GRAZING,,,SIMULATED
360.0,tag-0020,anchor-01,-81.21,38.79,True,1.0023549136914283,GRAZING,,,SIMULATED
360.0,tag-0020,anchor-02,-95.64,24.36,True,1.0023549136914283,GRAZING,,,SIMULATED
360.0,tag-0020,anchor-03,-126.01,-6.01,True,1.0023549136914283,GRAZING,,,SIMULATED
360.0,tag-0020,anchor-04,-113.84,6.16,True,1.0023549136914283,GRAZING,,,SIMULATED
360.0,tag-0020,anchor-05,-87.79,32.21,True,1.0023549136914283,GRAZING,,,SIMULATED
360.0,tag-0020,anchor-06,-107.5,12.5,True,1.0023549136914283,GRAZING,,,SIMULATED
360.0,tag-0020,anchor-07,-95.71,24.29,True,1.0023549136914283,GRAZING,,,SIMULATED
360.0,tag-0020,anchor-08,-94.32,25.68,True,1.0023549136914283,GRAZING,,,SIMULATED
390.0,tag-0001,anchor-01,,,False,1.0,GRAZING,,,SIMULATED
390.0,tag-0001,anchor-02,-97.28,22.72,True,1.0,GRAZING,,,SIMULATED
390.0,tag-0001,anchor-03,-124.24,-4.24,True,1.0,GRAZING,,,SIMULATED
390.0,tag-0001,anchor-04,-108.72,11.28,True,1.0,GRAZING,,,SIMULATED
390.0,tag-0001,anchor-05,-80.78,39.22,True,1.0,GRAZING,,,SIMULATED
390.0,tag-0001,anchor-06,-100.32,19.68,True,1.0,GRAZING,,,SIMULATED
390.0,tag-0001,anchor-07,-114.68,5.32,True,1.0,GRAZING,,,SIMULATED
390.0,tag-0001,anchor-08,-93.26,26.74,True,1.0,GRAZING,,,SIMULATED
390.0,tag-0002,anchor-01,-95.84,24.16,True,1.0,GRAZING,,,SIMULATED
390.0,tag-0002,anchor-02,-92.54,27.46,True,1.0,GRAZING,,,SIMULATED
390.0,tag-0002,anchor-03,,,False,1.0,GRAZING,,,SIMULATED
390.0,tag-0002,anchor-04,-102.78,17.22,True,1.0,GRAZING,,,SIMULATED
390.0,tag-0002,anchor-05,-80.83,39.17,True,1.0,GRAZING,,,SIMULATED
390.0,tag-0002,anchor-06,-99.5,20.5,True,1.0,GRAZING,,,SIMULATED
390.0,tag-0002,anchor-07,-119.58,0.42,True,1.0,GRAZING,,,SIMULATED
390.0,tag-0002,anchor-08,-99.19,20.81,True,1.0,GRAZING,,,SIMULATED
390.0,tag-0003,anchor-01,-87.16,32.84,True,1.0,GRAZING,,,SIMULATED
390.0,tag-0003,anchor-02,-93.79,26.21,True,1.0,GRAZING,,,SIMULATED
390.0,tag-0003,anchor-03,-120.34,-0.34,True,1.0,GRAZING,,,SIMULATED
390.0,tag-0003,anchor-04,-109.68,10.32,True,1.0,GRAZING,,,SIMULATED
390.0,tag-0003,anchor-05,-74.45,45.55,True,1.0,GRAZING,,,SIMULATED
390.0,tag-0003,anchor-06,-105.73,14.27,True,1.0,GRAZING,,,SIMULATED
390.0,tag-0003,anchor-07,-119.15,0.85,True,1.0,GRAZING,,,SIMULATED
390.0,tag-0003,anchor-08,-106.97,13.03,True,1.0,GRAZING,,,SIMULATED
390.0,tag-0004,anchor-01,-91.83,28.17,True,1.0236714511019356,GRAZING,,,SIMULATED
390.0,tag-0004,anchor-02,,,False,1.0236714511019356,GRAZING,,,SIMULATED
390.0,tag-0004,anchor-03,-125.25,-5.25,True,1.0236714511019356,GRAZING,,,SIMULATED
390.0,tag-0004,anchor-04,-108.79,11.21,True,1.0236714511019356,GRAZING,,,SIMULATED
390.0,tag-0004,anchor-05,-79.07,40.93,True,1.0236714511019356,GRAZING,,,SIMULATED
390.0,tag-0004,anchor-06,-99.59,20.41,True,1.0236714511019356,GRAZING,,,SIMULATED
390.0,tag-0004,anchor-07,-114.5,5.5,True,1.0236714511019356,GRAZING,,,SIMULATED
390.0,tag-0004,anchor-08,-96.24,23.76,True,1.0236714511019356,GRAZING,,,SIMULATED
390.0,tag-0005,anchor-01,-94.21,25.79,True,1.0,GRAZING,,,SIMULATED
390.0,tag-0005,anchor-02,-88.82,31.18,True,1.0,GRAZING,,,SIMULATED
390.0,tag-0005,anchor-03,,,False,1.0,GRAZING,,,SIMULATED
390.0,tag-0005,anchor-04,-108.67,11.33,True,1.0,GRAZING,,,SIMULATED
390.0,tag-0005,anchor-05,-78.87,41.13,True,1.0,GRAZING,,,SIMULATED
390.0,tag-0005,anchor-06,-105.81,14.19,True,1.0,GRAZING,,,SIMULATED
390.0,tag-0005,anchor-07,,,False,1.0,GRAZING,,,SIMULATED
390.0,tag-0005,anchor-08,-90.93,29.07,True,1.0,GRAZING,,,SIMULATED
390.0,tag-0006,anchor-01,-93.69,26.31,True,1.0,GRAZING,,,SIMULATED
390.0,tag-0006,anchor-02,-94.86,25.14,True,1.0,GRAZING,,,SIMULATED
390.0,tag-0006,anchor-03,,,False,1.0,GRAZING,,,SIMULATED
390.0,tag-0006,anchor-04,-116.34,3.66,True,1.0,GRAZING,,,SIMULATED
390.0,tag-0006,anchor-05,-76.95,43.05,True,1.0,GRAZING,,,SIMULATED
390.0,tag-0006,anchor-06,-98.89,21.11,True,1.0,GRAZING,,,SIMULATED
390.0,tag-0006,anchor-07,-116.82,3.18,True,1.0,GRAZING,,,SIMULATED
390.0,tag-0006,anchor-08,-90.11,29.89,True,1.0,GRAZING,,,SIMULATED
390.0,tag-0007,anchor-01,-89.06,30.94,True,1.0,GRAZING,,,SIMULATED
390.0,tag-0007,anchor-02,-97.02,22.98,True,1.0,GRAZING,,,SIMULATED
390.0,tag-0007,anchor-03,-120.84,-0.84,True,1.0,GRAZING,,,SIMULATED
390.0,tag-0007,anchor-04,-112.2,7.8,True,1.0,GRAZING,,,SIMULATED
390.0,tag-0007,anchor-05,-78.41,41.59,True,1.0,GRAZING,,,SIMULATED
390.0,tag-0007,anchor-06,-102.66,17.34,True,1.0,GRAZING,,,SIMULATED
390.0,tag-0007,anchor-07,,,False,1.0,GRAZING,,,SIMULATED
390.0,tag-0007,anchor-08,,,False,1.0,GRAZING,,,SIMULATED
390.0,tag-0008,anchor-01,-95.72,24.28,True,1.0082098295140722,GRAZING,,,SIMULATED
390.0,tag-0008,anchor-02,-85.72,34.28,True,1.0082098295140722,GRAZING,,,SIMULATED
390.0,tag-0008,anchor-03,,,False,1.0082098295140722,GRAZING,,,SIMULATED
390.0,tag-0008,anchor-04,-109.1,10.9,True,1.0082098295140722,GRAZING,,,SIMULATED
390.0,tag-0008,anchor-05,-90.4,29.6,True,1.0082098295140722,GRAZING,,,SIMULATED
390.0,tag-0008,anchor-06,,,False,1.0082098295140722,GRAZING,,,SIMULATED
390.0,tag-0008,anchor-07,,,False,1.0082098295140722,GRAZING,,,SIMULATED
390.0,tag-0008,anchor-08,-89.57,30.43,True,1.0082098295140722,GRAZING,,,SIMULATED
390.0,tag-0009,anchor-01,-101.61,18.39,True,1.0085131812024766,GRAZING,,,SIMULATED
390.0,tag-0009,anchor-02,-98.45,21.55,True,1.0085131812024766,GRAZING,,,SIMULATED
390.0,tag-0009,anchor-03,,,False,1.0085131812024766,GRAZING,,,SIMULATED
390.0,tag-0009,anchor-04,,,False,1.0085131812024766,GRAZING,,,SIMULATED
390.0,tag-0009,anchor-05,-87.11,32.89,True,1.0085131812024766,GRAZING,,,SIMULATED
390.0,tag-0009,anchor-06,-98.2,21.8,True,1.0085131812024766,GRAZING,,,SIMULATED
390.0,tag-0009,anchor-07,-100.21,19.79,True,1.0085131812024766,GRAZING,,,SIMULATED
390.0,tag-0009,anchor-08,-102.56,17.44,True,1.0085131812024766,GRAZING,,,SIMULATED
390.0,tag-0010,anchor-01,,,False,1.0026509312978031,GRAZING,,,SIMULATED
390.0,tag-0010,anchor-02,-94.32,25.68,True,1.0026509312978031,GRAZING,,,SIMULATED
390.0,tag-0010,anchor-03,-126.05,-6.05,True,1.0026509312978031,GRAZING,,,SIMULATED
390.0,tag-0010,anchor-04,-106.8,13.2,True,1.0026509312978031,GRAZING,,,SIMULATED
390.0,tag-0010,anchor-05,-82.97,37.03,True,1.0026509312978031,GRAZING,,,SIMULATED
390.0,tag-0010,anchor-06,-99.32,20.68,True,1.0026509312978031,GRAZING,,,SIMULATED
390.0,tag-0010,anchor-07,-98.26,21.74,True,1.0026509312978031,GRAZING,,,SIMULATED
390.0,tag-0010,anchor-08,-104.1,15.9,True,1.0026509312978031,GRAZING,,,SIMULATED
390.0,tag-0011,anchor-01,-90.55,29.45,True,1.02351241379395,GRAZING,,,SIMULATED
390.0,tag-0011,anchor-02,,,False,1.02351241379395,GRAZING,,,SIMULATED
390.0,tag-0011,anchor-03,,,False,1.02351241379395,GRAZING,,,SIMULATED
390.0,tag-0011,anchor-04,-112.07,7.93,True,1.02351241379395,GRAZING,,,SIMULATED
390.0,tag-0011,anchor-05,-80.87,39.13,True,1.02351241379395,GRAZING,,,SIMULATED
390.0,tag-0011,anchor-06,-107.48,12.52,True,1.02351241379395,GRAZING,,,SIMULATED
390.0,tag-0011,anchor-07,-124.35,-4.35,True,1.02351241379395,GRAZING,,,SIMULATED
390.0,tag-0011,anchor-08,-92.83,27.17,True,1.02351241379395,GRAZING,,,SIMULATED
390.0,tag-0012,anchor-01,-94.52,25.48,True,1.0105975381709211,GRAZING,,,SIMULATED
390.0,tag-0012,anchor-02,-93.61,26.39,True,1.0105975381709211,GRAZING,,,SIMULATED
390.0,tag-0012,anchor-03,,,False,1.0105975381709211,GRAZING,,,SIMULATED
390.0,tag-0012,anchor-04,-110.16,9.84,True,1.0105975381709211,GRAZING,,,SIMULATED
390.0,tag-0012,anchor-05,-87.02,32.98,True,1.0105975381709211,GRAZING,,,SIMULATED
390.0,tag-0012,anchor-06,-96.69,23.31,True,1.0105975381709211,GRAZING,,,SIMULATED
390.0,tag-0012,anchor-07,-119.21,0.79,True,1.0105975381709211,GRAZING,,,SIMULATED
390.0,tag-0012,anchor-08,-93.82,26.18,True,1.0105975381709211,GRAZING,,,SIMULATED
390.0,tag-0013,anchor-01,-97.1,22.9,True,1.0,GRAZING,,,SIMULATED
390.0,tag-0013,anchor-02,-94.94,25.06,True,1.0,GRAZING,,,SIMULATED
390.0,tag-0013,anchor-03,,,False,1.0,GRAZING,,,SIMULATED
390.0,tag-0013,anchor-04,,,False,1.0,GRAZING,,,SIMULATED
390.0,tag-0013,anchor-05,-94.23,25.77,True,1.0,GRAZING,,,SIMULATED
390.0,tag-0013,anchor-06,-101.02,18.98,True,1.0,GRAZING,,,SIMULATED
390.0,tag-0013,anchor-07,-99.84,20.16,True,1.0,GRAZING,,,SIMULATED
390.0,tag-0013,anchor-08,-92.57,27.43,True,1.0,GRAZING,,,SIMULATED
390.0,tag-0014,anchor-01,-102.75,17.25,True,1.0089500036812502,GRAZING,,,SIMULATED
390.0,tag-0014,anchor-02,-103.07,16.93,True,1.0089500036812502,GRAZING,,,SIMULATED
390.0,tag-0014,anchor-03,,,False,1.0089500036812502,GRAZING,,,SIMULATED
390.0,tag-0014,anchor-04,-97.61,22.39,True,1.0089500036812502,GRAZING,,,SIMULATED
390.0,tag-0014,anchor-05,-89.04,30.96,True,1.0089500036812502,GRAZING,,,SIMULATED
390.0,tag-0014,anchor-06,-105.85,14.15,True,1.0089500036812502,GRAZING,,,SIMULATED
390.0,tag-0014,anchor-07,-99.57,20.43,True,1.0089500036812502,GRAZING,,,SIMULATED
390.0,tag-0014,anchor-08,-84.28,35.72,True,1.0089500036812502,GRAZING,,,SIMULATED
390.0,tag-0015,anchor-01,-102.83,17.17,True,1.0248187914025269,GRAZING,,,SIMULATED
390.0,tag-0015,anchor-02,-97.22,22.78,True,1.0248187914025269,GRAZING,,,SIMULATED
390.0,tag-0015,anchor-03,-126.16,-6.16,True,1.0248187914025269,GRAZING,,,SIMULATED
390.0,tag-0015,anchor-04,-102.98,17.02,True,1.0248187914025269,GRAZING,,,SIMULATED
390.0,tag-0015,anchor-05,-89.43,30.57,True,1.0248187914025269,GRAZING,,,SIMULATED
390.0,tag-0015,anchor-06,-101.7,18.3,True,1.0248187914025269,GRAZING,,,SIMULATED
390.0,tag-0015,anchor-07,-124.27,-4.27,True,1.0248187914025269,GRAZING,,,SIMULATED
390.0,tag-0015,anchor-08,-88.02,31.98,True,1.0248187914025269,GRAZING,,,SIMULATED
390.0,tag-0016,anchor-01,-85.99,34.01,True,1.0191360882006697,GRAZING,,,SIMULATED
390.0,tag-0016,anchor-02,-92.98,27.02,True,1.0191360882006697,GRAZING,,,SIMULATED
390.0,tag-0016,anchor-03,,,False,1.0191360882006697,GRAZING,,,SIMULATED
390.0,tag-0016,anchor-04,-103.16,16.84,True,1.0191360882006697,GRAZING,,,SIMULATED
390.0,tag-0016,anchor-05,-77.7,42.3,True,1.0191360882006697,GRAZING,,,SIMULATED
390.0,tag-0016,anchor-06,-103.47,16.53,True,1.0191360882006697,GRAZING,,,SIMULATED
390.0,tag-0016,anchor-07,-124.24,-4.24,True,1.0191360882006697,GRAZING,,,SIMULATED
390.0,tag-0016,anchor-08,-105.6,14.4,True,1.0191360882006697,GRAZING,,,SIMULATED
390.0,tag-0017,anchor-01,-84.96,35.04,True,1.015356396740054,GRAZING,,,SIMULATED
390.0,tag-0017,anchor-02,-94.25,25.75,True,1.015356396740054,GRAZING,,,SIMULATED
390.0,tag-0017,anchor-03,,,False,1.015356396740054,GRAZING,,,SIMULATED
390.0,tag-0017,anchor-04,-105.21,14.79,True,1.015356396740054,GRAZING,,,SIMULATED
390.0,tag-0017,anchor-05,-82.05,37.95,True,1.015356396740054,GRAZING,,,SIMULATED
390.0,tag-0017,anchor-06,-99.46,20.54,True,1.015356396740054,GRAZING,,,SIMULATED
390.0,tag-0017,anchor-07,-119.85,0.15,True,1.015356396740054,GRAZING,,,SIMULATED
390.0,tag-0017,anchor-08,-92.14,27.86,True,1.015356396740054,GRAZING,,,SIMULATED
390.0,tag-0018,anchor-01,-82.83,37.17,True,1.0,GRAZING,,,SIMULATED
390.0,tag-0018,anchor-02,-91.41,28.59,True,1.0,GRAZING,,,SIMULATED
390.0,tag-0018,anchor-03,,,False,1.0,GRAZING,,,SIMULATED
390.0,tag-0018,anchor-04,-106.96,13.04,True,1.0,GRAZING,,,SIMULATED
390.0,tag-0018,anchor-05,-80.86,39.14,True,1.0,GRAZING,,,SIMULATED
390.0,tag-0018,anchor-06,-96.73,23.27,True,1.0,GRAZING,,,SIMULATED
390.0,tag-0018,anchor-07,-119.45,0.55,True,1.0,GRAZING,,,SIMULATED
390.0,tag-0018,anchor-08,-91.68,28.32,True,1.0,GRAZING,,,SIMULATED
390.0,tag-0019,anchor-01,-86.45,33.55,True,1.0,GRAZING,,,SIMULATED
390.0,tag-0019,anchor-02,-96.17,23.83,True,1.0,GRAZING,,,SIMULATED
390.0,tag-0019,anchor-03,-120.33,-0.33,True,1.0,GRAZING,,,SIMULATED
390.0,tag-0019,anchor-04,-106.34,13.66,True,1.0,GRAZING,,,SIMULATED
390.0,tag-0019,anchor-05,-80.43,39.57,True,1.0,GRAZING,,,SIMULATED
390.0,tag-0019,anchor-06,-99.82,20.18,True,1.0,GRAZING,,,SIMULATED
390.0,tag-0019,anchor-07,-123.76,-3.76,True,1.0,GRAZING,,,SIMULATED
390.0,tag-0019,anchor-08,-103.62,16.38,True,1.0,GRAZING,,,SIMULATED
390.0,tag-0020,anchor-01,-84.19,35.81,True,1.010947664371477,GRAZING,,,SIMULATED
390.0,tag-0020,anchor-02,-95.07,24.93,True,1.010947664371477,GRAZING,,,SIMULATED
390.0,tag-0020,anchor-03,,,False,1.010947664371477,GRAZING,,,SIMULATED
390.0,tag-0020,anchor-04,-110.48,9.52,True,1.010947664371477,GRAZING,,,SIMULATED
390.0,tag-0020,anchor-05,-82.68,37.32,True,1.010947664371477,GRAZING,,,SIMULATED
390.0,tag-0020,anchor-06,-112.13,7.87,True,1.010947664371477,GRAZING,,,SIMULATED
390.0,tag-0020,anchor-07,-101.03,18.97,True,1.010947664371477,GRAZING,,,SIMULATED
390.0,tag-0020,anchor-08,-94.02,25.98,True,1.010947664371477,GRAZING,,,SIMULATED
420.0,tag-0001,anchor-01,-92.38,27.62,True,1.0053906891172881,GRAZING,,,SIMULATED
420.0,tag-0001,anchor-02,-98.37,21.63,True,1.0053906891172881,GRAZING,,,SIMULATED
420.0,tag-0001,anchor-03,,,False,1.0053906891172881,GRAZING,,,SIMULATED
420.0,tag-0001,anchor-04,-104.14,15.86,True,1.0053906891172881,GRAZING,,,SIMULATED
420.0,tag-0001,anchor-05,-81.85,38.15,True,1.0053906891172881,GRAZING,,,SIMULATED
420.0,tag-0001,anchor-06,-96.88,23.12,True,1.0053906891172881,GRAZING,,,SIMULATED
420.0,tag-0001,anchor-07,-117.32,2.68,True,1.0053906891172881,GRAZING,,,SIMULATED
420.0,tag-0001,anchor-08,-91.46,28.54,True,1.0053906891172881,GRAZING,,,SIMULATED
420.0,tag-0002,anchor-01,-97.38,22.62,True,1.016945178950504,GRAZING,,,SIMULATED
420.0,tag-0002,anchor-02,-91.6,28.4,True,1.016945178950504,GRAZING,,,SIMULATED
420.0,tag-0002,anchor-03,,,False,1.016945178950504,GRAZING,,,SIMULATED
420.0,tag-0002,anchor-04,-105.19,14.81,True,1.016945178950504,GRAZING,,,SIMULATED
420.0,tag-0002,anchor-05,-80.59,39.41,True,1.016945178950504,GRAZING,,,SIMULATED
420.0,tag-0002,anchor-06,-102.35,17.65,True,1.016945178950504,GRAZING,,,SIMULATED
420.0,tag-0002,anchor-07,-120.5,-0.5,True,1.016945178950504,GRAZING,,,SIMULATED
420.0,tag-0002,anchor-08,-92.6,27.4,True,1.016945178950504,GRAZING,,,SIMULATED
420.0,tag-0003,anchor-01,-89.09,30.91,True,1.0125037256673748,GRAZING,,,SIMULATED
420.0,tag-0003,anchor-02,-98.74,21.26,True,1.0125037256673748,GRAZING,,,SIMULATED
420.0,tag-0003,anchor-03,,,False,1.0125037256673748,GRAZING,,,SIMULATED
420.0,tag-0003,anchor-04,-105.94,14.06,True,1.0125037256673748,GRAZING,,,SIMULATED
420.0,tag-0003,anchor-05,-78.07,41.93,True,1.0125037256673748,GRAZING,,,SIMULATED
420.0,tag-0003,anchor-06,-101.8,18.2,True,1.0125037256673748,GRAZING,,,SIMULATED
420.0,tag-0003,anchor-07,-119.76,0.24,True,1.0125037256673748,GRAZING,,,SIMULATED
420.0,tag-0003,anchor-08,-105.71,14.29,True,1.0125037256673748,GRAZING,,,SIMULATED
420.0,tag-0004,anchor-01,-96.15,23.85,True,1.000365395593185,GRAZING,,,SIMULATED
420.0,tag-0004,anchor-02,-95.35,24.65,True,1.000365395593185,GRAZING,,,SIMULATED
420.0,tag-0004,anchor-03,,,False,1.000365395593185,GRAZING,,,SIMULATED
420.0,tag-0004,anchor-04,-108.39,11.61,True,1.000365395593185,GRAZING,,,SIMULATED
420.0,tag-0004,anchor-05,-74.46,45.54,True,1.000365395593185,GRAZING,,,SIMULATED
420.0,tag-0004,anchor-06,-98.97,21.03,True,1.000365395593185,GRAZING,,,SIMULATED
420.0,tag-0004,anchor-07,-117.54,2.46,True,1.000365395593185,GRAZING,,,SIMULATED
420.0,tag-0004,anchor-08,-100.48,19.52,True,1.000365395593185,GRAZING,,,SIMULATED
420.0,tag-0005,anchor-01,-95.15,24.85,True,1.0128036442459403,GRAZING,,,SIMULATED
420.0,tag-0005,anchor-02,,,False,1.0128036442459403,GRAZING,,,SIMULATED
420.0,tag-0005,anchor-03,,,False,1.0128036442459403,GRAZING,,,SIMULATED
420.0,tag-0005,anchor-04,-105.34,14.66,True,1.0128036442459403,GRAZING,,,SIMULATED
420.0,tag-0005,anchor-05,-81.56,38.44,True,1.0128036442459403,GRAZING,,,SIMULATED
420.0,tag-0005,anchor-06,-103.09,16.91,True,1.0128036442459403,GRAZING,,,SIMULATED
420.0,tag-0005,anchor-07,,,False,1.0128036442459403,GRAZING,,,SIMULATED
420.0,tag-0005,anchor-08,-90.12,29.88,True,1.0128036442459403,GRAZING,,,SIMULATED
420.0,tag-0006,anchor-01,-95.41,24.59,True,1.0080976386496483,GRAZING,,,SIMULATED
420.0,tag-0006,anchor-02,-94.84,25.16,True,1.0080976386496483,GRAZING,,,SIMULATED
420.0,tag-0006,anchor-03,,,False,1.0080976386496483,GRAZING,,,SIMULATED
420.0,tag-0006,anchor-04,-117.72,2.28,True,1.0080976386496483,GRAZING,,,SIMULATED
420.0,tag-0006,anchor-05,-78.11,41.89,True,1.0080976386496483,GRAZING,,,SIMULATED
420.0,tag-0006,anchor-06,-100.42,19.58,True,1.0080976386496483,GRAZING,,,SIMULATED
420.0,tag-0006,anchor-07,-114.97,5.03,True,1.0080976386496483,GRAZING,,,SIMULATED
420.0,tag-0006,anchor-08,-97.61,22.39,True,1.0080976386496483,GRAZING,,,SIMULATED
420.0,tag-0007,anchor-01,-92.4,27.6,True,1.0030906516745337,GRAZING,,,SIMULATED
420.0,tag-0007,anchor-02,-98.38,21.62,True,1.0030906516745337,GRAZING,,,SIMULATED
420.0,tag-0007,anchor-03,-120.78,-0.78,True,1.0030906516745337,GRAZING,,,SIMULATED
420.0,tag-0007,anchor-04,-109.56,10.44,True,1.0030906516745337,GRAZING,,,SIMULATED
420.0,tag-0007,anchor-05,-79.31,40.69,True,1.0030906516745337,GRAZING,,,SIMULATED
420.0,tag-0007,anchor-06,-103.49,16.51,True,1.0030906516745337,GRAZING,,,SIMULATED
420.0,tag-0007,anchor-07,,,False,1.0030906516745337,GRAZING,,,SIMULATED
420.0,tag-0007,anchor-08,-103.52,16.48,True,1.0030906516745337,GRAZING,,,SIMULATED
420.0,tag-0008,anchor-01,-96.15,23.85,True,1.0024163547712868,GRAZING,,,SIMULATED
420.0,tag-0008,anchor-02,-86.3,33.7,True,1.0024163547712868,GRAZING,,,SIMULATED
420.0,tag-0008,anchor-03,,,False,1.0024163547712868,GRAZING,,,SIMULATED
420.0,tag-0008,anchor-04,-104.63,15.37,True,1.0024163547712868,GRAZING,,,SIMULATED
420.0,tag-0008,anchor-05,-93.54,26.46,True,1.0024163547712868,GRAZING,,,SIMULATED
420.0,tag-0008,anchor-06,-121.07,-1.07,True,1.0024163547712868,GRAZING,,,SIMULATED
420.0,tag-0008,anchor-07,-95.3,24.7,True,1.0024163547712868,GRAZING,,,SIMULATED
420.0,tag-0008,anchor-08,-88.81,31.19,True,1.0024163547712868,GRAZING,,,SIMULATED
420.0,tag-0009,anchor-01,-100.15,19.85,True,1.0,GRAZING,,,SIMULATED
420.0,tag-0009,anchor-02,-97.22,22.78,True,1.0,GRAZING,,,SIMULATED
420.0,tag-0009,anchor-03,,,False,1.0,GRAZING,,,SIMULATED
420.0,tag-0009,anchor-04,-101.58,18.42,True,1.0,GRAZING,,,SIMULATED
420.0,tag-0009,anchor-05,-91.85,28.15,True,1.0,GRAZING,,,SIMULATED
420.0,tag-0009,anchor-06,-100.86,19.14,True,1.0,GRAZING,,,SIMULATED
420.0,tag-0009,anchor-07,-101.48,18.52,True,1.0,GRAZING,,,SIMULATED
420.0,tag-0009,anchor-08,-103.59,16.41,True,1.0,GRAZING,,,SIMULATED
420.0,tag-0010,anchor-01,-83.69,36.31,True,1.0102924079232884,GRAZING,,,SIMULATED
420.0,tag-0010,anchor-02,-90.95,29.05,True,1.0102924079232884,GRAZING,,,SIMULATED
420.0,tag-0010,anchor-03,-124.54,-4.54,True,1.0102924079232884,GRAZING,,,SIMULATED
420.0,tag-0010,anchor-04,-110.2,9.8,True,1.0102924079232884,GRAZING,,,SIMULATED
420.0,tag-0010,anchor-05,-76.13,43.87,True,1.0102924079232884,GRAZING,,,SIMULATED
420.0,tag-0010,anchor-06,-103.37,16.63,True,1.0102924079232884,GRAZING,,,SIMULATED
420.0,tag-0010,anchor-07,-99.39,20.61,True,1.0102924079232884,GRAZING,,,SIMULATED
420.0,tag-0010,anchor-08,-100.26,19.74,True,1.0102924079232884,GRAZING,,,SIMULATED
420.0,tag-0011,anchor-01,-92.5,27.5,True,1.0,GRAZING,,,SIMULATED
420.0,tag-0011,anchor-02,-99.8,20.2,True,1.0,GRAZING,,,SIMULATED
420.0,tag-0011,anchor-03,,,False,1.0,GRAZING,,,SIMULATED
420.0,tag-0011,anchor-04,-108.9,11.1,True,1.0,GRAZING,,,SIMULATED
420.0,tag-0011,anchor-05,-80.91,39.09,True,1.0,GRAZING,,,SIMULATED
420.0,tag-0011,anchor-06,-108.39,11.61,True,1.0,GRAZING,,,SIMULATED
420.0,tag-0011,anchor-07,-117.91,2.09,True,1.0,GRAZING,,,SIMULATED
420.0,tag-0011,anchor-08,-93.73,26.27,True,1.0,GRAZING,,,SIMULATED
420.0,tag-0012,anchor-01,-91.19,28.81,True,1.0,GRAZING,,,SIMULATED
420.0,tag-0012,anchor-02,-103.9,16.1,True,1.0,GRAZING,,,SIMULATED
420.0,tag-0012,anchor-03,,,False,1.0,GRAZING,,,SIMULATED
420.0,tag-0012,anchor-04,-115.59,4.41,True,1.0,GRAZING,,,SIMULATED
420.0,tag-0012,anchor-05,-80.81,39.19,True,1.0,GRAZING,,,SIMULATED
420.0,tag-0012,anchor-06,-97.99,22.01,True,1.0,GRAZING,,,SIMULATED
420.0,tag-0012,anchor-07,-112.41,7.59,True,1.0,GRAZING,,,SIMULATED
420.0,tag-0012,anchor-08,-90.01,29.99,True,1.0,GRAZING,,,SIMULATED
420.0,tag-0013,anchor-01,-93.88,26.12,True,1.0000745940506726,GRAZING,,,SIMULATED
420.0,tag-0013,anchor-02,-94.55,25.45,True,1.0000745940506726,GRAZING,,,SIMULATED
420.0,tag-0013,anchor-03,-125.28,-5.28,True,1.0000745940506726,GRAZING,,,SIMULATED
420.0,tag-0013,anchor-04,-109.07,10.93,True,1.0000745940506726,GRAZING,,,SIMULATED
420.0,tag-0013,anchor-05,-96.47,23.53,True,1.0000745940506726,GRAZING,,,SIMULATED
420.0,tag-0013,anchor-06,-100.65,19.35,True,1.0000745940506726,GRAZING,,,SIMULATED
420.0,tag-0013,anchor-07,-97.52,22.48,True,1.0000745940506726,GRAZING,,,SIMULATED
420.0,tag-0013,anchor-08,-93.13,26.87,True,1.0000745940506726,GRAZING,,,SIMULATED
420.0,tag-0014,anchor-01,-103.0,17.0,True,1.0,GRAZING,,,SIMULATED
420.0,tag-0014,anchor-02,-100.69,19.31,True,1.0,GRAZING,,,SIMULATED
420.0,tag-0014,anchor-03,,,False,1.0,GRAZING,,,SIMULATED
420.0,tag-0014,anchor-04,,,False,1.0,GRAZING,,,SIMULATED
420.0,tag-0014,anchor-05,-87.09,32.91,True,1.0,GRAZING,,,SIMULATED
420.0,tag-0014,anchor-06,-105.56,14.44,True,1.0,GRAZING,,,SIMULATED
420.0,tag-0014,anchor-07,-95.44,24.56,True,1.0,GRAZING,,,SIMULATED
420.0,tag-0014,anchor-08,-91.17,28.83,True,1.0,GRAZING,,,SIMULATED
420.0,tag-0015,anchor-01,-97.18,22.82,True,1.0,GRAZING,,,SIMULATED
420.0,tag-0015,anchor-02,-102.15,17.85,True,1.0,GRAZING,,,SIMULATED
420.0,tag-0015,anchor-03,,,False,1.0,GRAZING,,,SIMULATED
420.0,tag-0015,anchor-04,-104.35,15.65,True,1.0,GRAZING,,,SIMULATED
420.0,tag-0015,anchor-05,-93.36,26.64,True,1.0,GRAZING,,,SIMULATED
420.0,tag-0015,anchor-06,-97.53,22.47,True,1.0,GRAZING,,,SIMULATED
420.0,tag-0015,anchor-07,-123.71,-3.71,True,1.0,GRAZING,,,SIMULATED
420.0,tag-0015,anchor-08,-93.42,26.58,True,1.0,GRAZING,,,SIMULATED
420.0,tag-0016,anchor-01,-88.71,31.29,True,1.0,GRAZING,,,SIMULATED
420.0,tag-0016,anchor-02,-100.95,19.05,True,1.0,GRAZING,,,SIMULATED
420.0,tag-0016,anchor-03,,,False,1.0,GRAZING,,,SIMULATED
420.0,tag-0016,anchor-04,,,False,1.0,GRAZING,,,SIMULATED
420.0,tag-0016,anchor-05,-74.41,45.59,True,1.0,GRAZING,,,SIMULATED
420.0,tag-0016,anchor-06,-102.99,17.01,True,1.0,GRAZING,,,SIMULATED
420.0,tag-0016,anchor-07,-122.61,-2.61,True,1.0,GRAZING,,,SIMULATED
420.0,tag-0016,anchor-08,-103.93,16.07,True,1.0,GRAZING,,,SIMULATED
420.0,tag-0017,anchor-01,-90.61,29.39,True,1.0,GRAZING,,,SIMULATED
420.0,tag-0017,anchor-02,-90.17,29.83,True,1.0,GRAZING,,,SIMULATED
420.0,tag-0017,anchor-03,,,False,1.0,GRAZING,,,SIMULATED
420.0,tag-0017,anchor-04,-105.88,14.12,True,1.0,GRAZING,,,SIMULATED
420.0,tag-0017,anchor-05,-80.56,39.44,True,1.0,GRAZING,,,SIMULATED
420.0,tag-0017,anchor-06,-100.14,19.86,True,1.0,GRAZING,,,SIMULATED
420.0,tag-0017,anchor-07,-119.58,0.42,True,1.0,GRAZING,,,SIMULATED
420.0,tag-0017,anchor-08,-86.76,33.24,True,1.0,GRAZING,,,SIMULATED
420.0,tag-0018,anchor-01,-82.94,37.06,True,1.008526524436279,GRAZING,,,SIMULATED
420.0,tag-0018,anchor-02,-93.18,26.82,True,1.008526524436279,GRAZING,,,SIMULATED
420.0,tag-0018,anchor-03,,,False,1.008526524436279,GRAZING,,,SIMULATED
420.0,tag-0018,anchor-04,-108.98,11.02,True,1.008526524436279,GRAZING,,,SIMULATED
420.0,tag-0018,anchor-05,,,False,1.008526524436279,GRAZING,,,SIMULATED
420.0,tag-0018,anchor-06,-95.45,24.55,True,1.008526524436279,GRAZING,,,SIMULATED
420.0,tag-0018,anchor-07,-115.87,4.13,True,1.008526524436279,GRAZING,,,SIMULATED
420.0,tag-0018,anchor-08,-84.66,35.34,True,1.008526524436279,GRAZING,,,SIMULATED
420.0,tag-0019,anchor-01,-91.83,28.17,True,1.008495926539759,GRAZING,,,SIMULATED
420.0,tag-0019,anchor-02,-100.62,19.38,True,1.008495926539759,GRAZING,,,SIMULATED
420.0,tag-0019,anchor-03,-124.75,-4.75,True,1.008495926539759,GRAZING,,,SIMULATED
420.0,tag-0019,anchor-04,-102.74,17.26,True,1.008495926539759,GRAZING,,,SIMULATED
420.0,tag-0019,anchor-05,-85.55,34.45,True,1.008495926539759,GRAZING,,,SIMULATED
420.0,tag-0019,anchor-06,-100.43,19.57,True,1.008495926539759,GRAZING,,,SIMULATED
420.0,tag-0019,anchor-07,-121.22,-1.22,True,1.008495926539759,GRAZING,,,SIMULATED
420.0,tag-0019,anchor-08,-104.76,15.24,True,1.008495926539759,GRAZING,,,SIMULATED
420.0,tag-0020,anchor-01,-80.76,39.24,True,1.0142718901485162,WALKING,,,SIMULATED
420.0,tag-0020,anchor-02,-95.1,24.9,True,1.0142718901485162,WALKING,,,SIMULATED
420.0,tag-0020,anchor-03,-124.84,-4.84,True,1.0142718901485162,WALKING,,,SIMULATED
420.0,tag-0020,anchor-04,-106.22,13.78,True,1.0142718901485162,WALKING,,,SIMULATED
420.0,tag-0020,anchor-05,-80.12,39.88,True,1.0142718901485162,WALKING,,,SIMULATED
420.0,tag-0020,anchor-06,-106.58,13.42,True,1.0142718901485162,WALKING,,,SIMULATED
420.0,tag-0020,anchor-07,-93.63,26.37,True,1.0142718901485162,WALKING,,,SIMULATED
420.0,tag-0020,anchor-08,-94.22,25.78,True,1.0142718901485162,WALKING,,,SIMULATED
450.0,tag-0001,anchor-01,-85.46,34.54,True,1.0004744401238024,GRAZING,,,SIMULATED
450.0,tag-0001,anchor-02,,,False,1.0004744401238024,GRAZING,,,SIMULATED
450.0,tag-0001,anchor-03,-125.63,-5.63,True,1.0004744401238024,GRAZING,,,SIMULATED
450.0,tag-0001,anchor-04,,,False,1.0004744401238024,GRAZING,,,SIMULATED
450.0,tag-0001,anchor-05,-78.06,41.94,True,1.0004744401238024,GRAZING,,,SIMULATED
450.0,tag-0001,anchor-06,-97.61,22.39,True,1.0004744401238024,GRAZING,,,SIMULATED
450.0,tag-0001,anchor-07,-117.77,2.23,True,1.0004744401238024,GRAZING,,,SIMULATED
450.0,tag-0001,anchor-08,-96.14,23.86,True,1.0004744401238024,GRAZING,,,SIMULATED
450.0,tag-0002,anchor-01,-98.19,21.81,True,1.0037443638642702,GRAZING,,,SIMULATED
450.0,tag-0002,anchor-02,-95.07,24.93,True,1.0037443638642702,GRAZING,,,SIMULATED
450.0,tag-0002,anchor-03,,,False,1.0037443638642702,GRAZING,,,SIMULATED
450.0,tag-0002,anchor-04,-111.16,8.84,True,1.0037443638642702,GRAZING,,,SIMULATED
450.0,tag-0002,anchor-05,,,False,1.0037443638642702,GRAZING,,,SIMULATED
450.0,tag-0002,anchor-06,-98.59,21.41,True,1.0037443638642702,GRAZING,,,SIMULATED
450.0,tag-0002,anchor-07,,,False,1.0037443638642702,GRAZING,,,SIMULATED
450.0,tag-0002,anchor-08,,,False,1.0037443638642702,GRAZING,,,SIMULATED
450.0,tag-0003,anchor-01,-99.38,20.62,True,1.0115740411999736,GRAZING,,,SIMULATED
450.0,tag-0003,anchor-02,-91.09,28.91,True,1.0115740411999736,GRAZING,,,SIMULATED
450.0,tag-0003,anchor-03,-125.92,-5.92,True,1.0115740411999736,GRAZING,,,SIMULATED
450.0,tag-0003,anchor-04,-104.61,15.39,True,1.0115740411999736,GRAZING,,,SIMULATED
450.0,tag-0003,anchor-05,-72.41,47.59,True,1.0115740411999736,GRAZING,,,SIMULATED
450.0,tag-0003,anchor-06,-99.36,20.64,True,1.0115740411999736,GRAZING,,,SIMULATED
450.0,tag-0003,anchor-07,-118.44,1.56,True,1.0115740411999736,GRAZING,,,SIMULATED
450.0,tag-0003,anchor-08,-106.52,13.48,True,1.0115740411999736,GRAZING,,,SIMULATED
450.0,tag-0004,anchor-01,-90.76,29.24,True,1.010530123735385,GRAZING,,,SIMULATED
450.0,tag-0004,anchor-02,-92.79,27.21,True,1.010530123735385,GRAZING,,,SIMULATED
450.0,tag-0004,anchor-03,,,False,1.010530123735385,GRAZING,,,SIMULATED
450.0,tag-0004,anchor-04,-108.92,11.08,True,1.010530123735385,GRAZING,,,SIMULATED
450.0,tag-0004,anchor-05,-77.26,42.74,True,1.010530123735385,GRAZING,,,SIMULATED
450.0,tag-0004,anchor-06,-104.41,15.59,True,1.010530123735385,GRAZING,,,SIMULATED
450.0,tag-0004,anchor-07,-114.43,5.57,True,1.010530123735385,GRAZING,,,SIMULATED
450.0,tag-0004,anchor-08,-97.43,22.57,True,1.010530123735385,GRAZING,,,SIMULATED
450.0,tag-0005,anchor-01,-93.39,26.61,True,1.022539807662461,GRAZING,,,SIMULATED
450.0,tag-0005,anchor-02,-94.2,25.8,True,1.022539807662461,GRAZING,,,SIMULATED
450.0,tag-0005,anchor-03,,,False,1.022539807662461,GRAZING,,,SIMULATED
450.0,tag-0005,anchor-04,-108.31,11.69,True,1.022539807662461,GRAZING,,,SIMULATED
450.0,tag-0005,anchor-05,-85.91,34.09,True,1.022539807662461,GRAZING,,,SIMULATED
450.0,tag-0005,anchor-06,-100.53,19.47,True,1.022539807662461,GRAZING,,,SIMULATED
450.0,tag-0005,anchor-07,-114.73,5.27,True,1.022539807662461,GRAZING,,,SIMULATED
450.0,tag-0005,anchor-08,-92.08,27.92,True,1.022539807662461,GRAZING,,,SIMULATED
450.0,tag-0006,anchor-01,-93.01,26.99,True,1.017464727610355,GRAZING,,,SIMULATED
450.0,tag-0006,anchor-02,-87.79,32.21,True,1.017464727610355,GRAZING,,,SIMULATED
450.0,tag-0006,anchor-03,-124.65,-4.65,True,1.017464727610355,GRAZING,,,SIMULATED
450.0,tag-0006,anchor-04,-116.54,3.46,True,1.017464727610355,GRAZING,,,SIMULATED
450.0,tag-0006,anchor-05,-79.19,40.81,True,1.017464727610355,GRAZING,,,SIMULATED
450.0,tag-0006,anchor-06,-101.59,18.41,True,1.017464727610355,GRAZING,,,SIMULATED
450.0,tag-0006,anchor-07,-117.95,2.05,True,1.017464727610355,GRAZING,,,SIMULATED
450.0,tag-0006,anchor-08,-95.75,24.25,True,1.017464727610355,GRAZING,,,SIMULATED
450.0,tag-0007,anchor-01,-91.36,28.64,True,1.0,GRAZING,,,SIMULATED
450.0,tag-0007,anchor-02,-98.69,21.31,True,1.0,GRAZING,,,SIMULATED
450.0,tag-0007,anchor-03,-125.44,-5.44,True,1.0,GRAZING,,,SIMULATED
450.0,tag-0007,anchor-04,-111.55,8.45,True,1.0,GRAZING,,,SIMULATED
450.0,tag-0007,anchor-05,-81.04,38.96,True,1.0,GRAZING,,,SIMULATED
450.0,tag-0007,anchor-06,-105.21,14.79,True,1.0,GRAZING,,,SIMULATED
450.0,tag-0007,anchor-07,-125.29,-5.29,True,1.0,GRAZING,,,SIMULATED
450.0,tag-0007,anchor-08,-102.32,17.68,True,1.0,GRAZING,,,SIMULATED
450.0,tag-0008,anchor-01,-93.78,26.22,True,1.0,GRAZING,,,SIMULATED
450.0,tag-0008,anchor-02,-91.24,28.76,True,1.0,GRAZING,,,SIMULATED
450.0,tag-0008,anchor-03,,,False,1.0,GRAZING,,,SIMULATED
450.0,tag-0008,anchor-04,-110.84,9.16,True,1.0,GRAZING,,,SIMULATED
450.0,tag-0008,anchor-05,,,False,1.0,GRAZING,,,SIMULATED
450.0,tag-0008,anchor-06,-125.45,-5.45,True,1.0,GRAZING,,,SIMULATED
450.0,tag-0008,anchor-07,-88.11,31.89,True,1.0,GRAZING,,,SIMULATED
450.0,tag-0008,anchor-08,,,False,1.0,GRAZING,,,SIMULATED
450.0,tag-0009,anchor-01,-104.86,15.14,True,1.0,GRAZING,,,SIMULATED
450.0,tag-0009,anchor-02,-95.5,24.5,True,1.0,GRAZING,,,SIMULATED
450.0,tag-0009,anchor-03,,,False,1.0,GRAZING,,,SIMULATED
450.0,tag-0009,anchor-04,-106.93,13.07,True,1.0,GRAZING,,,SIMULATED
450.0,tag-0009,anchor-05,,,False,1.0,GRAZING,,,SIMULATED
450.0,tag-0009,anchor-06,-102.14,17.86,True,1.0,GRAZING,,,SIMULATED
450.0,tag-0009,anchor-07,,,False,1.0,GRAZING,,,SIMULATED
450.0,tag-0009,anchor-08,-101.37,18.63,True,1.0,GRAZING,,,SIMULATED
450.0,tag-0010,anchor-01,-83.43,36.57,True,1.0,GRAZING,,,SIMULATED
450.0,tag-0010,anchor-02,-92.98,27.02,True,1.0,GRAZING,,,SIMULATED
450.0,tag-0010,anchor-03,-125.81,-5.81,True,1.0,GRAZING,,,SIMULATED
450.0,tag-0010,anchor-04,-108.63,11.37,True,1.0,GRAZING,,,SIMULATED
450.0,tag-0010,anchor-05,-80.26,39.74,True,1.0,GRAZING,,,SIMULATED
450.0,tag-0010,anchor-06,-103.82,16.18,True,1.0,GRAZING,,,SIMULATED
450.0,tag-0010,anchor-07,-95.91,24.09,True,1.0,GRAZING,,,SIMULATED
450.0,tag-0010,anchor-08,-101.44,18.56,True,1.0,GRAZING,,,SIMULATED
450.0,tag-0011,anchor-01,-95.3,24.7,True,1.0001456797225308,GRAZING,,,SIMULATED
450.0,tag-0011,anchor-02,-98.46,21.54,True,1.0001456797225308,GRAZING,,,SIMULATED
450.0,tag-0011,anchor-03,-126.62,-6.62,True,1.0001456797225308,GRAZING,,,SIMULATED
450.0,tag-0011,anchor-04,-106.77,13.23,True,1.0001456797225308,GRAZING,,,SIMULATED
450.0,tag-0011,anchor-05,-81.9,38.1,True,1.0001456797225308,GRAZING,,,SIMULATED
450.0,tag-0011,anchor-06,-107.28,12.72,True,1.0001456797225308,GRAZING,,,SIMULATED
450.0,tag-0011,anchor-07,-119.33,0.67,True,1.0001456797225308,GRAZING,,,SIMULATED
450.0,tag-0011,anchor-08,-89.47,30.53,True,1.0001456797225308,GRAZING,,,SIMULATED
450.0,tag-0012,anchor-01,-96.31,23.69,True,1.0000821544450944,GRAZING,,,SIMULATED
450.0,tag-0012,anchor-02,-103.69,16.31,True,1.0000821544450944,GRAZING,,,SIMULATED
450.0,tag-0012,anchor-03,,,False,1.0000821544450944,GRAZING,,,SIMULATED
450.0,tag-0012,anchor-04,-113.85,6.15,True,1.0000821544450944,GRAZING,,,SIMULATED
450.0,tag-0012,anchor-05,-83.0,37.0,True,1.0000821544450944,GRAZING,,,SIMULATED
450.0,tag-0012,anchor-06,-97.15,22.85,True,1.0000821544450944,GRAZING,,,SIMULATED
450.0,tag-0012,anchor-07,-115.65,4.35,True,1.0000821544450944,GRAZING,,,SIMULATED
450.0,tag-0012,anchor-08,-98.77,21.23,True,1.0000821544450944,GRAZING,,,SIMULATED
450.0,tag-0013,anchor-01,-93.25,26.75,True,1.0073553526607681,GRAZING,,,SIMULATED
450.0,tag-0013,anchor-02,-97.23,22.77,True,1.0073553526607681,GRAZING,,,SIMULATED
450.0,tag-0013,anchor-03,-125.33,-5.33,True,1.0073553526607681,GRAZING,,,SIMULATED
450.0,tag-0013,anchor-04,-108.04,11.96,True,1.0073553526607681,GRAZING,,,SIMULATED
450.0,tag-0013,anchor-05,-88.16,31.84,True,1.0073553526607681,GRAZING,,,SIMULATED
450.0,tag-0013,anchor-06,-103.97,16.03,True,1.0073553526607681,GRAZING,,,SIMULATED
450.0,tag-0013,anchor-07,-90.4,29.6,True,1.0073553526607681,GRAZING,,,SIMULATED
450.0,tag-0013,anchor-08,-90.68,29.32,True,1.0073553526607681,GRAZING,,,SIMULATED
450.0,tag-0014,anchor-01,-103.63,16.37,True,1.0,GRAZING,,,SIMULATED
450.0,tag-0014,anchor-02,-98.51,21.49,True,1.0,GRAZING,,,SIMULATED
450.0,tag-0014,anchor-03,,,False,1.0,GRAZING,,,SIMULATED
450.0,tag-0014,anchor-04,-99.18,20.82,True,1.0,GRAZING,,,SIMULATED
450.0,tag-0014,anchor-05,-91.19,28.81,True,1.0,GRAZING,,,SIMULATED
450.0,tag-0014,anchor-06,-107.25,12.75,True,1.0,GRAZING,,,SIMULATED
450.0,tag-0014,anchor-07,-93.83,26.17,True,1.0,GRAZING,,,SIMULATED
450.0,tag-0014,anchor-08,-88.29,31.71,True,1.0,GRAZING,,,SIMULATED
450.0,tag-0015,anchor-01,-95.94,24.06,True,1.0,GRAZING,,,SIMULATED
450.0,tag-0015,anchor-02,-95.84,24.16,True,1.0,GRAZING,,,SIMULATED
450.0,tag-0015,anchor-03,,,False,1.0,GRAZING,,,SIMULATED
450.0,tag-0015,anchor-04,-97.56,22.44,True,1.0,GRAZING,,,SIMULATED
450.0,tag-0015,anchor-05,-90.64,29.36,True,1.0,GRAZING,,,SIMULATED
450.0,tag-0015,anchor-06,-105.71,14.29,True,1.0,GRAZING,,,SIMULATED
450.0,tag-0015,anchor-07,-126.84,-6.84,True,1.0,GRAZING,,,SIMULATED
450.0,tag-0015,anchor-08,-87.55,32.45,True,1.0,GRAZING,,,SIMULATED
450.0,tag-0016,anchor-01,-83.66,36.34,True,1.0026242796134595,GRAZING,,,SIMULATED
450.0,tag-0016,anchor-02,-94.34,25.66,True,1.0026242796134595,GRAZING,,,SIMULATED
450.0,tag-0016,anchor-03,,,False,1.0026242796134595,GRAZING,,,SIMULATED
450.0,tag-0016,anchor-04,-107.92,12.08,True,1.0026242796134595,GRAZING,,,SIMULATED
450.0,tag-0016,anchor-05,-83.5,36.5,True,1.0026242796134595,GRAZING,,,SIMULATED
450.0,tag-0016,anchor-06,-108.39,11.61,True,1.0026242796134595,GRAZING,,,SIMULATED
450.0,tag-0016,anchor-07,-119.99,0.01,True,1.0026242796134595,GRAZING,,,SIMULATED
450.0,tag-0016,anchor-08,-101.83,18.17,True,1.0026242796134595,GRAZING,,,SIMULATED
450.0,tag-0017,anchor-01,-89.44,30.56,True,1.0,GRAZING,,,SIMULATED
450.0,tag-0017,anchor-02,-96.21,23.79,True,1.0,GRAZING,,,SIMULATED
450.0,tag-0017,anchor-03,,,False,1.0,GRAZING,,,SIMULATED
450.0,tag-0017,anchor-04,-105.72,14.28,True,1.0,GRAZING,,,SIMULATED
450.0,tag-0017,anchor-05,-81.04,38.96,True,1.0,GRAZING,,,SIMULATED
450.0,tag-0017,anchor-06,-96.23,23.77,True,1.0,GRAZING,,,SIMULATED
450.0,tag-0017,anchor-07,-117.78,2.22,True,1.0,GRAZING,,,SIMULATED
450.0,tag-0017,anchor-08,-93.74,26.26,True,1.0,GRAZING,,,SIMULATED
450.0,tag-0018,anchor-01,-89.88,30.12,True,1.0,GRAZING,,,SIMULATED
450.0,tag-0018,anchor-02,-89.81,30.19,True,1.0,GRAZING,,,SIMULATED
450.0,tag-0018,anchor-03,,,False,1.0,GRAZING,,,SIMULATED
450.0,tag-0018,anchor-04,-99.51,20.49,True,1.0,GRAZING,,,SIMULATED
450.0,tag-0018,anchor-05,-77.89,42.11,True,1.0,GRAZING,,,SIMULATED
450.0,tag-0018,anchor-06,-96.89,23.11,True,1.0,GRAZING,,,SIMULATED
450.0,tag-0018,anchor-07,-121.35,-1.35,True,1.0,GRAZING,,,SIMULATED
450.0,tag-0018,anchor-08,-91.37,28.63,True,1.0,GRAZING,,,SIMULATED
450.0,tag-0019,anchor-01,-82.08,37.92,True,1.0,GRAZING,,,SIMULATED
450.0,tag-0019,anchor-02,-97.36,22.64,True,1.0,GRAZING,,,SIMULATED
450.0,tag-0019,anchor-03,-117.9,2.1,True,1.0,GRAZING,,,SIMULATED
450.0,tag-0019,anchor-04,-98.9,21.1,True,1.0,GRAZING,,,SIMULATED
450.0,tag-0019,anchor-05,-81.34,38.66,True,1.0,GRAZING,,,SIMULATED
450.0,tag-0019,anchor-06,-91.12,28.88,True,1.0,GRAZING,,,SIMULATED
450.0,tag-0019,anchor-07,-121.33,-1.33,True,1.0,GRAZING,,,SIMULATED
450.0,tag-0019,anchor-08,-108.33,11.67,True,1.0,GRAZING,,,SIMULATED
450.0,tag-0020,anchor-01,-83.23,36.77,True,1.0,WALKING,,,SIMULATED
450.0,tag-0020,anchor-02,-98.29,21.71,True,1.0,WALKING,,,SIMULATED
450.0,tag-0020,anchor-03,,,False,1.0,WALKING,,,SIMULATED
450.0,tag-0020,anchor-04,-105.41,14.59,True,1.0,WALKING,,,SIMULATED
450.0,tag-0020,anchor-05,-83.69,36.31,True,1.0,WALKING,,,SIMULATED
450.0,tag-0020,anchor-06,-103.63,16.37,True,1.0,WALKING,,,SIMULATED
450.0,tag-0020,anchor-07,-103.27,16.73,True,1.0,WALKING,,,SIMULATED
450.0,tag-0020,anchor-08,-94.84,25.16,True,1.0,WALKING,,,SIMULATED
480.0,tag-0001,anchor-01,-86.01,33.99,True,1.0110169152588264,GRAZING,,,SIMULATED
480.0,tag-0001,anchor-02,,,False,1.0110169152588264,GRAZING,,,SIMULATED
480.0,tag-0001,anchor-03,,,False,1.0110169152588264,GRAZING,,,SIMULATED
480.0,tag-0001,anchor-04,-111.71,8.29,True,1.0110169152588264,GRAZING,,,SIMULATED
480.0,tag-0001,anchor-05,-75.06,44.94,True,1.0110169152588264,GRAZING,,,SIMULATED
480.0,tag-0001,anchor-06,-96.71,23.29,True,1.0110169152588264,GRAZING,,,SIMULATED
480.0,tag-0001,anchor-07,,,False,1.0110169152588264,GRAZING,,,SIMULATED
480.0,tag-0001,anchor-08,-91.21,28.79,True,1.0110169152588264,GRAZING,,,SIMULATED
480.0,tag-0002,anchor-01,,,False,1.0044149217785383,GRAZING,,,SIMULATED
480.0,tag-0002,anchor-02,-90.27,29.73,True,1.0044149217785383,GRAZING,,,SIMULATED
480.0,tag-0002,anchor-03,,,False,1.0044149217785383,GRAZING,,,SIMULATED
480.0,tag-0002,anchor-04,-109.19,10.81,True,1.0044149217785383,GRAZING,,,SIMULATED
480.0,tag-0002,anchor-05,-84.19,35.81,True,1.0044149217785383,GRAZING,,,SIMULATED
480.0,tag-0002,anchor-06,-100.69,19.31,True,1.0044149217785383,GRAZING,,,SIMULATED
480.0,tag-0002,anchor-07,,,False,1.0044149217785383,GRAZING,,,SIMULATED
480.0,tag-0002,anchor-08,-102.1,17.9,True,1.0044149217785383,GRAZING,,,SIMULATED
480.0,tag-0003,anchor-01,-100.45,19.55,True,1.0,GRAZING,,,SIMULATED
480.0,tag-0003,anchor-02,-94.67,25.33,True,1.0,GRAZING,,,SIMULATED
480.0,tag-0003,anchor-03,-122.84,-2.84,True,1.0,GRAZING,,,SIMULATED
480.0,tag-0003,anchor-04,-102.79,17.21,True,1.0,GRAZING,,,SIMULATED
480.0,tag-0003,anchor-05,-70.33,49.67,True,1.0,GRAZING,,,SIMULATED
480.0,tag-0003,anchor-06,-100.05,19.95,True,1.0,GRAZING,,,SIMULATED
480.0,tag-0003,anchor-07,-119.64,0.36,True,1.0,GRAZING,,,SIMULATED
480.0,tag-0003,anchor-08,-104.45,15.55,True,1.0,GRAZING,,,SIMULATED
480.0,tag-0004,anchor-01,-90.8,29.2,True,1.0,GRAZING,,,SIMULATED
480.0,tag-0004,anchor-02,-90.46,29.54,True,1.0,GRAZING,,,SIMULATED
480.0,tag-0004,anchor-03,,,False,1.0,GRAZING,,,SIMULATED
480.0,tag-0004,anchor-04,-110.14,9.86,True,1.0,GRAZING,,,SIMULATED
480.0,tag-0004,anchor-05,-73.91,46.09,True,1.0,GRAZING,,,SIMULATED
480.0,tag-0004,anchor-06,-107.16,12.84,True,1.0,GRAZING,,,SIMULATED
480.0,tag-0004,anchor-07,-117.94,2.06,True,1.0,GRAZING,,,SIMULATED
480.0,tag-0004,anchor-08,-96.46,23.54,True,1.0,GRAZING,,,SIMULATED
480.0,tag-0005,anchor-01,-99.39,20.61,True,1.0,GRAZING,,,SIMULATED
480.0,tag-0005,anchor-02,-94.19,25.81,True,1.0,GRAZING,,,SIMULATED
480.0,tag-0005,anchor-03,,,False,1.0,GRAZING,,,SIMULATED
480.0,tag-0005,anchor-04,-102.2,17.8,True,1.0,GRAZING,,,SIMULATED
480.0,tag-0005,anchor-05,-83.48,36.52,True,1.0,GRAZING,,,SIMULATED
480.0,tag-0005,anchor-06,-100.77,19.23,True,1.0,GRAZING,,,SIMULATED
480.0,tag-0005,anchor-07,-119.06,0.94,True,1.0,GRAZING,,,SIMULATED
480.0,tag-0005,anchor-08,-90.07,29.93,True,1.0,GRAZING,,,SIMULATED
480.0,tag-0006,anchor-01,-93.22,26.78,True,1.0,GRAZING,,,SIMULATED
480.0,tag-0006,anchor-02,-91.52,28.48,True,1.0,GRAZING,,,SIMULATED
480.0,tag-0006,anchor-03,-124.79,-4.79,True,1.0,GRAZING,,,SIMULATED
480.0,tag-0006,anchor-04,-117.73,2.27,True,1.0,GRAZING,,,SIMULATED
480.0,tag-0006,anchor-05,-77.49,42.51,True,1.0,GRAZING,,,SIMULATED
480.0,tag-0006,anchor-06,-104.73,15.27,True,1.0,GRAZING,,,SIMULATED
480.0,tag-0006,anchor-07,-121.28,-1.28,True,1.0,GRAZING,,,SIMULATED
480.0,tag-0006,anchor-08,-94.1,25.9,True,1.0,GRAZING,,,SIMULATED
480.0,tag-0007,anchor-01,-92.56,27.44,True,1.0,GRAZING,,,SIMULATED
480.0,tag-0007,anchor-02,,,False,1.0,GRAZING,,,SIMULATED
480.0,tag-0007,anchor-03,-124.65,-4.65,True,1.0,GRAZING,,,SIMULATED
480.0,tag-0007,anchor-04,-111.41,8.59,True,1.0,GRAZING,,,SIMULATED
480.0,tag-0007,anchor-05,-83.71,36.29,True,1.0,GRAZING,,,SIMULATED
480.0,tag-0007,anchor-06,-107.01,12.99,True,1.0,GRAZING,,,SIMULATED
480.0,tag-0007,anchor-07,-125.12,-5.12,True,1.0,GRAZING,,,SIMULATED
480.0,tag-0007,anchor-08,-101.33,18.67,True,1.0,GRAZING,,,SIMULATED
480.0,tag-0008,anchor-01,-91.51,28.49,True,1.0,GRAZING,,,SIMULATED
480.0,tag-0008,anchor-02,-88.1,31.9,True,1.0,GRAZING,,,SIMULATED
480.0,tag-0008,anchor-03,,,False,1.0,GRAZING,,,SIMULATED
480.0,tag-0008,anchor-04,-106.96,13.04,True,1.0,GRAZING,,,SIMULATED
480.0,tag-0008,anchor-05,-92.98,27.02,True,1.0,GRAZING,,,SIMULATED
480.0,tag-0008,anchor-06,,,False,1.0,GRAZING,,,SIMULATED
480.0,tag-0008,anchor-07,,,False,1.0,GRAZING,,,SIMULATED
480.0,tag-0008,anchor-08,-88.92,31.08,True,1.0,GRAZING,,,SIMULATED
480.0,tag-0009,anchor-01,,,False,1.0,GRAZING,,,SIMULATED
480.0,tag-0009,anchor-02,-98.61,21.39,True,1.0,GRAZING,,,SIMULATED
480.0,tag-0009,anchor-03,-126.92,-6.92,True,1.0,GRAZING,,,SIMULATED
480.0,tag-0009,anchor-04,-108.63,11.37,True,1.0,GRAZING,,,SIMULATED
480.0,tag-0009,anchor-05,-85.53,34.47,True,1.0,GRAZING,,,SIMULATED
480.0,tag-0009,anchor-06,,,False,1.0,GRAZING,,,SIMULATED
480.0,tag-0009,anchor-07,-107.89,12.11,True,1.0,GRAZING,,,SIMULATED
480.0,tag-0009,anchor-08,-98.16,21.84,True,1.0,GRAZING,,,SIMULATED
480.0,tag-0010,anchor-01,,,False,1.0024490577394125,GRAZING,,,SIMULATED
480.0,tag-0010,anchor-02,-94.89,25.11,True,1.0024490577394125,GRAZING,,,SIMULATED
480.0,tag-0010,anchor-03,-122.37,-2.37,True,1.0024490577394125,GRAZING,,,SIMULATED
480.0,tag-0010,anchor-04,-102.88,17.12,True,1.0024490577394125,GRAZING,,,SIMULATED
480.0,tag-0010,anchor-05,-81.75,38.25,True,1.0024490577394125,GRAZING,,,SIMULATED
480.0,tag-0010,anchor-06,-105.31,14.69,True,1.0024490577394125,GRAZING,,,SIMULATED
480.0,tag-0010,anchor-07,,,False,1.0024490577394125,GRAZING,,,SIMULATED
480.0,tag-0010,anchor-08,-100.75,19.25,True,1.0024490577394125,GRAZING,,,SIMULATED
480.0,tag-0011,anchor-01,-91.35,28.65,True,1.0095789075181287,GRAZING,,,SIMULATED
480.0,tag-0011,anchor-02,-92.45,27.55,True,1.0095789075181287,GRAZING,,,SIMULATED
480.0,tag-0011,anchor-03,,,False,1.0095789075181287,GRAZING,,,SIMULATED
480.0,tag-0011,anchor-04,-111.88,8.12,True,1.0095789075181287,GRAZING,,,SIMULATED
480.0,tag-0011,anchor-05,-83.63,36.37,True,1.0095789075181287,GRAZING,,,SIMULATED
480.0,tag-0011,anchor-06,-107.86,12.14,True,1.0095789075181287,GRAZING,,,SIMULATED
480.0,tag-0011,anchor-07,-126.88,-6.88,True,1.0095789075181287,GRAZING,,,SIMULATED
480.0,tag-0011,anchor-08,-99.31,20.69,True,1.0095789075181287,GRAZING,,,SIMULATED
480.0,tag-0012,anchor-01,,,False,1.0,GRAZING,,,SIMULATED
480.0,tag-0012,anchor-02,-101.09,18.91,True,1.0,GRAZING,,,SIMULATED
480.0,tag-0012,anchor-03,,,False,1.0,GRAZING,,,SIMULATED
480.0,tag-0012,anchor-04,-111.19,8.81,True,1.0,GRAZING,,,SIMULATED
480.0,tag-0012,anchor-05,-78.99,41.01,True,1.0,GRAZING,,,SIMULATED
480.0,tag-0012,anchor-06,-98.45,21.55,True,1.0,GRAZING,,,SIMULATED
480.0,tag-0012,anchor-07,-115.74,4.26,True,1.0,GRAZING,,,SIMULATED
480.0,tag-0012,anchor-08,-99.52,20.48,True,1.0,GRAZING,,,SIMULATED
480.0,tag-0013,anchor-01,-92.52,27.48,True,1.034864466279216,GRAZING,,,SIMULATED
480.0,tag-0013,anchor-02,-91.78,28.22,True,1.034864466279216,GRAZING,,,SIMULATED
480.0,tag-0013,anchor-03,-124.66,-4.66,True,1.034864466279216,GRAZING,,,SIMULATED
480.0,tag-0013,anchor-04,-108.84,11.16,True,1.034864466279216,GRAZING,,,SIMULATED
480.0,tag-0013,anchor-05,-94.58,25.42,True,1.034864466279216,GRAZING,,,SIMULATED
480.0,tag-0013,anchor-06,-94.49,25.51,True,1.034864466279216,GRAZING,,,SIMULATED
480.0,tag-0013,anchor-07,,,False,1.034864466279216,GRAZING,,,SIMULATED
480.0,tag-0013,anchor-08,-90.51,29.49,True,1.034864466279216,GRAZING,,,SIMULATED
480.0,tag-0014,anchor-01,-99.9,20.1,True,1.0,GRAZING,,,SIMULATED
480.0,tag-0014,anchor-02,-97.4,22.6,True,1.0,GRAZING,,,SIMULATED
480.0,tag-0014,anchor-03,,,False,1.0,GRAZING,,,SIMULATED
480.0,tag-0014,anchor-04,-100.01,19.99,True,1.0,GRAZING,,,SIMULATED
480.0,tag-0014,anchor-05,-89.38,30.62,True,1.0,GRAZING,,,SIMULATED
480.0,tag-0014,anchor-06,-108.43,11.57,True,1.0,GRAZING,,,SIMULATED
480.0,tag-0014,anchor-07,-95.78,24.22,True,1.0,GRAZING,,,SIMULATED
480.0,tag-0014,anchor-08,-90.96,29.04,True,1.0,GRAZING,,,SIMULATED
480.0,tag-0015,anchor-01,-91.74,28.26,True,1.0165256350931096,GRAZING,,,SIMULATED
480.0,tag-0015,anchor-02,-94.89,25.11,True,1.0165256350931096,GRAZING,,,SIMULATED
480.0,tag-0015,anchor-03,,,False,1.0165256350931096,GRAZING,,,SIMULATED
480.0,tag-0015,anchor-04,,,False,1.0165256350931096,GRAZING,,,SIMULATED
480.0,tag-0015,anchor-05,-93.04,26.96,True,1.0165256350931096,GRAZING,,,SIMULATED
480.0,tag-0015,anchor-06,-102.45,17.55,True,1.0165256350931096,GRAZING,,,SIMULATED
480.0,tag-0015,anchor-07,,,False,1.0165256350931096,GRAZING,,,SIMULATED
480.0,tag-0015,anchor-08,-92.78,27.22,True,1.0165256350931096,GRAZING,,,SIMULATED
480.0,tag-0016,anchor-01,-78.9,41.1,True,1.0019395594996638,GRAZING,,,SIMULATED
480.0,tag-0016,anchor-02,-91.99,28.01,True,1.0019395594996638,GRAZING,,,SIMULATED
480.0,tag-0016,anchor-03,,,False,1.0019395594996638,GRAZING,,,SIMULATED
480.0,tag-0016,anchor-04,-108.65,11.35,True,1.0019395594996638,GRAZING,,,SIMULATED
480.0,tag-0016,anchor-05,-84.14,35.86,True,1.0019395594996638,GRAZING,,,SIMULATED
480.0,tag-0016,anchor-06,-110.55,9.45,True,1.0019395594996638,GRAZING,,,SIMULATED
480.0,tag-0016,anchor-07,-118.1,1.9,True,1.0019395594996638,GRAZING,,,SIMULATED
480.0,tag-0016,anchor-08,-99.51,20.49,True,1.0019395594996638,GRAZING,,,SIMULATED
480.0,tag-0017,anchor-01,-87.59,32.41,True,1.0167423861582934,GRAZING,,,SIMULATED
480.0,tag-0017,anchor-02,-87.48,32.52,True,1.0167423861582934,GRAZING,,,SIMULATED
480.0,tag-0017,anchor-03,,,False,1.0167423861582934,GRAZING,,,SIMULATED
480.0,tag-0017,anchor-04,-106.31,13.69,True,1.0167423861582934,GRAZING,,,SIMULATED
480.0,tag-0017,anchor-05,-80.0,40.0,True,1.0167423861582934,GRAZING,,,SIMULATED
480.0,tag-0017,anchor-06,-97.71,22.29,True,1.0167423861582934,GRAZING,,,SIMULATED
480.0,tag-0017,anchor-07,-117.84,2.16,True,1.0167423861582934,GRAZING,,,SIMULATED
480.0,tag-0017,anchor-08,-96.17,23.83,True,1.0167423861582934,GRAZING,,,SIMULATED
480.0,tag-0018,anchor-01,-88.51,31.49,True,1.0,GRAZING,,,SIMULATED
480.0,tag-0018,anchor-02,-91.79,28.21,True,1.0,GRAZING,,,SIMULATED
480.0,tag-0018,anchor-03,,,False,1.0,GRAZING,,,SIMULATED
480.0,tag-0018,anchor-04,-102.6,17.4,True,1.0,GRAZING,,,SIMULATED
480.0,tag-0018,anchor-05,-77.72,42.28,True,1.0,GRAZING,,,SIMULATED
480.0,tag-0018,anchor-06,-97.0,23.0,True,1.0,GRAZING,,,SIMULATED
480.0,tag-0018,anchor-07,,,False,1.0,GRAZING,,,SIMULATED
480.0,tag-0018,anchor-08,-89.59,30.41,True,1.0,GRAZING,,,SIMULATED
480.0,tag-0019,anchor-01,-82.06,37.94,True,1.0,GRAZING,,,SIMULATED
480.0,tag-0019,anchor-02,-98.09,21.91,True,1.0,GRAZING,,,SIMULATED
480.0,tag-0019,anchor-03,-116.78,3.22,True,1.0,GRAZING,,,SIMULATED
480.0,tag-0019,anchor-04,-104.02,15.98,True,1.0,GRAZING,,,SIMULATED
480.0,tag-0019,anchor-05,-79.08,40.92,True,1.0,GRAZING,,,SIMULATED
480.0,tag-0019,anchor-06,-93.57,26.43,True,1.0,GRAZING,,,SIMULATED
480.0,tag-0019,anchor-07,-119.4,0.6,True,1.0,GRAZING,,,SIMULATED
480.0,tag-0019,anchor-08,-108.75,11.25,True,1.0,GRAZING,,,SIMULATED
480.0,tag-0020,anchor-01,-80.43,39.57,True,1.0151836874609486,WALKING,,,SIMULATED
480.0,tag-0020,anchor-02,-101.98,18.02,True,1.0151836874609486,WALKING,,,SIMULATED
480.0,tag-0020,anchor-03,-123.79,-3.79,True,1.0151836874609486,WALKING,,,SIMULATED
480.0,tag-0020,anchor-04,-100.17,19.83,True,1.0151836874609486,WALKING,,,SIMULATED
480.0,tag-0020,anchor-05,,,False,1.0151836874609486,WALKING,,,SIMULATED
480.0,tag-0020,anchor-06,-108.02,11.98,True,1.0151836874609486,WALKING,,,SIMULATED
480.0,tag-0020,anchor-07,-99.23,20.77,True,1.0151836874609486,WALKING,,,SIMULATED
480.0,tag-0020,anchor-08,-97.74,22.26,True,1.0151836874609486,WALKING,,,SIMULATED
510.0,tag-0001,anchor-01,-88.9,31.1,True,1.0200073323222316,GRAZING,,,SIMULATED
510.0,tag-0001,anchor-02,-95.15,24.85,True,1.0200073323222316,GRAZING,,,SIMULATED
510.0,tag-0001,anchor-03,,,False,1.0200073323222316,GRAZING,,,SIMULATED
510.0,tag-0001,anchor-04,-108.13,11.87,True,1.0200073323222316,GRAZING,,,SIMULATED
510.0,tag-0001,anchor-05,-79.99,40.01,True,1.0200073323222316,GRAZING,,,SIMULATED
510.0,tag-0001,anchor-06,-97.74,22.26,True,1.0200073323222316,GRAZING,,,SIMULATED
510.0,tag-0001,anchor-07,-117.03,2.97,True,1.0200073323222316,GRAZING,,,SIMULATED
510.0,tag-0001,anchor-08,-91.33,28.67,True,1.0200073323222316,GRAZING,,,SIMULATED
510.0,tag-0002,anchor-01,-99.03,20.97,True,1.0,GRAZING,,,SIMULATED
510.0,tag-0002,anchor-02,-94.72,25.28,True,1.0,GRAZING,,,SIMULATED
510.0,tag-0002,anchor-03,,,False,1.0,GRAZING,,,SIMULATED
510.0,tag-0002,anchor-04,-103.74,16.26,True,1.0,GRAZING,,,SIMULATED
510.0,tag-0002,anchor-05,-79.38,40.62,True,1.0,GRAZING,,,SIMULATED
510.0,tag-0002,anchor-06,-96.16,23.84,True,1.0,GRAZING,,,SIMULATED
510.0,tag-0002,anchor-07,-126.72,-6.72,True,1.0,GRAZING,,,SIMULATED
510.0,tag-0002,anchor-08,-100.65,19.35,True,1.0,GRAZING,,,SIMULATED
510.0,tag-0003,anchor-01,-100.99,19.01,True,1.0,GRAZING,,,SIMULATED
510.0,tag-0003,anchor-02,-97.57,22.43,True,1.0,GRAZING,,,SIMULATED
510.0,tag-0003,anchor-03,-121.18,-1.18,True,1.0,GRAZING,,,SIMULATED
510.0,tag-0003,anchor-04,-98.87,21.13,True,1.0,GRAZING,,,SIMULATED
510.0,tag-0003,anchor-05,-76.9,43.1,True,1.0,GRAZING,,,SIMULATED
510.0,tag-0003,anchor-06,-104.99,15.01,True,1.0,GRAZING,,,SIMULATED
510.0,tag-0003,anchor-07,-120.48,-0.48,True,1.0,GRAZING,,,SIMULATED
510.0,tag-0003,anchor-08,-102.78,17.22,True,1.0,GRAZING,,,SIMULATED
510.0,tag-0004,anchor-01,-89.61,30.39,True,1.0121722393541415,GRAZING,,,SIMULATED
510.0,tag-0004,anchor-02,-96.34,23.66,True,1.0121722393541415,GRAZING,,,SIMULATED
510.0,tag-0004,anchor-03,-125.04,-5.04,True,1.0121722393541415,GRAZING,,,SIMULATED
510.0,tag-0004,anchor-04,,,False,1.0121722393541415,GRAZING,,,SIMULATED
510.0,tag-0004,anchor-05,-76.65,43.35,True,1.0121722393541415,GRAZING,,,SIMULATED
510.0,tag-0004,anchor-06,-105.25,14.75,True,1.0121722393541415,GRAZING,,,SIMULATED
510.0,tag-0004,anchor-07,-114.92,5.08,True,1.0121722393541415,GRAZING,,,SIMULATED
510.0,tag-0004,anchor-08,,,False,1.0121722393541415,GRAZING,,,SIMULATED
510.0,tag-0005,anchor-01,-96.84,23.16,True,1.0,GRAZING,,,SIMULATED
510.0,tag-0005,anchor-02,-88.51,31.49,True,1.0,GRAZING,,,SIMULATED
510.0,tag-0005,anchor-03,,,False,1.0,GRAZING,,,SIMULATED
510.0,tag-0005,anchor-04,-102.53,17.47,True,1.0,GRAZING,,,SIMULATED
510.0,tag-0005,anchor-05,-82.92,37.08,True,1.0,GRAZING,,,SIMULATED
510.0,tag-0005,anchor-06,-101.24,18.76,True,1.0,GRAZING,,,SIMULATED
510.0,tag-0005,anchor-07,-123.93,-3.93,True,1.0,GRAZING,,,SIMULATED
510.0,tag-0005,anchor-08,-88.37,31.63,True,1.0,GRAZING,,,SIMULATED
510.0,tag-0006,anchor-01,-88.58,31.42,True,1.005963088624289,GRAZING,,,SIMULATED
510.0,tag-0006,anchor-02,-97.69,22.31,True,1.005963088624289,GRAZING,,,SIMULATED
510.0,tag-0006,anchor-03,-126.31,-6.31,True,1.005963088624289,GRAZING,,,SIMULATED
510.0,tag-0006,anchor-04,-121.08,-1.08,True,1.005963088624289,GRAZING,,,SIMULATED
510.0,tag-0006,anchor-05,-83.74,36.26,True,1.005963088624289,GRAZING,,,SIMULATED
510.0,tag-0006,anchor-06,-102.11,17.89,True,1.005963088624289,GRAZING,,,SIMULATED
510.0,tag-0006,anchor-07,-117.51,2.49,True,1.005963088624289,GRAZING,,,SIMULATED
510.0,tag-0006,anchor-08,-94.68,25.32,True,1.005963088624289,GRAZING,,,SIMULATED
510.0,tag-0007,anchor-01,-87.05,32.95,True,1.022843015931515,GRAZING,,,SIMULATED
510.0,tag-0007,anchor-02,-97.68,22.32,True,1.022843015931515,GRAZING,,,SIMULATED
510.0,tag-0007,anchor-03,,,False,1.022843015931515,GRAZING,,,SIMULATED
510.0,tag-0007,anchor-04,-110.06,9.94,True,1.022843015931515,GRAZING,,,SIMULATED
510.0,tag-0007,anchor-05,-77.56,42.44,True,1.022843015931515,GRAZING,,,SIMULATED
510.0,tag-0007,anchor-06,-107.68,12.32,True,1.022843015931515,GRAZING,,,SIMULATED
510.0,tag-0007,anchor-07,-125.92,-5.92,True,1.022843015931515,GRAZING,,,SIMULATED
510.0,tag-0007,anchor-08,-100.91,19.09,True,1.022843015931515,GRAZING,,,SIMULATED
510.0,tag-0008,anchor-01,-91.33,28.67,True,1.0169795451035275,GRAZING,,,SIMULATED
510.0,tag-0008,anchor-02,-88.8,31.2,True,1.0169795451035275,GRAZING,,,SIMULATED
510.0,tag-0008,anchor-03,,,False,1.0169795451035275,GRAZING,,,SIMULATED
510.0,tag-0008,anchor-04,-109.17,10.83,True,1.0169795451035275,GRAZING,,,SIMULATED
510.0,tag-0008,anchor-05,-90.91,29.09,True,1.0169795451035275,GRAZING,,,SIMULATED
510.0,tag-0008,anchor-06,,,False,1.0169795451035275,GRAZING,,,SIMULATED
510.0,tag-0008,anchor-07,-88.23,31.77,True,1.0169795451035275,GRAZING,,,SIMULATED
510.0,tag-0008,anchor-08,-90.15,29.85,True,1.0169795451035275,GRAZING,,,SIMULATED
510.0,tag-0009,anchor-01,-100.32,19.68,True,1.0,GRAZING,,,SIMULATED
510.0,tag-0009,anchor-02,,,False,1.0,GRAZING,,,SIMULATED
510.0,tag-0009,anchor-03,-126.46,-6.46,True,1.0,GRAZING,,,SIMULATED
510.0,tag-0009,anchor-04,-108.99,11.01,True,1.0,GRAZING,,,SIMULATED
510.0,tag-0009,anchor-05,-83.6,36.4,True,1.0,GRAZING,,,SIMULATED
510.0,tag-0009,anchor-06,-101.29,18.71,True,1.0,GRAZING,,,SIMULATED
510.0,tag-0009,anchor-07,-102.76,17.24,True,1.0,GRAZING,,,SIMULATED
510.0,tag-0009,anchor-08,-94.63,25.37,True,1.0,GRAZING,,,SIMULATED
510.0,tag-0010,anchor-01,-85.4,34.6,True,1.035058089244669,GRAZING,,,SIMULATED
510.0,tag-0010,anchor-02,-92.55,27.45,True,1.035058089244669,GRAZING,,,SIMULATED
510.0,tag-0010,anchor-03,-123.97,-3.97,True,1.035058089244669,GRAZING,,,SIMULATED
510.0,tag-0010,anchor-04,-100.5,19.5,True,1.035058089244669,GRAZING,,,SIMULATED
510.0,tag-0010,anchor-05,-75.76,44.24,True,1.035058089244669,GRAZING,,,SIMULATED
510.0,tag-0010,anchor-06,-109.3,10.7,True,1.035058089244669,GRAZING,,,SIMULATED
510.0,tag-0010,anchor-07,-99.91,20.09,True,1.035058089244669,GRAZING,,,SIMULATED
510.0,tag-0010,anchor-08,-100.64,19.36,True,1.035058089244669,GRAZING,,,SIMULATED
510.0,tag-0011,anchor-01,-90.9,29.1,True,1.0010096949898646,GRAZING,,,SIMULATED
510.0,tag-0011,anchor-02,-95.82,24.18,True,1.0010096949898646,GRAZING,,,SIMULATED
510.0,tag-0011,anchor-03,-122.31,-2.31,True,1.0010096949898646,GRAZING,,,SIMULATED
510.0,tag-0011,anchor-04,-110.58,9.42,True,1.0010096949898646,GRAZING,,,SIMULATED
510.0,tag-0011,anchor-05,-76.43,43.57,True,1.0010096949898646,GRAZING,,,SIMULATED
510.0,tag-0011,anchor-06,-104.59,15.41,True,1.0010096949898646,GRAZING,,,SIMULATED
510.0,tag-0011,anchor-07,-119.99,0.01,True,1.0010096949898646,GRAZING,,,SIMULATED
510.0,tag-0011,anchor-08,-100.18,19.82,True,1.0010096949898646,GRAZING,,,SIMULATED
510.0,tag-0012,anchor-01,-92.15,27.85,True,1.0390320653447493,WALKING,,,SIMULATED
510.0,tag-0012,anchor-02,-103.18,16.82,True,1.0390320653447493,WALKING,,,SIMULATED
510.0,tag-0012,anchor-03,,,False,1.0390320653447493,WALKING,,,SIMULATED
510.0,tag-0012,anchor-04,-108.9,11.1,True,1.0390320653447493,WALKING,,,SIMULATED
510.0,tag-0012,anchor-05,-76.0,44.0,True,1.0390320653447493,WALKING,,,SIMULATED
510.0,tag-0012,anchor-06,-100.64,19.36,True,1.0390320653447493,WALKING,,,SIMULATED
510.0,tag-0012,anchor-07,-115.81,4.19,True,1.0390320653447493,WALKING,,,SIMULATED
510.0,tag-0012,anchor-08,-103.52,16.48,True,1.0390320653447493,WALKING,,,SIMULATED
510.0,tag-0013,anchor-01,-90.5,29.5,True,1.0184069528509219,WALKING,,,SIMULATED
510.0,tag-0013,anchor-02,-93.8,26.2,True,1.0184069528509219,WALKING,,,SIMULATED
510.0,tag-0013,anchor-03,,,False,1.0184069528509219,WALKING,,,SIMULATED
510.0,tag-0013,anchor-04,-108.8,11.2,True,1.0184069528509219,WALKING,,,SIMULATED
510.0,tag-0013,anchor-05,-93.22,26.78,True,1.0184069528509219,WALKING,,,SIMULATED
510.0,tag-0013,anchor-06,-96.37,23.63,True,1.0184069528509219,WALKING,,,SIMULATED
510.0,tag-0013,anchor-07,-97.26,22.74,True,1.0184069528509219,WALKING,,,SIMULATED
510.0,tag-0013,anchor-08,-92.06,27.94,True,1.0184069528509219,WALKING,,,SIMULATED
510.0,tag-0014,anchor-01,-97.62,22.38,True,1.0,GRAZING,,,SIMULATED
510.0,tag-0014,anchor-02,-98.9,21.1,True,1.0,GRAZING,,,SIMULATED
510.0,tag-0014,anchor-03,,,False,1.0,GRAZING,,,SIMULATED
510.0,tag-0014,anchor-04,,,False,1.0,GRAZING,,,SIMULATED
510.0,tag-0014,anchor-05,-90.74,29.26,True,1.0,GRAZING,,,SIMULATED
510.0,tag-0014,anchor-06,-102.88,17.12,True,1.0,GRAZING,,,SIMULATED
510.0,tag-0014,anchor-07,-92.73,27.27,True,1.0,GRAZING,,,SIMULATED
510.0,tag-0014,anchor-08,-91.36,28.64,True,1.0,GRAZING,,,SIMULATED
510.0,tag-0015,anchor-01,-90.31,29.69,True,1.0,GRAZING,,,SIMULATED
510.0,tag-0015,anchor-02,-97.15,22.85,True,1.0,GRAZING,,,SIMULATED
510.0,tag-0015,anchor-03,-125.55,-5.55,True,1.0,GRAZING,,,SIMULATED
510.0,tag-0015,anchor-04,-101.65,18.35,True,1.0,GRAZING,,,SIMULATED
510.0,tag-0015,anchor-05,,,False,1.0,GRAZING,,,SIMULATED
510.0,tag-0015,anchor-06,-106.72,13.28,True,1.0,GRAZING,,,SIMULATED
510.0,tag-0015,anchor-07,-125.35,-5.35,True,1.0,GRAZING,,,SIMULATED
510.0,tag-0015,anchor-08,-92.45,27.55,True,1.0,GRAZING,,,SIMULATED
510.0,tag-0016,anchor-01,-76.27,43.73,True,1.0279609872222228,GRAZING,,,SIMULATED
510.0,tag-0016,anchor-02,-93.49,26.51,True,1.0279609872222228,GRAZING,,,SIMULATED
510.0,tag-0016,anchor-03,-126.65,-6.65,True,1.0279609872222228,GRAZING,,,SIMULATED
510.0,tag-0016,anchor-04,-111.55,8.45,True,1.0279609872222228,GRAZING,,,SIMULATED
510.0,tag-0016,anchor-05,-83.33,36.67,True,1.0279609872222228,GRAZING,,,SIMULATED
510.0,tag-0016,anchor-06,-107.9,12.1,True,1.0279609872222228,GRAZING,,,SIMULATED
510.0,tag-0016,anchor-07,-120.69,-0.69,True,1.0279609872222228,GRAZING,,,SIMULATED
510.0,tag-0016,anchor-08,-100.63,19.37,True,1.0279609872222228,GRAZING,,,SIMULATED
510.0,tag-0017,anchor-01,-85.33,34.67,True,1.0246652132054916,GRAZING,,,SIMULATED
510.0,tag-0017,anchor-02,-86.72,33.28,True,1.0246652132054916,GRAZING,,,SIMULATED
510.0,tag-0017,anchor-03,,,False,1.0246652132054916,GRAZING,,,SIMULATED
510.0,tag-0017,anchor-04,-107.28,12.72,True,1.0246652132054916,GRAZING,,,SIMULATED
510.0,tag-0017,anchor-05,-79.77,40.23,True,1.0246652132054916,GRAZING,,,SIMULATED
510.0,tag-0017,anchor-06,-94.13,25.87,True,1.0246652132054916,GRAZING,,,SIMULATED
510.0,tag-0017,anchor-07,,,False,1.0246652132054916,GRAZING,,,SIMULATED
510.0,tag-0017,anchor-08,-95.2,24.8,True,1.0246652132054916,GRAZING,,,SIMULATED
510.0,tag-0018,anchor-01,-84.62,35.38,True,1.0,GRAZING,,,SIMULATED
510.0,tag-0018,anchor-02,-97.83,22.17,True,1.0,GRAZING,,,SIMULATED
510.0,tag-0018,anchor-03,-126.87,-6.87,True,1.0,GRAZING,,,SIMULATED
510.0,tag-0018,anchor-04,-103.43,16.57,True,1.0,GRAZING,,,SIMULATED
510.0,tag-0018,anchor-05,-75.61,44.39,True,1.0,GRAZING,,,SIMULATED
510.0,tag-0018,anchor-06,-93.0,27.0,True,1.0,GRAZING,,,SIMULATED
510.0,tag-0018,anchor-07,-111.49,8.51,True,1.0,GRAZING,,,SIMULATED
510.0,tag-0018,anchor-08,,,False,1.0,GRAZING,,,SIMULATED
510.0,tag-0019,anchor-01,-86.59,33.41,True,1.0,GRAZING,,,SIMULATED
510.0,tag-0019,anchor-02,-90.7,29.3,True,1.0,GRAZING,,,SIMULATED
510.0,tag-0019,anchor-03,-120.56,-0.56,True,1.0,GRAZING,,,SIMULATED
510.0,tag-0019,anchor-04,-108.64,11.36,True,1.0,GRAZING,,,SIMULATED
510.0,tag-0019,anchor-05,-71.83,48.17,True,1.0,GRAZING,,,SIMULATED
510.0,tag-0019,anchor-06,-97.13,22.87,True,1.0,GRAZING,,,SIMULATED
510.0,tag-0019,anchor-07,-118.54,1.46,True,1.0,GRAZING,,,SIMULATED
510.0,tag-0019,anchor-08,-103.83,16.17,True,1.0,GRAZING,,,SIMULATED
510.0,tag-0020,anchor-01,-84.96,35.04,True,1.0,WALKING,,,SIMULATED
510.0,tag-0020,anchor-02,-98.91,21.09,True,1.0,WALKING,,,SIMULATED
510.0,tag-0020,anchor-03,,,False,1.0,WALKING,,,SIMULATED
510.0,tag-0020,anchor-04,-97.68,22.32,True,1.0,WALKING,,,SIMULATED
510.0,tag-0020,anchor-05,-78.44,41.56,True,1.0,WALKING,,,SIMULATED
510.0,tag-0020,anchor-06,-109.08,10.92,True,1.0,WALKING,,,SIMULATED
510.0,tag-0020,anchor-07,-100.61,19.39,True,1.0,WALKING,,,SIMULATED
510.0,tag-0020,anchor-08,-98.47,21.53,True,1.0,WALKING,,,SIMULATED
540.0,tag-0001,anchor-01,-82.99,37.01,True,1.0419192525264676,GRAZING,,,SIMULATED
540.0,tag-0001,anchor-02,-87.63,32.37,True,1.0419192525264676,GRAZING,,,SIMULATED
540.0,tag-0001,anchor-03,,,False,1.0419192525264676,GRAZING,,,SIMULATED
540.0,tag-0001,anchor-04,-101.54,18.46,True,1.0419192525264676,GRAZING,,,SIMULATED
540.0,tag-0001,anchor-05,-71.02,48.98,True,1.0419192525264676,GRAZING,,,SIMULATED
540.0,tag-0001,anchor-06,-96.64,23.36,True,1.0419192525264676,GRAZING,,,SIMULATED
540.0,tag-0001,anchor-07,-117.85,2.15,True,1.0419192525264676,GRAZING,,,SIMULATED
540.0,tag-0001,anchor-08,-94.82,25.18,True,1.0419192525264676,GRAZING,,,SIMULATED
540.0,tag-0002,anchor-01,-97.45,22.55,True,1.0,GRAZING,,,SIMULATED
540.0,tag-0002,anchor-02,-97.41,22.59,True,1.0,GRAZING,,,SIMULATED
540.0,tag-0002,anchor-03,,,False,1.0,GRAZING,,,SIMULATED
540.0,tag-0002,anchor-04,-107.85,12.15,True,1.0,GRAZING,,,SIMULATED
540.0,tag-0002,anchor-05,-83.07,36.93,True,1.0,GRAZING,,,SIMULATED
540.0,tag-0002,anchor-06,-99.68,20.32,True,1.0,GRAZING,,,SIMULATED
540.0,tag-0002,anchor-07,-121.79,-1.79,True,1.0,GRAZING,,,SIMULATED
540.0,tag-0002,anchor-08,,,False,1.0,GRAZING,,,SIMULATED
540.0,tag-0003,anchor-01,-98.9,21.1,True,1.0,GRAZING,,,SIMULATED
540.0,tag-0003,anchor-02,-98.67,21.33,True,1.0,GRAZING,,,SIMULATED
540.0,tag-0003,anchor-03,,,False,1.0,GRAZING,,,SIMULATED
540.0,tag-0003,anchor-04,-103.91,16.09,True,1.0,GRAZING,,,SIMULATED
540.0,tag-0003,anchor-05,-79.08,40.92,True,1.0,GRAZING,,,SIMULATED
540.0,tag-0003,anchor-06,-101.43,18.57,True,1.0,GRAZING,,,SIMULATED
540.0,tag-0003,anchor-07,-114.58,5.42,True,1.0,GRAZING,,,SIMULATED
540.0,tag-0003,anchor-08,-103.14,16.86,True,1.0,GRAZING,,,SIMULATED
540.0,tag-0004,anchor-01,-95.65,24.35,True,1.002543766110637,GRAZING,,,SIMULATED
540.0,tag-0004,anchor-02,,,False,1.002543766110637,GRAZING,,,SIMULATED
540.0,tag-0004,anchor-03,,,False,1.002543766110637,GRAZING,,,SIMULATED
540.0,tag-0004,anchor-04,-108.63,11.37,True,1.002543766110637,GRAZING,,,SIMULATED
540.0,tag-0004,anchor-05,-79.38,40.62,True,1.002543766110637,GRAZING,,,SIMULATED
540.0,tag-0004,anchor-06,-97.02,22.98,True,1.002543766110637,GRAZING,,,SIMULATED
540.0,tag-0004,anchor-07,-117.43,2.57,True,1.002543766110637,GRAZING,,,SIMULATED
540.0,tag-0004,anchor-08,-100.06,19.94,True,1.002543766110637,GRAZING,,,SIMULATED
540.0,tag-0005,anchor-01,-95.06,24.94,True,1.0023158827736105,GRAZING,,,SIMULATED
540.0,tag-0005,anchor-02,,,False,1.0023158827736105,GRAZING,,,SIMULATED
540.0,tag-0005,anchor-03,,,False,1.0023158827736105,GRAZING,,,SIMULATED
540.0,tag-0005,anchor-04,-105.77,14.23,True,1.0023158827736105,GRAZING,,,SIMULATED
540.0,tag-0005,anchor-05,-78.86,41.14,True,1.0023158827736105,GRAZING,,,SIMULATED
540.0,tag-0005,anchor-06,-96.98,23.02,True,1.0023158827736105,GRAZING,,,SIMULATED
540.0,tag-0005,anchor-07,-120.94,-0.94,True,1.0023158827736105,GRAZING,,,SIMULATED
540.0,tag-0005,anchor-08,-91.27,28.73,True,1.0023158827736105,GRAZING,,,SIMULATED
540.0,tag-0006,anchor-01,-92.43,27.57,True,1.007466283876629,GRAZING,,,SIMULATED
540.0,tag-0006,anchor-02,-91.07,28.93,True,1.007466283876629,GRAZING,,,SIMULATED
540.0,tag-0006,anchor-03,,,False,1.007466283876629,GRAZING,,,SIMULATED
540.0,tag-0006,anchor-04,-124.23,-4.23,True,1.007466283876629,GRAZING,,,SIMULATED
540.0,tag-0006,anchor-05,-84.1,35.9,True,1.007466283876629,GRAZING,,,SIMULATED
540.0,tag-0006,anchor-06,-102.28,17.72,True,1.007466283876629,GRAZING,,,SIMULATED
540.0,tag-0006,anchor-07,-126.42,-6.42,True,1.007466283876629,GRAZING,,,SIMULATED
540.0,tag-0006,anchor-08,-100.44,19.56,True,1.007466283876629,GRAZING,,,SIMULATED
540.0,tag-0007,anchor-01,-86.38,33.62,True,1.0,GRAZING,,,SIMULATED
540.0,tag-0007,anchor-02,-104.16,15.84,True,1.0,GRAZING,,,SIMULATED
540.0,tag-0007,anchor-03,-123.34,-3.34,True,1.0,GRAZING,,,SIMULATED
540.0,tag-0007,anchor-04,,,False,1.0,GRAZING,,,SIMULATED
540.0,tag-0007,anchor-05,-80.01,39.99,True,1.0,GRAZING,,,SIMULATED
540.0,tag-0007,anchor-06,-111.34,8.66,True,1.0,GRAZING,,,SIMULATED
540.0,tag-0007,anchor-07,-120.5,-0.5,True,1.0,GRAZING,,,SIMULATED
540.0,tag-0007,anchor-08,-101.77,18.23,True,1.0,GRAZING,,,SIMULATED
540.0,tag-0008,anchor-01,-91.06,28.94,True,1.0069675663662812,GRAZING,,,SIMULATED
540.0,tag-0008,anchor-02,-93.28,26.72,True,1.0069675663662812,GRAZING,,,SIMULATED
540.0,tag-0008,anchor-03,,,False,1.0069675663662812,GRAZING,,,SIMULATED
540.0,tag-0008,anchor-04,-106.54,13.46,True,1.0069675663662812,GRAZING,,,SIMULATED
540.0,tag-0008,anchor-05,-93.41,26.59,True,1.0069675663662812,GRAZING,,,SIMULATED
540.0,tag-0008,anchor-06,,,False,1.0069675663662812,GRAZING,,,SIMULATED
540.0,tag-0008,anchor-07,-90.41,29.59,True,1.0069675663662812,GRAZING,,,SIMULATED
540.0,tag-0008,anchor-08,-95.27,24.73,True,1.0069675663662812,GRAZING,,,SIMULATED
540.0,tag-0009,anchor-01,-101.41,18.59,True,1.001023526650286,GRAZING,,,SIMULATED
540.0,tag-0009,anchor-02,-96.53,23.47,True,1.001023526650286,GRAZING,,,SIMULATED
540.0,tag-0009,anchor-03,,,False,1.001023526650286,GRAZING,,,SIMULATED
540.0,tag-0009,anchor-04,-108.16,11.84,True,1.001023526650286,GRAZING,,,SIMULATED
540.0,tag-0009,anchor-05,-84.15,35.85,True,1.001023526650286,GRAZING,,,SIMULATED
540.0,tag-0009,anchor-06,-106.75,13.25,True,1.001023526650286,GRAZING,,,SIMULATED
540.0,tag-0009,anchor-07,,,False,1.001023526650286,GRAZING,,,SIMULATED
540.0,tag-0009,anchor-08,-95.83,24.17,True,1.001023526650286,GRAZING,,,SIMULATED
540.0,tag-0010,anchor-01,-89.1,30.9,True,1.012814882635237,GRAZING,,,SIMULATED
540.0,tag-0010,anchor-02,-97.62,22.38,True,1.012814882635237,GRAZING,,,SIMULATED
540.0,tag-0010,anchor-03,-125.18,-5.18,True,1.012814882635237,GRAZING,,,SIMULATED
540.0,tag-0010,anchor-04,-107.57,12.43,True,1.012814882635237,GRAZING,,,SIMULATED
540.0,tag-0010,anchor-05,-78.85,41.15,True,1.012814882635237,GRAZING,,,SIMULATED
540.0,tag-0010,anchor-06,-107.62,12.38,True,1.012814882635237,GRAZING,,,SIMULATED
540.0,tag-0010,anchor-07,-101.03,18.97,True,1.012814882635237,GRAZING,,,SIMULATED
540.0,tag-0010,anchor-08,-102.98,17.02,True,1.012814882635237,GRAZING,,,SIMULATED
540.0,tag-0011,anchor-01,-93.55,26.45,True,1.0,GRAZING,,,SIMULATED
540.0,tag-0011,anchor-02,-92.38,27.62,True,1.0,GRAZING,,,SIMULATED
540.0,tag-0011,anchor-03,-119.3,0.7,True,1.0,GRAZING,,,SIMULATED
540.0,tag-0011,anchor-04,-109.58,10.42,True,1.0,GRAZING,,,SIMULATED
540.0,tag-0011,anchor-05,-74.16,45.84,True,1.0,GRAZING,,,SIMULATED
540.0,tag-0011,anchor-06,-102.64,17.36,True,1.0,GRAZING,,,SIMULATED
540.0,tag-0011,anchor-07,-124.8,-4.8,True,1.0,GRAZING,,,SIMULATED
540.0,tag-0011,anchor-08,-104.66,15.34,True,1.0,GRAZING,,,SIMULATED
540.0,tag-0012,anchor-01,-84.78,35.22,True,1.0,WALKING,,,SIMULATED
540.0,tag-0012,anchor-02,-98.84,21.16,True,1.0,WALKING,,,SIMULATED
540.0,tag-0012,anchor-03,,,False,1.0,WALKING,,,SIMULATED
540.0,tag-0012,anchor-04,-110.13,9.87,True,1.0,WALKING,,,SIMULATED
540.0,tag-0012,anchor-05,-76.53,43.47,True,1.0,WALKING,,,SIMULATED
540.0,tag-0012,anchor-06,-102.31,17.69,True,1.0,WALKING,,,SIMULATED
540.0,tag-0012,anchor-07,-118.54,1.46,True,1.0,WALKING,,,SIMULATED
540.0,tag-0012,anchor-08,-101.41,18.59,True,1.0,WALKING,,,SIMULATED
540.0,tag-0013,anchor-01,-98.06,21.94,True,1.0002511179540494,WALKING,,,SIMULATED
540.0,tag-0013,anchor-02,,,False,1.0002511179540494,WALKING,,,SIMULATED
540.0,tag-0013,anchor-03,,,False,1.0002511179540494,WALKING,,,SIMULATED
540.0,tag-0013,anchor-04,-105.4,14.6,True,1.0002511179540494,WALKING,,,SIMULATED
540.0,tag-0013,anchor-05,-100.33,19.67,True,1.0002511179540494,WALKING,,,SIMULATED
540.0,tag-0013,anchor-06,-120.63,-0.63,True,1.0002511179540494,WALKING,,,SIMULATED
540.0,tag-0013,anchor-07,-100.09,19.91,True,1.0002511179540494,WALKING,,,SIMULATED
540.0,tag-0013,anchor-08,-92.21,27.79,True,1.0002511179540494,WALKING,,,SIMULATED
540.0,tag-0014,anchor-01,-97.7,22.3,True,1.0,GRAZING,,,SIMULATED
540.0,tag-0014,anchor-02,-98.85,21.15,True,1.0,GRAZING,,,SIMULATED
540.0,tag-0014,anchor-03,,,False,1.0,GRAZING,,,SIMULATED
540.0,tag-0014,anchor-04,-100.66,19.34,True,1.0,GRAZING,,,SIMULATED
540.0,tag-0014,anchor-05,-87.67,32.33,True,1.0,GRAZING,,,SIMULATED
540.0,tag-0014,anchor-06,,,False,1.0,GRAZING,,,SIMULATED
540.0,tag-0014,anchor-07,-97.18,22.82,True,1.0,GRAZING,,,SIMULATED
540.0,tag-0014,anchor-08,-90.4,29.6,True,1.0,GRAZING,,,SIMULATED
540.0,tag-0015,anchor-01,-87.05,32.95,True,1.0,GRAZING,,,SIMULATED
540.0,tag-0015,anchor-02,-97.77,22.23,True,1.0,GRAZING,,,SIMULATED
540.0,tag-0015,anchor-03,-124.82,-4.82,True,1.0,GRAZING,,,SIMULATED
540.0,tag-0015,anchor-04,-102.56,17.44,True,1.0,GRAZING,,,SIMULATED
540.0,tag-0015,anchor-05,,,False,1.0,GRAZING,,,SIMULATED
540.0,tag-0015,anchor-06,-102.57,17.43,True,1.0,GRAZING,,,SIMULATED
540.0,tag-0015,anchor-07,-122.4,-2.4,True,1.0,GRAZING,,,SIMULATED
540.0,tag-0015,anchor-08,,,False,1.0,GRAZING,,,SIMULATED
540.0,tag-0016,anchor-01,-80.65,39.35,True,1.0098127012686051,GRAZING,,,SIMULATED
540.0,tag-0016,anchor-02,-97.38,22.62,True,1.0098127012686051,GRAZING,,,SIMULATED
540.0,tag-0016,anchor-03,,,False,1.0098127012686051,GRAZING,,,SIMULATED
540.0,tag-0016,anchor-04,-107.79,12.21,True,1.0098127012686051,GRAZING,,,SIMULATED
540.0,tag-0016,anchor-05,,,False,1.0098127012686051,GRAZING,,,SIMULATED
540.0,tag-0016,anchor-06,-113.44,6.56,True,1.0098127012686051,GRAZING,,,SIMULATED
540.0,tag-0016,anchor-07,-117.5,2.5,True,1.0098127012686051,GRAZING,,,SIMULATED
540.0,tag-0016,anchor-08,-96.16,23.84,True,1.0098127012686051,GRAZING,,,SIMULATED
540.0,tag-0017,anchor-01,-86.43,33.57,True,1.0,GRAZING,,,SIMULATED
540.0,tag-0017,anchor-02,-89.12,30.88,True,1.0,GRAZING,,,SIMULATED
540.0,tag-0017,anchor-03,,,False,1.0,GRAZING,,,SIMULATED
540.0,tag-0017,anchor-04,-108.63,11.37,True,1.0,GRAZING,,,SIMULATED
540.0,tag-0017,anchor-05,-81.16,38.84,True,1.0,GRAZING,,,SIMULATED
540.0,tag-0017,anchor-06,-97.1,22.9,True,1.0,GRAZING,,,SIMULATED
540.0,tag-0017,anchor-07,-124.96,-4.96,True,1.0,GRAZING,,,SIMULATED
540.0,tag-0017,anchor-08,-97.33,22.67,True,1.0,GRAZING,,,SIMULATED
540.0,tag-0018,anchor-01,-83.88,36.12,True,1.0138544431078063,GRAZING,,,SIMULATED
540.0,tag-0018,anchor-02,-92.99,27.01,True,1.0138544431078063,GRAZING,,,SIMULATED
540.0,tag-0018,anchor-03,,,False,1.0138544431078063,GRAZING,,,SIMULATED
540.0,tag-0018,anchor-04,-103.13,16.87,True,1.0138544431078063,GRAZING,,,SIMULATED
540.0,tag-0018,anchor-05,-76.36,43.64,True,1.0138544431078063,GRAZING,,,SIMULATED
540.0,tag-0018,anchor-06,-99.18,20.82,True,1.0138544431078063,GRAZING,,,SIMULATED
540.0,tag-0018,anchor-07,-108.57,11.43,True,1.0138544431078063,GRAZING,,,SIMULATED
540.0,tag-0018,anchor-08,-99.14,20.86,True,1.0138544431078063,GRAZING,,,SIMULATED
540.0,tag-0019,anchor-01,-87.91,32.09,True,1.0111866388076964,GRAZING,,,SIMULATED
540.0,tag-0019,anchor-02,-95.1,24.9,True,1.0111866388076964,GRAZING,,,SIMULATED
540.0,tag-0019,anchor-03,-123.54,-3.54,True,1.0111866388076964,GRAZING,,,SIMULATED
540.0,tag-0019,anchor-04,-106.36,13.64,True,1.0111866388076964,GRAZING,,,SIMULATED
540.0,tag-0019,anchor-05,-72.62,47.38,True,1.0111866388076964,GRAZING,,,SIMULATED
540.0,tag-0019,anchor-06,-89.05,30.95,True,1.0111866388076964,GRAZING,,,SIMULATED
540.0,tag-0019,anchor-07,-113.24,6.76,True,1.0111866388076964,GRAZING,,,SIMULATED
540.0,tag-0019,anchor-08,-100.49,19.51,True,1.0111866388076964,GRAZING,,,SIMULATED
540.0,tag-0020,anchor-01,-81.56,38.44,True,1.0165401143574766,WALKING,,,SIMULATED
540.0,tag-0020,anchor-02,,,False,1.0165401143574766,WALKING,,,SIMULATED
540.0,tag-0020,anchor-03,,,False,1.0165401143574766,WALKING,,,SIMULATED
540.0,tag-0020,anchor-04,-105.1,14.9,True,1.0165401143574766,WALKING,,,SIMULATED
540.0,tag-0020,anchor-05,-82.9,37.1,True,1.0165401143574766,WALKING,,,SIMULATED
540.0,tag-0020,anchor-06,-117.24,2.76,True,1.0165401143574766,WALKING,,,SIMULATED
540.0,tag-0020,anchor-07,-105.45,14.55,True,1.0165401143574766,WALKING,,,SIMULATED
540.0,tag-0020,anchor-08,-97.67,22.33,True,1.0165401143574766,WALKING,,,SIMULATED
570.0,tag-0001,anchor-01,-81.0,39.0,True,1.0,GRAZING,,,SIMULATED
570.0,tag-0001,anchor-02,-92.1,27.9,True,1.0,GRAZING,,,SIMULATED
570.0,tag-0001,anchor-03,,,False,1.0,GRAZING,,,SIMULATED
570.0,tag-0001,anchor-04,-102.75,17.25,True,1.0,GRAZING,,,SIMULATED
570.0,tag-0001,anchor-05,-74.4,45.6,True,1.0,GRAZING,,,SIMULATED
570.0,tag-0001,anchor-06,-98.3,21.7,True,1.0,GRAZING,,,SIMULATED
570.0,tag-0001,anchor-07,-111.99,8.01,True,1.0,GRAZING,,,SIMULATED
570.0,tag-0001,anchor-08,-88.53,31.47,True,1.0,GRAZING,,,SIMULATED
570.0,tag-0002,anchor-01,-99.78,20.22,True,1.0236251547879252,WALKING,,,SIMULATED
570.0,tag-0002,anchor-02,-94.62,25.38,True,1.0236251547879252,WALKING,,,SIMULATED
570.0,tag-0002,anchor-03,-120.73,-0.73,True,1.0236251547879252,WALKING,,,SIMULATED
570.0,tag-0002,anchor-04,-111.94,8.06,True,1.0236251547879252,WALKING,,,SIMULATED
570.0,tag-0002,anchor-05,-79.82,40.18,True,1.0236251547879252,WALKING,,,SIMULATED
570.0,tag-0002,anchor-06,-106.01,13.99,True,1.0236251547879252,WALKING,,,SIMULATED
570.0,tag-0002,anchor-07,,,False,1.0236251547879252,WALKING,,,SIMULATED
570.0,tag-0002,anchor-08,-94.56,25.44,True,1.0236251547879252,WALKING,,,SIMULATED
570.0,tag-0003,anchor-01,-96.41,23.59,True,1.0,GRAZING,,,SIMULATED
570.0,tag-0003,anchor-02,-99.42,20.58,True,1.0,GRAZING,,,SIMULATED
570.0,tag-0003,anchor-03,-122.68,-2.68,True,1.0,GRAZING,,,SIMULATED
570.0,tag-0003,anchor-04,-101.92,18.08,True,1.0,GRAZING,,,SIMULATED
570.0,tag-0003,anchor-05,-73.23,46.77,True,1.0,GRAZING,,,SIMULATED
570.0,tag-0003,anchor-06,-98.9,21.1,True,1.0,GRAZING,,,SIMULATED
570.0,tag-0003,anchor-07,-116.0,4.0,True,1.0,GRAZING,,,SIMULATED
570.0,tag-0003,anchor-08,-106.03,13.97,True,1.0,GRAZING,,,SIMULATED
570.0,tag-0004,anchor-01,-92.95,27.05,True,1.0069008248978732,GRAZING,,,SIMULATED
570.0,tag-0004,anchor-02,-95.97,24.03,True,1.0069008248978732,GRAZING,,,SIMULATED
570.0,tag-0004,anchor-03,,,False,1.0069008248978732,GRAZING,,,SIMULATED
570.0,tag-0004,anchor-04,-107.4,12.6,True,1.0069008248978732,GRAZING,,,SIMULATED
570.0,tag-0004,anchor-05,-79.3,40.7,True,1.0069008248978732,GRAZING,,,SIMULATED
570.0,tag-0004,anchor-06,-99.55,20.45,True,1.0069008248978732,GRAZING,,,SIMULATED
570.0,tag-0004,anchor-07,-115.46,4.54,True,1.0069008248978732,GRAZING,,,SIMULATED
570.0,tag-0004,anchor-08,-104.01,15.99,True,1.0069008248978732,GRAZING,,,SIMULATED
570.0,tag-0005,anchor-01,-94.34,25.66,True,1.0,GRAZING,,,SIMULATED
570.0,tag-0005,anchor-02,-96.83,23.17,True,1.0,GRAZING,,,SIMULATED
570.0,tag-0005,anchor-03,,,False,1.0,GRAZING,,,SIMULATED
570.0,tag-0005,anchor-04,-103.21,16.79,True,1.0,GRAZING,,,SIMULATED
570.0,tag-0005,anchor-05,-81.45,38.55,True,1.0,GRAZING,,,SIMULATED
570.0,tag-0005,anchor-06,-99.7,20.3,True,1.0,GRAZING,,,SIMULATED
570.0,tag-0005,anchor-07,,,False,1.0,GRAZING,,,SIMULATED
570.0,tag-0005,anchor-08,-93.07,26.93,True,1.0,GRAZING,,,SIMULATED
570.0,tag-0006,anchor-01,-83.76,36.24,True,1.0,GRAZING,,,SIMULATED
570.0,tag-0006,anchor-02,-97.92,22.08,True,1.0,GRAZING,,,SIMULATED
570.0,tag-0006,anchor-03,,,False,1.0,GRAZING,,,SIMULATED
570.0,tag-0006,anchor-04,-113.36,6.64,True,1.0,GRAZING,,,SIMULATED
570.0,tag-0006,anchor-05,-80.73,39.27,True,1.0,GRAZING,,,SIMULATED
570.0,tag-0006,anchor-06,,,False,1.0,GRAZING,,,SIMULATED
570.0,tag-0006,anchor-07,-118.89,1.11,True,1.0,GRAZING,,,SIMULATED
570.0,tag-0006,anchor-08,-102.75,17.25,True,1.0,GRAZING,,,SIMULATED
570.0,tag-0007,anchor-01,-86.81,33.19,True,1.0,GRAZING,,,SIMULATED
570.0,tag-0007,anchor-02,-96.92,23.08,True,1.0,GRAZING,,,SIMULATED
570.0,tag-0007,anchor-03,-124.05,-4.05,True,1.0,GRAZING,,,SIMULATED
570.0,tag-0007,anchor-04,-109.84,10.16,True,1.0,GRAZING,,,SIMULATED
570.0,tag-0007,anchor-05,-86.06,33.94,True,1.0,GRAZING,,,SIMULATED
570.0,tag-0007,anchor-06,-109.43,10.57,True,1.0,GRAZING,,,SIMULATED
570.0,tag-0007,anchor-07,-121.93,-1.93,True,1.0,GRAZING,,,SIMULATED
570.0,tag-0007,anchor-08,-101.37,18.63,True,1.0,GRAZING,,,SIMULATED
570.0,tag-0008,anchor-01,-97.19,22.81,True,1.0166211958074707,GRAZING,,,SIMULATED
570.0,tag-0008,anchor-02,-93.33,26.67,True,1.0166211958074707,GRAZING,,,SIMULATED
570.0,tag-0008,anchor-03,,,False,1.0166211958074707,GRAZING,,,SIMULATED
570.0,tag-0008,anchor-04,,,False,1.0166211958074707,GRAZING,,,SIMULATED
570.0,tag-0008,anchor-05,-99.26,20.74,True,1.0166211958074707,GRAZING,,,SIMULATED
570.0,tag-0008,anchor-06,,,False,1.0166211958074707,GRAZING,,,SIMULATED
570.0,tag-0008,anchor-07,-95.63,24.37,True,1.0166211958074707,GRAZING,,,SIMULATED
570.0,tag-0008,anchor-08,-91.53,28.47,True,1.0166211958074707,GRAZING,,,SIMULATED
570.0,tag-0009,anchor-01,-104.47,15.53,True,1.023347906126121,GRAZING,,,SIMULATED
570.0,tag-0009,anchor-02,-92.56,27.44,True,1.023347906126121,GRAZING,,,SIMULATED
570.0,tag-0009,anchor-03,,,False,1.023347906126121,GRAZING,,,SIMULATED
570.0,tag-0009,anchor-04,-110.67,9.33,True,1.023347906126121,GRAZING,,,SIMULATED
570.0,tag-0009,anchor-05,-85.12,34.88,True,1.023347906126121,GRAZING,,,SIMULATED
570.0,tag-0009,anchor-06,-101.4,18.6,True,1.023347906126121,GRAZING,,,SIMULATED
570.0,tag-0009,anchor-07,-121.58,-1.58,True,1.023347906126121,GRAZING,,,SIMULATED
570.0,tag-0009,anchor-08,-92.53,27.47,True,1.023347906126121,GRAZING,,,SIMULATED
570.0,tag-0010,anchor-01,-90.2,29.8,True,1.0,GRAZING,,,SIMULATED
570.0,tag-0010,anchor-02,-99.34,20.66,True,1.0,GRAZING,,,SIMULATED
570.0,tag-0010,anchor-03,,,False,1.0,GRAZING,,,SIMULATED
570.0,tag-0010,anchor-04,-112.22,7.78,True,1.0,GRAZING,,,SIMULATED
570.0,tag-0010,anchor-05,-83.49,36.51,True,1.0,GRAZING,,,SIMULATED
570.0,tag-0010,anchor-06,-109.33,10.67,True,1.0,GRAZING,,,SIMULATED
570.0,tag-0010,anchor-07,-102.47,17.53,True,1.0,GRAZING,,,SIMULATED
570.0,tag-0010,anchor-08,-99.4,20.6,True,1.0,GRAZING,,,SIMULATED
570.0,tag-0011,anchor-01,-96.59,23.41,True,1.0128582257633931,GRAZING,,,SIMULATED
570.0,tag-0011,anchor-02,-97.78,22.22,True,1.0128582257633931,GRAZING,,,SIMULATED
570.0,tag-0011,anchor-03,-123.63,-3.63,True,1.0128582257633931,GRAZING,,,SIMULATED
570.0,tag-0011,anchor-04,-113.22,6.78,True,1.0128582257633931,GRAZING,,,SIMULATED
570.0,tag-0011,anchor-05,-74.29,45.71,True,1.0128582257633931,GRAZING,,,SIMULATED
570.0,tag-0011,anchor-06,-104.55,15.45,True,1.0128582257633931,GRAZING,,,SIMULATED
570.0,tag-0011,anchor-07,-121.08,-1.08,True,1.0128582257633931,GRAZING,,,SIMULATED
570.0,tag-0011,anchor-08,-101.96,18.04,True,1.0128582257633931,GRAZING,,,SIMULATED
570.0,tag-0012,anchor-01,-80.94,39.06,True,1.0,WALKING,,,SIMULATED
570.0,tag-0012,anchor-02,,,False,1.0,WALKING,,,SIMULATED
570.0,tag-0012,anchor-03,,,False,1.0,WALKING,,,SIMULATED
570.0,tag-0012,anchor-04,-109.22,10.78,True,1.0,WALKING,,,SIMULATED
570.0,tag-0012,anchor-05,-77.83,42.17,True,1.0,WALKING,,,SIMULATED
570.0,tag-0012,anchor-06,-98.26,21.74,True,1.0,WALKING,,,SIMULATED
570.0,tag-0012,anchor-07,-121.62,-1.62,True,1.0,WALKING,,,SIMULATED
570.0,tag-0012,anchor-08,-98.46,21.54,True,1.0,WALKING,,,SIMULATED
570.0,tag-0013,anchor-01,-99.43,20.57,True,1.001393852989213,WALKING,,,SIMULATED
570.0,tag-0013,anchor-02,-97.18,22.82,True,1.001393852989213,WALKING,,,SIMULATED
570.0,tag-0013,anchor-03,,,False,1.001393852989213,WALKING,,,SIMULATED
570.0,tag-0013,anchor-04,-102.73,17.27,True,1.001393852989213,WALKING,,,SIMULATED
570.0,tag-0013,anchor-05,,,False,1.001393852989213,WALKING,,,SIMULATED
570.0,tag-0013,anchor-06,-118.14,1.86,True,1.001393852989213,WALKING,,,SIMULATED
570.0,tag-0013,anchor-07,-90.07,29.93,True,1.001393852989213,WALKING,,,SIMULATED
570.0,tag-0013,anchor-08,-97.35,22.65,True,1.001393852989213,WALKING,,,SIMULATED
570.0,tag-0014,anchor-01,-95.84,24.16,True,1.0112485272738025,GRAZING,,,SIMULATED
570.0,tag-0014,anchor-02,-100.13,19.87,True,1.0112485272738025,GRAZING,,,SIMULATED
570.0,tag-0014,anchor-03,,,False,1.0112485272738025,GRAZING,,,SIMULATED
570.0,tag-0014,anchor-04,-105.13,14.87,True,1.0112485272738025,GRAZING,,,SIMULATED
570.0,tag-0014,anchor-05,-84.31,35.69,True,1.0112485272738025,GRAZING,,,SIMULATED
570.0,tag-0014,anchor-06,-104.87,15.13,True,1.0112485272738025,GRAZING,,,SIMULATED
570.0,tag-0014,anchor-07,-100.08,19.92,True,1.0112485272738025,GRAZING,,,SIMULATED
570.0,tag-0014,anchor-08,-93.69,26.31,True,1.0112485272738025,GRAZING,,,SIMULATED
570.0,tag-0015,anchor-01,-95.68,24.32,True,1.0283782657562344,GRAZING,,,SIMULATED
570.0,tag-0015,anchor-02,-98.06,21.94,True,1.0283782657562344,GRAZING,,,SIMULATED
570.0,tag-0015,anchor-03,-126.7,-6.7,True,1.0283782657562344,GRAZING,,,SIMULATED
570.0,tag-0015,anchor-04,-99.35,20.65,True,1.0283782657562344,GRAZING,,,SIMULATED
570.0,tag-0015,anchor-05,,,False,1.0283782657562344,GRAZING,,,SIMULATED
570.0,tag-0015,anchor-06,-102.14,17.86,True,1.0283782657562344,GRAZING,,,SIMULATED
570.0,tag-0015,anchor-07,-120.65,-0.65,True,1.0283782657562344,GRAZING,,,SIMULATED
570.0,tag-0015,anchor-08,,,False,1.0283782657562344,GRAZING,,,SIMULATED
570.0,tag-0016,anchor-01,-78.98,41.02,True,1.0,GRAZING,,,SIMULATED
570.0,tag-0016,anchor-02,-95.53,24.47,True,1.0,GRAZING,,,SIMULATED
570.0,tag-0016,anchor-03,,,False,1.0,GRAZING,,,SIMULATED
570.0,tag-0016,anchor-04,-109.11,10.89,True,1.0,GRAZING,,,SIMULATED
570.0,tag-0016,anchor-05,-75.88,44.12,True,1.0,GRAZING,,,SIMULATED
570.0,tag-0016,anchor-06,-114.47,5.53,True,1.0,GRAZING,,,SIMULATED
570.0,tag-0016,anchor-07,-118.89,1.11,True,1.0,GRAZING,,,SIMULATED
570.0,tag-0016,anchor-08,-100.37,19.63,True,1.0,GRAZING,,,SIMULATED
570.0,tag-0017,anchor-01,-89.31,30.69,True,1.000210207788836,GRAZING,,,SIMULATED
570.0,tag-0017,anchor-02,-88.47,31.53,True,1.000210207788836,GRAZING,,,SIMULATED
570.0,tag-0017,anchor-03,,,False,1.000210207788836,GRAZING,,,SIMULATED
570.0,tag-0017,anchor-04,-106.89,13.11,True,1.000210207788836,GRAZING,,,SIMULATED
570.0,tag-0017,anchor-05,-74.87,45.13,True,1.000210207788836,GRAZING,,,SIMULATED
570.0,tag-0017,anchor-06,-100.57,19.43,True,1.000210207788836,GRAZING,,,SIMULATED
570.0,tag-0017,anchor-07,-122.96,-2.96,True,1.000210207788836,GRAZING,,,SIMULATED
570.0,tag-0017,anchor-08,-101.26,18.74,True,1.000210207788836,GRAZING,,,SIMULATED
570.0,tag-0018,anchor-01,-90.5,29.5,True,1.0033674713297307,GRAZING,,,SIMULATED
570.0,tag-0018,anchor-02,-87.53,32.47,True,1.0033674713297307,GRAZING,,,SIMULATED
570.0,tag-0018,anchor-03,,,False,1.0033674713297307,GRAZING,,,SIMULATED
570.0,tag-0018,anchor-04,-101.29,18.71,True,1.0033674713297307,GRAZING,,,SIMULATED
570.0,tag-0018,anchor-05,,,False,1.0033674713297307,GRAZING,,,SIMULATED
570.0,tag-0018,anchor-06,-97.58,22.42,True,1.0033674713297307,GRAZING,,,SIMULATED
570.0,tag-0018,anchor-07,-112.56,7.44,True,1.0033674713297307,GRAZING,,,SIMULATED
570.0,tag-0018,anchor-08,-93.13,26.87,True,1.0033674713297307,GRAZING,,,SIMULATED
570.0,tag-0019,anchor-01,-87.05,32.95,True,1.0,GRAZING,,,SIMULATED
570.0,tag-0019,anchor-02,-93.71,26.29,True,1.0,GRAZING,,,SIMULATED
570.0,tag-0019,anchor-03,,,False,1.0,GRAZING,,,SIMULATED
570.0,tag-0019,anchor-04,-108.62,11.38,True,1.0,GRAZING,,,SIMULATED
570.0,tag-0019,anchor-05,-73.36,46.64,True,1.0,GRAZING,,,SIMULATED
570.0,tag-0019,anchor-06,-91.04,28.96,True,1.0,GRAZING,,,SIMULATED
570.0,tag-0019,anchor-07,-116.94,3.06,True,1.0,GRAZING,,,SIMULATED
570.0,tag-0019,anchor-08,-110.31,9.69,True,1.0,GRAZING,,,SIMULATED
570.0,tag-0020,anchor-01,-82.27,37.73,True,1.0126406991871546,WALKING,,,SIMULATED
570.0,tag-0020,anchor-02,-100.55,19.45,True,1.0126406991871546,WALKING,,,SIMULATED
570.0,tag-0020,anchor-03,,,False,1.0126406991871546,WALKING,,,SIMULATED
570.0,tag-0020,anchor-04,-102.1,17.9,True,1.0126406991871546,WALKING,,,SIMULATED
570.0,tag-0020,anchor-05,-79.11,40.89,True,1.0126406991871546,WALKING,,,SIMULATED
570.0,tag-0020,anchor-06,-106.9,13.1,True,1.0126406991871546,WALKING,,,SIMULATED
570.0,tag-0020,anchor-07,,,False,1.0126406991871546,WALKING,,,SIMULATED
570.0,tag-0020,anchor-08,-101.17,18.83,True,1.0126406991871546,WALKING,,,SIMULATED
600.0,tag-0001,anchor-01,-85.19,34.81,True,1.0099038448596287,GRAZING,,,SIMULATED
600.0,tag-0001,anchor-02,-88.91,31.09,True,1.0099038448596287,GRAZING,,,SIMULATED
600.0,tag-0001,anchor-03,,,False,1.0099038448596287,GRAZING,,,SIMULATED
600.0,tag-0001,anchor-04,-103.12,16.88,True,1.0099038448596287,GRAZING,,,SIMULATED
600.0,tag-0001,anchor-05,-75.29,44.71,True,1.0099038448596287,GRAZING,,,SIMULATED
600.0,tag-0001,anchor-06,-93.57,26.43,True,1.0099038448596287,GRAZING,,,SIMULATED
600.0,tag-0001,anchor-07,-112.76,7.24,True,1.0099038448596287,GRAZING,,,SIMULATED
600.0,tag-0001,anchor-08,-90.05,29.95,True,1.0099038448596287,GRAZING,,,SIMULATED
600.0,tag-0002,anchor-01,-96.55,23.45,True,1.0412929159573259,WALKING,,,SIMULATED
600.0,tag-0002,anchor-02,-93.57,26.43,True,1.0412929159573259,WALKING,,,SIMULATED
600.0,tag-0002,anchor-03,-121.25,-1.25,True,1.0412929159573259,WALKING,,,SIMULATED
600.0,tag-0002,anchor-04,-115.8,4.2,True,1.0412929159573259,WALKING,,,SIMULATED
600.0,tag-0002,anchor-05,,,False,1.0412929159573259,WALKING,,,SIMULATED
600.0,tag-0002,anchor-06,-100.5,19.5,True,1.0412929159573259,WALKING,,,SIMULATED
600.0,tag-0002,anchor-07,-126.39,-6.39,True,1.0412929159573259,WALKING,,,SIMULATED
600.0,tag-0002,anchor-08,-96.45,23.55,True,1.0412929159573259,WALKING,,,SIMULATED
600.0,tag-0003,anchor-01,-91.6,28.4,True,1.0032437274095733,GRAZING,,,SIMULATED
600.0,tag-0003,anchor-02,,,False,1.0032437274095733,GRAZING,,,SIMULATED
600.0,tag-0003,anchor-03,-123.6,-3.6,True,1.0032437274095733,GRAZING,,,SIMULATED
600.0,tag-0003,anchor-04,-100.28,19.72,True,1.0032437274095733,GRAZING,,,SIMULATED
600.0,tag-0003,anchor-05,-75.98,44.02,True,1.0032437274095733,GRAZING,,,SIMULATED
600.0,tag-0003,anchor-06,-96.73,23.27,True,1.0032437274095733,GRAZING,,,SIMULATED
600.0,tag-0003,anchor-07,-114.52,5.48,True,1.0032437274095733,GRAZING,,,SIMULATED
600.0,tag-0003,anchor-08,-103.11,16.89,True,1.0032437274095733,GRAZING,,,SIMULATED
600.0,tag-0004,anchor-01,-96.72,23.28,True,1.0038083500510515,GRAZING,,,SIMULATED
600.0,tag-0004,anchor-02,-90.06,29.94,True,1.0038083500510515,GRAZING,,,SIMULATED
600.0,tag-0004,anchor-03,-126.12,-6.12,True,1.0038083500510515,GRAZING,,,SIMULATED
600.0,tag-0004,anchor-04,-107.25,12.75,True,1.0038083500510515,GRAZING,,,SIMULATED
600.0,tag-0004,anchor-05,-79.57,40.43,True,1.0038083500510515,GRAZING,,,SIMULATED
600.0,tag-0004,anchor-06,-99.31,20.69,True,1.0038083500510515,GRAZING,,,SIMULATED
600.0,tag-0004,anchor-07,-124.77,-4.77,True,1.0038083500510515,GRAZING,,,SIMULATED
600.0,tag-0004,anchor-08,-104.87,15.13,True,1.0038083500510515,GRAZING,,,SIMULATED
600.0,tag-0005,anchor-01,-93.94,26.06,True,1.0139385558184035,GRAZING,,,SIMULATED
600.0,tag-0005,anchor-02,-97.36,22.64,True,1.0139385558184035,GRAZING,,,SIMULATED
600.0,tag-0005,anchor-03,,,False,1.0139385558184035,GRAZING,,,SIMULATED
600.0,tag-0005,anchor-04,-104.64,15.36,True,1.0139385558184035,GRAZING,,,SIMULATED
600.0,tag-0005,anchor-05,-82.33,37.67,True,1.0139385558184035,GRAZING,,,SIMULATED
600.0,tag-0005,anchor-06,,,False,1.0139385558184035,GRAZING,,,SIMULATED
600.0,tag-0005,anchor-07,,,False,1.0139385558184035,GRAZING,,,SIMULATED
600.0,tag-0005,anchor-08,-98.35,21.65,True,1.0139385558184035,GRAZING,,,SIMULATED
600.0,tag-0006,anchor-01,-84.38,35.62,True,1.0062151951096354,GRAZING,,,SIMULATED
600.0,tag-0006,anchor-02,,,False,1.0062151951096354,GRAZING,,,SIMULATED
600.0,tag-0006,anchor-03,,,False,1.0062151951096354,GRAZING,,,SIMULATED
600.0,tag-0006,anchor-04,-110.53,9.47,True,1.0062151951096354,GRAZING,,,SIMULATED
600.0,tag-0006,anchor-05,-80.56,39.44,True,1.0062151951096354,GRAZING,,,SIMULATED
600.0,tag-0006,anchor-06,-102.74,17.26,True,1.0062151951096354,GRAZING,,,SIMULATED
600.0,tag-0006,anchor-07,-117.73,2.27,True,1.0062151951096354,GRAZING,,,SIMULATED
600.0,tag-0006,anchor-08,-98.07,21.93,True,1.0062151951096354,GRAZING,,,SIMULATED
600.0,tag-0007,anchor-01,-85.64,34.36,True,1.0249553963031557,GRAZING,,,SIMULATED
600.0,tag-0007,anchor-02,-98.36,21.64,True,1.0249553963031557,GRAZING,,,SIMULATED
600.0,tag-0007,anchor-03,,,False,1.0249553963031557,GRAZING,,,SIMULATED
600.0,tag-0007,anchor-04,,,False,1.0249553963031557,GRAZING,,,SIMULATED
600.0,tag-0007,anchor-05,-83.2,36.8,True,1.0249553963031557,GRAZING,,,SIMULATED
600.0,tag-0007,anchor-06,-102.59,17.41,True,1.0249553963031557,GRAZING,,,SIMULATED
600.0,tag-0007,anchor-07,-121.02,-1.02,True,1.0249553963031557,GRAZING,,,SIMULATED
600.0,tag-0007,anchor-08,-99.5,20.5,True,1.0249553963031557,GRAZING,,,SIMULATED
600.0,tag-0008,anchor-01,,,False,1.0,GRAZING,,,SIMULATED
600.0,tag-0008,anchor-02,-93.89,26.11,True,1.0,GRAZING,,,SIMULATED
600.0,tag-0008,anchor-03,,,False,1.0,GRAZING,,,SIMULATED
600.0,tag-0008,anchor-04,-93.93,26.07,True,1.0,GRAZING,,,SIMULATED
600.0,tag-0008,anchor-05,-95.05,24.95,True,1.0,GRAZING,,,SIMULATED
600.0,tag-0008,anchor-06,-126.71,-6.71,True,1.0,GRAZING,,,SIMULATED
600.0,tag-0008,anchor-07,-95.74,24.26,True,1.0,GRAZING,,,SIMULATED
600.0,tag-0008,anchor-08,-89.09,30.91,True,1.0,GRAZING,,,SIMULATED
600.0,tag-0009,anchor-01,-99.74,20.26,True,1.0,GRAZING,,,SIMULATED
600.0,tag-0009,anchor-02,-96.07,23.93,True,1.0,GRAZING,,,SIMULATED
600.0,tag-0009,anchor-03,,,False,1.0,GRAZING,,,SIMULATED
600.0,tag-0009,anchor-04,-112.88,7.12,True,1.0,GRAZING,,,SIMULATED
600.0,tag-0009,anchor-05,-87.98,32.02,True,1.0,GRAZING,,,SIMULATED
600.0,tag-0009,anchor-06,-106.65,13.35,True,1.0,GRAZING,,,SIMULATED
600.0,tag-0009,anchor-07,-120.68,-0.68,True,1.0,GRAZING,,,SIMULATED
600.0,tag-0009,anchor-08,-90.19,29.81,True,1.0,GRAZING,,,SIMULATED
600.0,tag-0010,anchor-01,-92.38,27.62,True,1.0,GRAZING,,,SIMULATED
600.0,tag-0010,anchor-02,-94.13,25.87,True,1.0,GRAZING,,,SIMULATED
600.0,tag-0010,anchor-03,-122.35,-2.35,True,1.0,GRAZING,,,SIMULATED
600.0,tag-0010,anchor-04,-114.79,5.21,True,1.0,GRAZING,,,SIMULATED
600.0,tag-0010,anchor-05,-82.29,37.71,True,1.0,GRAZING,,,SIMULATED
600.0,tag-0010,anchor-06,-103.57,16.43,True,1.0,GRAZING,,,SIMULATED
600.0,tag-0010,anchor-07,-101.12,18.88,True,1.0,GRAZING,,,SIMULATED
600.0,tag-0010,anchor-08,-99.73,20.27,True,1.0,GRAZING,,,SIMULATED
600.0,tag-0011,anchor-01,-91.93,28.07,True,1.0121983216610615,GRAZING,,,SIMULATED
600.0,tag-0011,anchor-02,-101.1,18.9,True,1.0121983216610615,GRAZING,,,SIMULATED
600.0,tag-0011,anchor-03,-121.64,-1.64,True,1.0121983216610615,GRAZING,,,SIMULATED
600.0,tag-0011,anchor-04,-110.5,9.5,True,1.0121983216610615,GRAZING,,,SIMULATED
600.0,tag-0011,anchor-05,-79.66,40.34,True,1.0121983216610615,GRAZING,,,SIMULATED
600.0,tag-0011,anchor-06,-102.58,17.42,True,1.0121983216610615,GRAZING,,,SIMULATED
600.0,tag-0011,anchor-07,-122.24,-2.24,True,1.0121983216610615,GRAZING,,,SIMULATED
600.0,tag-0011,anchor-08,-100.49,19.51,True,1.0121983216610615,GRAZING,,,SIMULATED
600.0,tag-0012,anchor-01,-82.13,37.87,True,1.0,WALKING,,,SIMULATED
600.0,tag-0012,anchor-02,-90.26,29.74,True,1.0,WALKING,,,SIMULATED
600.0,tag-0012,anchor-03,,,False,1.0,WALKING,,,SIMULATED
600.0,tag-0012,anchor-04,-109.6,10.4,True,1.0,WALKING,,,SIMULATED
600.0,tag-0012,anchor-05,-81.45,38.55,True,1.0,WALKING,,,SIMULATED
600.0,tag-0012,anchor-06,-91.56,28.44,True,1.0,WALKING,,,SIMULATED
600.0,tag-0012,anchor-07,,,False,1.0,WALKING,,,SIMULATED
600.0,tag-0012,anchor-08,-102.83,17.17,True,1.0,WALKING,,,SIMULATED
600.0,tag-0013,anchor-01,,,False,1.0263033871931333,WALKING,,,SIMULATED
600.0,tag-0013,anchor-02,-98.07,21.93,True,1.0263033871931333,WALKING,,,SIMULATED
600.0,tag-0013,anchor-03,,,False,1.0263033871931333,WALKING,,,SIMULATED
600.0,tag-0013,anchor-04,-103.94,16.06,True,1.0263033871931333,WALKING,,,SIMULATED
600.0,tag-0013,anchor-05,-95.94,24.06,True,1.0263033871931333,WALKING,,,SIMULATED
600.0,tag-0013,anchor-06,-115.85,4.15,True,1.0263033871931333,WALKING,,,SIMULATED
600.0,tag-0013,anchor-07,-89.08,30.92,True,1.0263033871931333,WALKING,,,SIMULATED
600.0,tag-0013,anchor-08,-92.92,27.08,True,1.0263033871931333,WALKING,,,SIMULATED
600.0,tag-0014,anchor-01,,,False,1.0323121713886585,GRAZING,,,SIMULATED
600.0,tag-0014,anchor-02,-93.37,26.63,True,1.0323121713886585,GRAZING,,,SIMULATED
600.0,tag-0014,anchor-03,,,False,1.0323121713886585,GRAZING,,,SIMULATED
600.0,tag-0014,anchor-04,-101.87,18.13,True,1.0323121713886585,GRAZING,,,SIMULATED
600.0,tag-0014,anchor-05,-85.27,34.73,True,1.0323121713886585,GRAZING,,,SIMULATED
600.0,tag-0014,anchor-06,-105.12,14.88,True,1.0323121713886585,GRAZING,,,SIMULATED
600.0,tag-0014,anchor-07,,,False,1.0323121713886585,GRAZING,,,SIMULATED
600.0,tag-0014,anchor-08,-94.08,25.92,True,1.0323121713886585,GRAZING,,,SIMULATED
600.0,tag-0015,anchor-01,-98.18,21.82,True,1.0002768826072361,GRAZING,,,SIMULATED
600.0,tag-0015,anchor-02,-98.21,21.79,True,1.0002768826072361,GRAZING,,,SIMULATED
600.0,tag-0015,anchor-03,,,False,1.0002768826072361,GRAZING,,,SIMULATED
600.0,tag-0015,anchor-04,-103.91,16.09,True,1.0002768826072361,GRAZING,,,SIMULATED
600.0,tag-0015,anchor-05,-85.36,34.64,True,1.0002768826072361,GRAZING,,,SIMULATED
600.0,tag-0015,anchor-06,-101.06,18.94,True,1.0002768826072361,GRAZING,,,SIMULATED
600.0,tag-0015,anchor-07,,,False,1.0002768826072361,GRAZING,,,SIMULATED
600.0,tag-0015,anchor-08,-94.05,25.95,True,1.0002768826072361,GRAZING,,,SIMULATED
600.0,tag-0016,anchor-01,-85.83,34.17,True,1.0,GRAZING,,,SIMULATED
600.0,tag-0016,anchor-02,-99.47,20.53,True,1.0,GRAZING,,,SIMULATED
600.0,tag-0016,anchor-03,-123.61,-3.61,True,1.0,GRAZING,,,SIMULATED
600.0,tag-0016,anchor-04,-108.99,11.01,True,1.0,GRAZING,,,SIMULATED
600.0,tag-0016,anchor-05,-81.77,38.23,True,1.0,GRAZING,,,SIMULATED
600.0,tag-0016,anchor-06,-110.29,9.71,True,1.0,GRAZING,,,SIMULATED
600.0,tag-0016,anchor-07,-124.04,-4.04,True,1.0,GRAZING,,,SIMULATED
600.0,tag-0016,anchor-08,-95.91,24.09,True,1.0,GRAZING,,,SIMULATED
600.0,tag-0017,anchor-01,-86.88,33.12,True,1.0,GRAZING,,,SIMULATED
600.0,tag-0017,anchor-02,-91.17,28.83,True,1.0,GRAZING,,,SIMULATED
600.0,tag-0017,anchor-03,,,False,1.0,GRAZING,,,SIMULATED
600.0,tag-0017,anchor-04,-111.41,8.59,True,1.0,GRAZING,,,SIMULATED
600.0,tag-0017,anchor-05,-78.23,41.77,True,1.0,GRAZING,,,SIMULATED
600.0,tag-0017,anchor-06,-93.92,26.08,True,1.0,GRAZING,,,SIMULATED
600.0,tag-0017,anchor-07,-123.71,-3.71,True,1.0,GRAZING,,,SIMULATED
600.0,tag-0017,anchor-08,-92.76,27.24,True,1.0,GRAZING,,,SIMULATED
600.0,tag-0018,anchor-01,-84.24,35.76,True,1.0,GRAZING,,,SIMULATED
600.0,tag-0018,anchor-02,-86.68,33.32,True,1.0,GRAZING,,,SIMULATED
600.0,tag-0018,anchor-03,-123.57,-3.57,True,1.0,GRAZING,,,SIMULATED
600.0,tag-0018,anchor-04,-106.02,13.98,True,1.0,GRAZING,,,SIMULATED
600.0,tag-0018,anchor-05,-82.5,37.5,True,1.0,GRAZING,,,SIMULATED
600.0,tag-0018,anchor-06,-96.48,23.52,True,1.0,GRAZING,,,SIMULATED
600.0,tag-0018,anchor-07,-108.2,11.8,True,1.0,GRAZING,,,SIMULATED
600.0,tag-0018,anchor-08,-92.04,27.96,True,1.0,GRAZING,,,SIMULATED
600.0,tag-0019,anchor-01,-84.53,35.47,True,1.0,GRAZING,,,SIMULATED
600.0,tag-0019,anchor-02,-89.28,30.72,True,1.0,GRAZING,,,SIMULATED
600.0,tag-0019,anchor-03,-125.81,-5.81,True,1.0,GRAZING,,,SIMULATED
600.0,tag-0019,anchor-04,-107.07,12.93,True,1.0,GRAZING,,,SIMULATED
600.0,tag-0019,anchor-05,-73.2,46.8,True,1.0,GRAZING,,,SIMULATED
600.0,tag-0019,anchor-06,-88.33,31.67,True,1.0,GRAZING,,,SIMULATED
600.0,tag-0019,anchor-07,-117.72,2.28,True,1.0,GRAZING,,,SIMULATED
600.0,tag-0019,anchor-08,-105.86,14.14,True,1.0,GRAZING,,,SIMULATED
600.0,tag-0020,anchor-01,-84.95,35.05,True,1.0096882204165523,WALKING,,,SIMULATED
600.0,tag-0020,anchor-02,-105.52,14.48,True,1.0096882204165523,WALKING,,,SIMULATED
600.0,tag-0020,anchor-03,,,False,1.0096882204165523,WALKING,,,SIMULATED
600.0,tag-0020,anchor-04,-106.36,13.64,True,1.0096882204165523,WALKING,,,SIMULATED
600.0,tag-0020,anchor-05,-75.57,44.43,True,1.0096882204165523,WALKING,,,SIMULATED
600.0,tag-0020,anchor-06,-107.18,12.82,True,1.0096882204165523,WALKING,,,SIMULATED
600.0,tag-0020,anchor-07,-98.37,21.63,True,1.0096882204165523,WALKING,,,SIMULATED
600.0,tag-0020,anchor-08,-97.34,22.66,True,1.0096882204165523,WALKING,,,SIMULATED
630.0,tag-0001,anchor-01,-83.83,36.17,True,1.0,GRAZING,,,SIMULATED
630.0,tag-0001,anchor-02,-90.01,29.99,True,1.0,GRAZING,,,SIMULATED
630.0,tag-0001,anchor-03,,,False,1.0,GRAZING,,,SIMULATED
630.0,tag-0001,anchor-04,-103.82,16.18,True,1.0,GRAZING,,,SIMULATED
630.0,tag-0001,anchor-05,-74.32,45.68,True,1.0,GRAZING,,,SIMULATED
630.0,tag-0001,anchor-06,-98.29,21.71,True,1.0,GRAZING,,,SIMULATED
630.0,tag-0001,anchor-07,-119.23,0.77,True,1.0,GRAZING,,,SIMULATED
630.0,tag-0001,anchor-08,-94.38,25.62,True,1.0,GRAZING,,,SIMULATED
630.0,tag-0002,anchor-01,-96.31,23.69,True,1.0260609865236878,WALKING,,,SIMULATED
630.0,tag-0002,anchor-02,-89.18,30.82,True,1.0260609865236878,WALKING,,,SIMULATED
630.0,tag-0002,anchor-03,-118.82,1.18,True,1.0260609865236878,WALKING,,,SIMULATED
630.0,tag-0002,anchor-04,-114.68,5.32,True,1.0260609865236878,WALKING,,,SIMULATED
630.0,tag-0002,anchor-05,-84.54,35.46,True,1.0260609865236878,WALKING,,,SIMULATED
630.0,tag-0002,anchor-06,-105.59,14.41,True,1.0260609865236878,WALKING,,,SIMULATED
630.0,tag-0002,anchor-07,-122.96,-2.96,True,1.0260609865236878,WALKING,,,SIMULATED
630.0,tag-0002,anchor-08,-89.96,30.04,True,1.0260609865236878,WALKING,,,SIMULATED
630.0,tag-0003,anchor-01,-94.8,25.2,True,1.0,GRAZING,,,SIMULATED
630.0,tag-0003,anchor-02,-93.01,26.99,True,1.0,GRAZING,,,SIMULATED
630.0,tag-0003,anchor-03,-126.56,-6.56,True,1.0,GRAZING,,,SIMULATED
630.0,tag-0003,anchor-04,-100.45,19.55,True,1.0,GRAZING,,,SIMULATED
630.0,tag-0003,anchor-05,-70.18,49.82,True,1.0,GRAZING,,,SIMULATED
630.0,tag-0003,anchor-06,-98.34,21.66,True,1.0,GRAZING,,,SIMULATED
630.0,tag-0003,anchor-07,-118.33,1.67,True,1.0,GRAZING,,,SIMULATED
630.0,tag-0003,anchor-08,-104.09,15.91,True,1.0,GRAZING,,,SIMULATED
630.0,tag-0004,anchor-01,-97.97,22.03,True,1.0110101172002135,GRAZING,,,SIMULATED
630.0,tag-0004,anchor-02,-87.72,32.28,True,1.0110101172002135,GRAZING,,,SIMULATED
630.0,tag-0004,anchor-03,,,False,1.0110101172002135,GRAZING,,,SIMULATED
630.0,tag-0004,anchor-04,-103.3,16.7,True,1.0110101172002135,GRAZING,,,SIMULATED
630.0,tag-0004,anchor-05,-82.49,37.51,True,1.0110101172002135,GRAZING,,,SIMULATED
630.0,tag-0004,anchor-06,-99.21,20.79,True,1.0110101172002135,GRAZING,,,SIMULATED
630.0,tag-0004,anchor-07,-125.16,-5.16,True,1.0110101172002135,GRAZING,,,SIMULATED
630.0,tag-0004,anchor-08,-98.81,21.19,True,1.0110101172002135,GRAZING,,,SIMULATED
630.0,tag-0005,anchor-01,-91.22,28.78,True,1.025174738672697,GRAZING,,,SIMULATED
630.0,tag-0005,anchor-02,-94.9,25.1,True,1.025174738672697,GRAZING,,,SIMULATED
630.0,tag-0005,anchor-03,,,False,1.025174738672697,GRAZING,,,SIMULATED
630.0,tag-0005,anchor-04,-99.33,20.67,True,1.025174738672697,GRAZING,,,SIMULATED
630.0,tag-0005,anchor-05,-79.82,40.18,True,1.025174738672697,GRAZING,,,SIMULATED
630.0,tag-0005,anchor-06,-102.24,17.76,True,1.025174738672697,GRAZING,,,SIMULATED
630.0,tag-0005,anchor-07,-125.41,-5.41,True,1.025174738672697,GRAZING,,,SIMULATED
630.0,tag-0005,anchor-08,-99.03,20.97,True,1.025174738672697,GRAZING,,,SIMULATED
630.0,tag-0006,anchor-01,-85.39,34.61,True,1.0010149701702826,GRAZING,,,SIMULATED
630.0,tag-0006,anchor-02,-96.98,23.02,True,1.0010149701702826,GRAZING,,,SIMULATED
630.0,tag-0006,anchor-03,,,False,1.0010149701702826,GRAZING,,,SIMULATED
630.0,tag-0006,anchor-04,,,False,1.0010149701702826,GRAZING,,,SIMULATED
630.0,tag-0006,anchor-05,-81.53,38.47,True,1.0010149701702826,GRAZING,,,SIMULATED
630.0,tag-0006,anchor-06,-103.74,16.26,True,1.0010149701702826,GRAZING,,,SIMULATED
630.0,tag-0006,anchor-07,-123.24,-3.24,True,1.0010149701702826,GRAZING,,,SIMULATED
630.0,tag-0006,anchor-08,-101.73,18.27,True,1.0010149701702826,GRAZING,,,SIMULATED
630.0,tag-0007,anchor-01,-83.24,36.76,True,1.0184038116157736,GRAZING,,,SIMULATED
630.0,tag-0007,anchor-02,-100.09,19.91,True,1.0184038116157736,GRAZING,,,SIMULATED
630.0,tag-0007,anchor-03,-123.86,-3.86,True,1.0184038116157736,GRAZING,,,SIMULATED
630.0,tag-0007,anchor-04,-109.68,10.32,True,1.0184038116157736,GRAZING,,,SIMULATED
630.0,tag-0007,anchor-05,-80.85,39.15,True,1.0184038116157736,GRAZING,,,SIMULATED
630.0,tag-0007,anchor-06,-101.98,18.02,True,1.0184038116157736,GRAZING,,,SIMULATED
630.0,tag-0007,anchor-07,-115.33,4.67,True,1.0184038116157736,GRAZING,,,SIMULATED
630.0,tag-0007,anchor-08,-99.59,20.41,True,1.0184038116157736,GRAZING,,,SIMULATED
630.0,tag-0008,anchor-01,-88.23,31.77,True,1.0,GRAZING,,,SIMULATED
630.0,tag-0008,anchor-02,-96.29,23.71,True,1.0,GRAZING,,,SIMULATED
630.0,tag-0008,anchor-03,,,False,1.0,GRAZING,,,SIMULATED
630.0,tag-0008,anchor-04,-99.34,20.66,True,1.0,GRAZING,,,SIMULATED
630.0,tag-0008,anchor-05,-93.06,26.94,True,1.0,GRAZING,,,SIMULATED
630.0,tag-0008,anchor-06,-124.88,-4.88,True,1.0,GRAZING,,,SIMULATED
630.0,tag-0008,anchor-07,-96.72,23.28,True,1.0,GRAZING,,,SIMULATED
630.0,tag-0008,anchor-08,-87.38,32.62,True,1.0,GRAZING,,,SIMULATED
630.0,tag-0009,anchor-01,-96.87,23.13,True,1.003418157075304,GRAZING,,,SIMULATED
630.0,tag-0009,anchor-02,-95.17,24.83,True,1.003418157075304,GRAZING,,,SIMULATED
630.0,tag-0009,anchor-03,-121.44,-1.44,True,1.003418157075304,GRAZING,,,SIMULATED
630.0,tag-0009,anchor-04,-111.19,8.81,True,1.003418157075304,GRAZING,,,SIMULATED
630.0,tag-0009,anchor-05,-86.26,33.74,True,1.003418157075304,GRAZING,,,SIMULATED
630.0,tag-0009,anchor-06,-98.75,21.25,True,1.003418157075304,GRAZING,,,SIMULATED
630.0,tag-0009,anchor-07,-122.56,-2.56,True,1.003418157075304,GRAZING,,,SIMULATED
630.0,tag-0009,anchor-08,-94.25,25.75,True,1.003418157075304,GRAZING,,,SIMULATED
630.0,tag-0010,anchor-01,-92.77,27.23,True,1.0,GRAZING,,,SIMULATED
630.0,tag-0010,anchor-02,-97.2,22.8,True,1.0,GRAZING,,,SIMULATED
630.0,tag-0010,anchor-03,-123.08,-3.08,True,1.0,GRAZING,,,SIMULATED
630.0,tag-0010,anchor-04,-110.38,9.62,True,1.0,GRAZING,,,SIMULATED
630.0,tag-0010,anchor-05,-76.77,43.23,True,1.0,GRAZING,,,SIMULATED
630.0,tag-0010,anchor-06,-110.49,9.51,True,1.0,GRAZING,,,SIMULATED
630.0,tag-0010,anchor-07,-105.31,14.69,True,1.0,GRAZING,,,SIMULATED
630.0,tag-0010,anchor-08,-97.77,22.23,True,1.0,GRAZING,,,SIMULATED
630.0,tag-0011,anchor-01,-89.27,30.73,True,1.002811647055206,GRAZING,,,SIMULATED
630.0,tag-0011,anchor-02,-98.3,21.7,True,1.002811647055206,GRAZING,,,SIMULATED
630.0,tag-0011,anchor-03,-122.16,-2.16,True,1.002811647055206,GRAZING,,,SIMULATED
630.0,tag-0011,anchor-04,,,False,1.002811647055206,GRAZING,,,SIMULATED
630.0,tag-0011,anchor-05,-86.21,33.79,True,1.002811647055206,GRAZING,,,SIMULATED
630.0,tag-0011,anchor-06,,,False,1.002811647055206,GRAZING,,,SIMULATED
630.0,tag-0011,anchor-07,-117.31,2.69,True,1.002811647055206,GRAZING,,,SIMULATED
630.0,tag-0011,anchor-08,-101.67,18.33,True,1.002811647055206,GRAZING,,,SIMULATED
630.0,tag-0012,anchor-01,-82.81,37.19,True,1.0179578205532498,WALKING,,,SIMULATED
630.0,tag-0012,anchor-02,-92.7,27.3,True,1.0179578205532498,WALKING,,,SIMULATED
630.0,tag-0012,anchor-03,,,False,1.0179578205532498,WALKING,,,SIMULATED
630.0,tag-0012,anchor-04,-110.95,9.05,True,1.0179578205532498,WALKING,,,SIMULATED
630.0,tag-0012,anchor-05,-86.72,33.28,True,1.0179578205532498,WALKING,,,SIMULATED
630.0,tag-0012,anchor-06,-89.54,30.46,True,1.0179578205532498,WALKING,,,SIMULATED
630.0,tag-0012,anchor-07,-116.9,3.1,True,1.0179578205532498,WALKING,,,SIMULATED
630.0,tag-0012,anchor-08,-97.5,22.5,True,1.0179578205532498,WALKING,,,SIMULATED
630.0,tag-0013,anchor-01,-99.04,20.96,True,1.0363697950267972,WALKING,,,SIMULATED
630.0,tag-0013,anchor-02,-95.39,24.61,True,1.0363697950267972,WALKING,,,SIMULATED
630.0,tag-0013,anchor-03,,,False,1.0363697950267972,WALKING,,,SIMULATED
630.0,tag-0013,anchor-04,-102.24,17.76,True,1.0363697950267972,WALKING,,,SIMULATED
630.0,tag-0013,anchor-05,-90.18,29.82,True,1.0363697950267972,WALKING,,,SIMULATED
630.0,tag-0013,anchor-06,-118.91,1.09,True,1.0363697950267972,WALKING,,,SIMULATED
630.0,tag-0013,anchor-07,-94.72,25.28,True,1.0363697950267972,WALKING,,,SIMULATED
630.0,tag-0013,anchor-08,,,False,1.0363697950267972,WALKING,,,SIMULATED
630.0,tag-0014,anchor-01,-92.62,27.38,True,1.0,GRAZING,,,SIMULATED
630.0,tag-0014,anchor-02,-94.13,25.87,True,1.0,GRAZING,,,SIMULATED
630.0,tag-0014,anchor-03,,,False,1.0,GRAZING,,,SIMULATED
630.0,tag-0014,anchor-04,-106.29,13.71,True,1.0,GRAZING,,,SIMULATED
630.0,tag-0014,anchor-05,-92.29,27.71,True,1.0,GRAZING,,,SIMULATED
630.0,tag-0014,anchor-06,-107.3,12.7,True,1.0,GRAZING,,,SIMULATED
630.0,tag-0014,anchor-07,-101.55,18.45,True,1.0,GRAZING,,,SIMULATED
630.0,tag-0014,anchor-08,-94.99,25.01,True,1.0,GRAZING,,,SIMULATED
630.0,tag-0015,anchor-01,-98.88,21.12,True,1.0,GRAZING,,,SIMULATED
630.0,tag-0015,anchor-02,-98.28,21.72,True,1.0,GRAZING,,,SIMULATED
630.0,tag-0015,anchor-03,-119.41,0.59,True,1.0,GRAZING,,,SIMULATED
630.0,tag-0015,anchor-04,-103.07,16.93,True,1.0,GRAZING,,,SIMULATED
630.0,tag-0015,anchor-05,-88.4,31.6,True,1.0,GRAZING,,,SIMULATED
630.0,tag-0015,anchor-06,-103.62,16.38,True,1.0,GRAZING,,,SIMULATED
630.0,tag-0015,anchor-07,-96.85,23.15,True,1.0,GRAZING,,,SIMULATED
630.0,tag-0015,anchor-08,-95.8,24.2,True,1.0,GRAZING,,,SIMULATED
630.0,tag-0016,anchor-01,-85.27,34.73,True,1.0076550924405137,GRAZING,,,SIMULATED
630.0,tag-0016,anchor-02,-92.62,27.38,True,1.0076550924405137,GRAZING,,,SIMULATED
630.0,tag-0016,anchor-03,,,False,1.0076550924405137,GRAZING,,,SIMULATED
630.0,tag-0016,anchor-04,,,False,1.0076550924405137,GRAZING,,,SIMULATED
630.0,tag-0016,anchor-05,-81.18,38.82,True,1.0076550924405137,GRAZING,,,SIMULATED
630.0,tag-0016,anchor-06,-112.87,7.13,True,1.0076550924405137,GRAZING,,,SIMULATED
630.0,tag-0016,anchor-07,-120.63,-0.63,True,1.0076550924405137,GRAZING,,,SIMULATED
630.0,tag-0016,anchor-08,-104.22,15.78,True,1.0076550924405137,GRAZING,,,SIMULATED
630.0,tag-0017,anchor-01,-92.86,27.14,True,1.0,GRAZING,,,SIMULATED
630.0,tag-0017,anchor-02,-95.48,24.52,True,1.0,GRAZING,,,SIMULATED
630.0,tag-0017,anchor-03,,,False,1.0,GRAZING,,,SIMULATED
630.0,tag-0017,anchor-04,-104.21,15.79,True,1.0,GRAZING,,,SIMULATED
630.0,tag-0017,anchor-05,-78.19,41.81,True,1.0,GRAZING,,,SIMULATED
630.0,tag-0017,anchor-06,-100.91,19.09,True,1.0,GRAZING,,,SIMULATED
630.0,tag-0017,anchor-07,-126.02,-6.02,True,1.0,GRAZING,,,SIMULATED
630.0,tag-0017,anchor-08,-101.81,18.19,True,1.0,GRAZING,,,SIMULATED
630.0,tag-0018,anchor-01,-85.86,34.14,True,1.0090755937843003,GRAZING,,,SIMULATED
630.0,tag-0018,anchor-02,-94.27,25.73,True,1.0090755937843003,GRAZING,,,SIMULATED
630.0,tag-0018,anchor-03,,,False,1.0090755937843003,GRAZING,,,SIMULATED
630.0,tag-0018,anchor-04,-109.37,10.63,True,1.0090755937843003,GRAZING,,,SIMULATED
630.0,tag-0018,anchor-05,,,False,1.0090755937843003,GRAZING,,,SIMULATED
630.0,tag-0018,anchor-06,-98.98,21.02,True,1.0090755937843003,GRAZING,,,SIMULATED
630.0,tag-0018,anchor-07,-108.19,11.81,True,1.0090755937843003,GRAZING,,,SIMULATED
630.0,tag-0018,anchor-08,-103.77,16.23,True,1.0090755937843003,GRAZING,,,SIMULATED
630.0,tag-0019,anchor-01,-90.34,29.66,True,1.008578553074364,GRAZING,,,SIMULATED
630.0,tag-0019,anchor-02,-92.56,27.44,True,1.008578553074364,GRAZING,,,SIMULATED
630.0,tag-0019,anchor-03,,,False,1.008578553074364,GRAZING,,,SIMULATED
630.0,tag-0019,anchor-04,-106.85,13.15,True,1.008578553074364,GRAZING,,,SIMULATED
630.0,tag-0019,anchor-05,-80.95,39.05,True,1.008578553074364,GRAZING,,,SIMULATED
630.0,tag-0019,anchor-06,,,False,1.008578553074364,GRAZING,,,SIMULATED
630.0,tag-0019,anchor-07,-115.9,4.1,True,1.008578553074364,GRAZING,,,SIMULATED
630.0,tag-0019,anchor-08,-99.22,20.78,True,1.008578553074364,GRAZING,,,SIMULATED
630.0,tag-0020,anchor-01,-76.02,43.98,True,1.0062370427346192,GRAZING,,,SIMULATED
630.0,tag-0020,anchor-02,-100.82,19.18,True,1.0062370427346192,GRAZING,,,SIMULATED
630.0,tag-0020,anchor-03,-126.42,-6.42,True,1.0062370427346192,GRAZING,,,SIMULATED
630.0,tag-0020,anchor-04,-108.26,11.74,True,1.0062370427346192,GRAZING,,,SIMULATED
630.0,tag-0020,anchor-05,-75.0,45.0,True,1.0062370427346192,GRAZING,,,SIMULATED
630.0,tag-0020,anchor-06,-104.17,15.83,True,1.0062370427346192,GRAZING,,,SIMULATED
630.0,tag-0020,anchor-07,-101.68,18.32,True,1.0062370427346192,GRAZING,,,SIMULATED
630.0,tag-0020,anchor-08,-100.07,19.93,True,1.0062370427346192,GRAZING,,,SIMULATED
660.0,tag-0001,anchor-01,-85.63,34.37,True,1.0,GRAZING,,,SIMULATED
660.0,tag-0001,anchor-02,-84.77,35.23,True,1.0,GRAZING,,,SIMULATED
660.0,tag-0001,anchor-03,,,False,1.0,GRAZING,,,SIMULATED
660.0,tag-0001,anchor-04,-102.74,17.26,True,1.0,GRAZING,,,SIMULATED
660.0,tag-0001,anchor-05,-76.11,43.89,True,1.0,GRAZING,,,SIMULATED
660.0,tag-0001,anchor-06,-96.91,23.09,True,1.0,GRAZING,,,SIMULATED
660.0,tag-0001,anchor-07,-117.67,2.33,True,1.0,GRAZING,,,SIMULATED
660.0,tag-0001,anchor-08,-90.62,29.38,True,1.0,GRAZING,,,SIMULATED
660.0,tag-0002,anchor-01,-101.71,18.29,True,1.0,WALKING,,,SIMULATED
660.0,tag-0002,anchor-02,-90.76,29.24,True,1.0,WALKING,,,SIMULATED
660.0,tag-0002,anchor-03,-121.21,-1.21,True,1.0,WALKING,,,SIMULATED
660.0,tag-0002,anchor-04,-111.04,8.96,True,1.0,WALKING,,,SIMULATED
660.0,tag-0002,anchor-05,-83.02,36.98,True,1.0,WALKING,,,SIMULATED
660.0,tag-0002,anchor-06,-101.54,18.46,True,1.0,WALKING,,,SIMULATED
660.0,tag-0002,anchor-07,-124.48,-4.48,True,1.0,WALKING,,,SIMULATED
660.0,tag-0002,anchor-08,-95.57,24.43,True,1.0,WALKING,,,SIMULATED
660.0,tag-0003,anchor-01,-95.02,24.98,True,1.0,GRAZING,,,SIMULATED
660.0,tag-0003,anchor-02,-92.55,27.45,True,1.0,GRAZING,,,SIMULATED
660.0,tag-0003,anchor-03,-124.72,-4.72,True,1.0,GRAZING,,,SIMULATED
660.0,tag-0003,anchor-04,-96.89,23.11,True,1.0,GRAZING,,,SIMULATED
660.0,tag-0003,anchor-05,-77.85,42.15,True,1.0,GRAZING,,,SIMULATED
660.0,tag-0003,anchor-06,-98.09,21.91,True,1.0,GRAZING,,,SIMULATED
660.0,tag-0003,anchor-07,-114.87,5.13,True,1.0,GRAZING,,,SIMULATED
660.0,tag-0003,anchor-08,-98.06,21.94,True,1.0,GRAZING,,,SIMULATED
660.0,tag-0004,anchor-01,-95.18,24.82,True,1.0,GRAZING,,,SIMULATED
660.0,tag-0004,anchor-02,-91.65,28.35,True,1.0,GRAZING,,,SIMULATED
660.0,tag-0004,anchor-03,-126.26,-6.26,True,1.0,GRAZING,,,SIMULATED
660.0,tag-0004,anchor-04,-101.4,18.6,True,1.0,GRAZING,,,SIMULATED
660.0,tag-0004,anchor-05,-81.37,38.63,True,1.0,GRAZING,,,SIMULATED
660.0,tag-0004,anchor-06,-102.33,17.67,True,1.0,GRAZING,,,SIMULATED
660.0,tag-0004,anchor-07,-121.41,-1.41,True,1.0,GRAZING,,,SIMULATED
660.0,tag-0004,anchor-08,-99.05,20.95,True,1.0,GRAZING,,,SIMULATED
660.0,tag-0005,anchor-01,-92.33,27.67,True,1.0270480332497762,WALKING,,,SIMULATED
660.0,tag-0005,anchor-02,-91.06,28.94,True,1.0270480332497762,WALKING,,,SIMULATED
660.0,tag-0005,anchor-03,,,False,1.0270480332497762,WALKING,,,SIMULATED
660.0,tag-0005,anchor-04,-101.57,18.43,True,1.0270480332497762,WALKING,,,SIMULATED
660.0,tag-0005,anchor-05,-81.66,38.34,True,1.0270480332497762,WALKING,,,SIMULATED
660.0,tag-0005,anchor-06,,,False,1.0270480332497762,WALKING,,,SIMULATED
660.0,tag-0005,anchor-07,-123.46,-3.46,True,1.0270480332497762,WALKING,,,SIMULATED
660.0,tag-0005,anchor-08,-96.61,23.39,True,1.0270480332497762,WALKING,,,SIMULATED
660.0,tag-0006,anchor-01,-88.45,31.55,True,1.011397858957347,GRAZING,,,SIMULATED
660.0,tag-0006,anchor-02,-96.42,23.58,True,1.011397858957347,GRAZING,,,SIMULATED
660.0,tag-0006,anchor-03,,,False,1.011397858957347,GRAZING,,,SIMULATED
660.0,tag-0006,anchor-04,-114.09,5.91,True,1.011397858957347,GRAZING,,,SIMULATED
660.0,tag-0006,anchor-05,-82.58,37.42,True,1.011397858957347,GRAZING,,,SIMULATED
660.0,tag-0006,anchor-06,-105.69,14.31,True,1.011397858957347,GRAZING,,,SIMULATED
660.0,tag-0006,anchor-07,-120.8,-0.8,True,1.011397858957347,GRAZING,,,SIMULATED
660.0,tag-0006,anchor-08,,,False,1.011397858957347,GRAZING,,,SIMULATED
660.0,tag-0007,anchor-01,-78.06,41.94,True,1.0177767983553787,GRAZING,,,SIMULATED
660.0,tag-0007,anchor-02,-100.51,19.49,True,1.0177767983553787,GRAZING,,,SIMULATED
660.0,tag-0007,anchor-03,-124.23,-4.23,True,1.0177767983553787,GRAZING,,,SIMULATED
660.0,tag-0007,anchor-04,-109.73,10.27,True,1.0177767983553787,GRAZING,,,SIMULATED
660.0,tag-0007,anchor-05,-84.11,35.89,True,1.0177767983553787,GRAZING,,,SIMULATED
660.0,tag-0007,anchor-06,-99.31,20.69,True,1.0177767983553787,GRAZING,,,SIMULATED
660.0,tag-0007,anchor-07,-123.72,-3.72,True,1.0177767983553787,GRAZING,,,SIMULATED
660.0,tag-0007,anchor-08,-98.99,21.01,True,1.0177767983553787,GRAZING,,,SIMULATED
660.0,tag-0008,anchor-01,-88.48,31.52,True,1.0269746433306206,GRAZING,,,SIMULATED
660.0,tag-0008,anchor-02,-92.19,27.81,True,1.0269746433306206,GRAZING,,,SIMULATED
660.0,tag-0008,anchor-03,,,False,1.0269746433306206,GRAZING,,,SIMULATED
660.0,tag-0008,anchor-04,-98.66,21.34,True,1.0269746433306206,GRAZING,,,SIMULATED
660.0,tag-0008,anchor-05,-97.15,22.85,True,1.0269746433306206,GRAZING,,,SIMULATED
660.0,tag-0008,anchor-06,-125.79,-5.79,True,1.0269746433306206,GRAZING,,,SIMULATED
660.0,tag-0008,anchor-07,-99.41,20.59,True,1.0269746433306206,GRAZING,,,SIMULATED
660.0,tag-0008,anchor-08,-88.48,31.52,True,1.0269746433306206,GRAZING,,,SIMULATED
660.0,tag-0009,anchor-01,-89.74,30.26,True,1.0,GRAZING,,,SIMULATED
660.0,tag-0009,anchor-02,-96.43,23.57,True,1.0,GRAZING,,,SIMULATED
660.0,tag-0009,anchor-03,-123.5,-3.5,True,1.0,GRAZING,,,SIMULATED
660.0,tag-0009,anchor-04,-107.89,12.11,True,1.0,GRAZING,,,SIMULATED
660.0,tag-0009,anchor-05,-85.53,34.47,True,1.0,GRAZING,,,SIMULATED
660.0,tag-0009,anchor-06,-100.43,19.57,True,1.0,GRAZING,,,SIMULATED
660.0,tag-0009,anchor-07,-121.75,-1.75,True,1.0,GRAZING,,,SIMULATED
660.0,tag-0009,anchor-08,-93.38,26.62,True,1.0,GRAZING,,,SIMULATED
660.0,tag-0010,anchor-01,-94.95,25.05,True,1.0,GRAZING,,,SIMULATED
660.0,tag-0010,anchor-02,-95.15,24.85,True,1.0,GRAZING,,,SIMULATED
660.0,tag-0010,anchor-03,,,False,1.0,GRAZING,,,SIMULATED
660.0,tag-0010,anchor-04,-106.27,13.73,True,1.0,GRAZING,,,SIMULATED
660.0,tag-0010,anchor-05,-77.04,42.96,True,1.0,GRAZING,,,SIMULATED
660.0,tag-0010,anchor-06,-102.87,17.13,True,1.0,GRAZING,,,SIMULATED
660.0,tag-0010,anchor-07,-105.04,14.96,True,1.0,GRAZING,,,SIMULATED
660.0,tag-0010,anchor-08,-100.59,19.41,True,1.0,GRAZING,,,SIMULATED
660.0,tag-0011,anchor-01,-92.81,27.19,True,1.0,GRAZING,,,SIMULATED
660.0,tag-0011,anchor-02,-97.33,22.67,True,1.0,GRAZING,,,SIMULATED
660.0,tag-0011,anchor-03,,,False,1.0,GRAZING,,,SIMULATED
660.0,tag-0011,anchor-04,-109.55,10.45,True,1.0,GRAZING,,,SIMULATED
660.0,tag-0011,anchor-05,-90.12,29.88,True,1.0,GRAZING,,,SIMULATED
660.0,tag-0011,anchor-06,-104.26,15.74,True,1.0,GRAZING,,,SIMULATED
660.0,tag-0011,anchor-07,-112.76,7.24,True,1.0,GRAZING,,,SIMULATED
660.0,tag-0011,anchor-08,-98.62,21.38,True,1.0,GRAZING,,,SIMULATED
660.0,tag-0012,anchor-01,-87.69,32.31,True,1.0289581685449418,WALKING,,,SIMULATED
660.0,tag-0012,anchor-02,-96.56,23.44,True,1.0289581685449418,WALKING,,,SIMULATED
660.0,tag-0012,anchor-03,-108.45,11.55,True,1.0289581685449418,WALKING,,,SIMULATED
660.0,tag-0012,anchor-04,-115.42,4.58,True,1.0289581685449418,WALKING,,,SIMULATED
660.0,tag-0012,anchor-05,-79.82,40.18,True,1.0289581685449418,WALKING,,,SIMULATED
660.0,tag-0012,anchor-06,-91.82,28.18,True,1.0289581685449418,WALKING,,,SIMULATED
660.0,tag-0012,anchor-07,,,False,1.0289581685449418,WALKING,,,SIMULATED
660.0,tag-0012,anchor-08,-103.21,16.79,True,1.0289581685449418,WALKING,,,SIMULATED
660.0,tag-0013,anchor-01,-100.91,19.09,True,1.0008498195963906,WALKING,,,SIMULATED
660.0,tag-0013,anchor-02,-94.58,25.42,True,1.0008498195963906,WALKING,,,SIMULATED
660.0,tag-0013,anchor-03,,,False,1.0008498195963906,WALKING,,,SIMULATED
660.0,tag-0013,anchor-04,-96.94,23.06,True,1.0008498195963906,WALKING,,,SIMULATED
660.0,tag-0013,anchor-05,-93.63,26.37,True,1.0008498195963906,WALKING,,,SIMULATED
660.0,tag-0013,anchor-06,-121.54,-1.54,True,1.0008498195963906,WALKING,,,SIMULATED
660.0,tag-0013,anchor-07,-92.52,27.48,True,1.0008498195963906,WALKING,,,SIMULATED
660.0,tag-0013,anchor-08,-99.09,20.91,True,1.0008498195963906,WALKING,,,SIMULATED
660.0,tag-0014,anchor-01,-90.16,29.84,True,1.0,GRAZING,,,SIMULATED
660.0,tag-0014,anchor-02,-92.88,27.12,True,1.0,GRAZING,,,SIMULATED
660.0,tag-0014,anchor-03,,,False,1.0,GRAZING,,,SIMULATED
660.0,tag-0014,anchor-04,-114.88,5.12,True,1.0,GRAZING,,,SIMULATED
660.0,tag-0014,anchor-05,-87.52,32.48,True,1.0,GRAZING,,,SIMULATED
660.0,tag-0014,anchor-06,-106.1,13.9,True,1.0,GRAZING,,,SIMULATED
660.0,tag-0014,anchor-07,-107.6,12.4,True,1.0,GRAZING,,,SIMULATED
660.0,tag-0014,anchor-08,-94.37,25.63,True,1.0,GRAZING,,,SIMULATED
660.0,tag-0015,anchor-01,-90.4,29.6,True,1.0084458122504016,GRAZING,,,SIMULATED
660.0,tag-0015,anchor-02,-96.92,23.08,True,1.0084458122504016,GRAZING,,,SIMULATED
660.0,tag-0015,anchor-03,,,False,1.0084458122504016,GRAZING,,,SIMULATED
660.0,tag-0015,anchor-04,-108.9,11.1,True,1.0084458122504016,GRAZING,,,SIMULATED
660.0,tag-0015,anchor-05,-93.96,26.04,True,1.0084458122504016,GRAZING,,,SIMULATED
660.0,tag-0015,anchor-06,-108.04,11.96,True,1.0084458122504016,GRAZING,,,SIMULATED
660.0,tag-0015,anchor-07,-96.48,23.52,True,1.0084458122504016,GRAZING,,,SIMULATED
660.0,tag-0015,anchor-08,-96.28,23.72,True,1.0084458122504016,GRAZING,,,SIMULATED
660.0,tag-0016,anchor-01,-86.02,33.98,True,1.0,GRAZING,,,SIMULATED
660.0,tag-0016,anchor-02,-91.32,28.68,True,1.0,GRAZING,,,SIMULATED
660.0,tag-0016,anchor-03,,,False,1.0,GRAZING,,,SIMULATED
660.0,tag-0016,anchor-04,-111.45,8.55,True,1.0,GRAZING,,,SIMULATED
660.0,tag-0016,anchor-05,-77.4,42.6,True,1.0,GRAZING,,,SIMULATED
660.0,tag-0016,anchor-06,-107.33,12.67,True,1.0,GRAZING,,,SIMULATED
660.0,tag-0016,anchor-07,-122.88,-2.88,True,1.0,GRAZING,,,SIMULATED
660.0,tag-0016,anchor-08,,,False,1.0,GRAZING,,,SIMULATED
660.0,tag-0017,anchor-01,-84.49,35.51,True,1.0081385171601824,GRAZING,,,SIMULATED
660.0,tag-0017,anchor-02,-92.76,27.24,True,1.0081385171601824,GRAZING,,,SIMULATED
660.0,tag-0017,anchor-03,,,False,1.0081385171601824,GRAZING,,,SIMULATED
660.0,tag-0017,anchor-04,-101.78,18.22,True,1.0081385171601824,GRAZING,,,SIMULATED
660.0,tag-0017,anchor-05,-84.6,35.4,True,1.0081385171601824,GRAZING,,,SIMULATED
660.0,tag-0017,anchor-06,-104.1,15.9,True,1.0081385171601824,GRAZING,,,SIMULATED
660.0,tag-0017,anchor-07,,,False,1.0081385171601824,GRAZING,,,SIMULATED
660.0,tag-0017,anchor-08,-101.06,18.94,True,1.0081385171601824,GRAZING,,,SIMULATED
660.0,tag-0018,anchor-01,-81.61,38.39,True,1.000364819059543,GRAZING,,,SIMULATED
660.0,tag-0018,anchor-02,-95.19,24.81,True,1.000364819059543,GRAZING,,,SIMULATED
660.0,tag-0018,anchor-03,,,False,1.000364819059543,GRAZING,,,SIMULATED
660.0,tag-0018,anchor-04,-110.66,9.34,True,1.000364819059543,GRAZING,,,SIMULATED
660.0,tag-0018,anchor-05,-80.39,39.61,True,1.000364819059543,GRAZING,,,SIMULATED
660.0,tag-0018,anchor-06,-101.1,18.9,True,1.000364819059543,GRAZING,,,SIMULATED
660.0,tag-0018,anchor-07,-108.15,11.85,True,1.000364819059543,GRAZING,,,SIMULATED
660.0,tag-0018,anchor-08,-99.69,20.31,True,1.000364819059543,GRAZING,,,SIMULATED
660.0,tag-0019,anchor-01,-87.63,32.37,True,1.0,GRAZING,,,SIMULATED
660.0,tag-0019,anchor-02,-96.16,23.84,True,1.0,GRAZING,,,SIMULATED
660.0,tag-0019,anchor-03,,,False,1.0,GRAZING,,,SIMULATED
660.0,tag-0019,anchor-04,-103.12,16.88,True,1.0,GRAZING,,,SIMULATED
660.0,tag-0019,anchor-05,-79.25,40.75,True,1.0,GRAZING,,,SIMULATED
660.0,tag-0019,anchor-06,-95.66,24.34,True,1.0,GRAZING,,,SIMULATED
660.0,tag-0019,anchor-07,-117.81,2.19,True,1.0,GRAZING,,,SIMULATED
660.0,tag-0019,anchor-08,-101.25,18.75,True,1.0,GRAZING,,,SIMULATED
660.0,tag-0020,anchor-01,-77.38,42.62,True,1.005061341423467,GRAZING,,,SIMULATED
660.0,tag-0020,anchor-02,-100.43,19.57,True,1.005061341423467,GRAZING,,,SIMULATED
660.0,tag-0020,anchor-03,-125.98,-5.98,True,1.005061341423467,GRAZING,,,SIMULATED
660.0,tag-0020,anchor-04,-108.45,11.55,True,1.005061341423467,GRAZING,,,SIMULATED
660.0,tag-0020,anchor-05,-77.85,42.15,True,1.005061341423467,GRAZING,,,SIMULATED
660.0,tag-0020,anchor-06,-105.83,14.17,True,1.005061341423467,GRAZING,,,SIMULATED
660.0,tag-0020,anchor-07,-103.65,16.35,True,1.005061341423467,GRAZING,,,SIMULATED
660.0,tag-0020,anchor-08,-106.36,13.64,True,1.005061341423467,GRAZING,,,SIMULATED
690.0,tag-0001,anchor-01,-85.63,34.37,True,1.0,GRAZING,,,SIMULATED
690.0,tag-0001,anchor-02,-87.5,32.5,True,1.0,GRAZING,,,SIMULATED
690.0,tag-0001,anchor-03,,,False,1.0,GRAZING,,,SIMULATED
690.0,tag-0001,anchor-04,-105.14,14.86,True,1.0,GRAZING,,,SIMULATED
690.0,tag-0001,anchor-05,-74.98,45.02,True,1.0,GRAZING,,,SIMULATED
690.0,tag-0001,anchor-06,-98.22,21.78,True,1.0,GRAZING,,,SIMULATED
690.0,tag-0001,anchor-07,-116.94,3.06,True,1.0,GRAZING,,,SIMULATED
690.0,tag-0001,anchor-08,-94.67,25.33,True,1.0,GRAZING,,,SIMULATED
690.0,tag-0002,anchor-01,-101.04,18.96,True,1.0,WALKING,,,SIMULATED
690.0,tag-0002,anchor-02,-92.64,27.36,True,1.0,WALKING,,,SIMULATED
690.0,tag-0002,anchor-03,-121.26,-1.26,True,1.0,WALKING,,,SIMULATED
690.0,tag-0002,anchor-04,-110.77,9.23,True,1.0,WALKING,,,SIMULATED
690.0,tag-0002,anchor-05,-84.5,35.5,True,1.0,WALKING,,,SIMULATED
690.0,tag-0002,anchor-06,-96.41,23.59,True,1.0,WALKING,,,SIMULATED
690.0,tag-0002,anchor-07,-121.8,-1.8,True,1.0,WALKING,,,SIMULATED
690.0,tag-0002,anchor-08,-91.01,28.99,True,1.0,WALKING,,,SIMULATED
690.0,tag-0003,anchor-01,-90.26,29.74,True,1.0126748258510216,GRAZING,,,SIMULATED
690.0,tag-0003,anchor-02,-94.08,25.92,True,1.0126748258510216,GRAZING,,,SIMULATED
690.0,tag-0003,anchor-03,,,False,1.0126748258510216,GRAZING,,,SIMULATED
690.0,tag-0003,anchor-04,-99.38,20.62,True,1.0126748258510216,GRAZING,,,SIMULATED
690.0,tag-0003,anchor-05,-78.45,41.55,True,1.0126748258510216,GRAZING,,,SIMULATED
690.0,tag-0003,anchor-06,-94.98,25.02,True,1.0126748258510216,GRAZING,,,SIMULATED
690.0,tag-0003,anchor-07,-120.28,-0.28,True,1.0126748258510216,GRAZING,,,SIMULATED
690.0,tag-0003,anchor-08,-103.26,16.74,True,1.0126748258510216,GRAZING,,,SIMULATED
690.0,tag-0004,anchor-01,-97.76,22.24,True,1.0198104359799764,GRAZING,,,SIMULATED
690.0,tag-0004,anchor-02,-89.42,30.58,True,1.0198104359799764,GRAZING,,,SIMULATED
690.0,tag-0004,anchor-03,-123.46,-3.46,True,1.0198104359799764,GRAZING,,,SIMULATED
690.0,tag-0004,anchor-04,,,False,1.0198104359799764,GRAZING,,,SIMULATED
690.0,tag-0004,anchor-05,-80.09,39.91,True,1.0198104359799764,GRAZING,,,SIMULATED
690.0,tag-0004,anchor-06,-99.37,20.63,True,1.0198104359799764,GRAZING,,,SIMULATED
690.0,tag-0004,anchor-07,-119.59,0.41,True,1.0198104359799764,GRAZING,,,SIMULATED
690.0,tag-0004,anchor-08,-103.38,16.62,True,1.0198104359799764,GRAZING,,,SIMULATED
690.0,tag-0005,anchor-01,-93.95,26.05,True,1.0,WALKING,,,SIMULATED
690.0,tag-0005,anchor-02,-93.05,26.95,True,1.0,WALKING,,,SIMULATED
690.0,tag-0005,anchor-03,,,False,1.0,WALKING,,,SIMULATED
690.0,tag-0005,anchor-04,-104.85,15.15,True,1.0,WALKING,,,SIMULATED
690.0,tag-0005,anchor-05,-76.31,43.69,True,1.0,WALKING,,,SIMULATED
690.0,tag-0005,anchor-06,,,False,1.0,WALKING,,,SIMULATED
690.0,tag-0005,anchor-07,-122.7,-2.7,True,1.0,WALKING,,,SIMULATED
690.0,tag-0005,anchor-08,-98.44,21.56,True,1.0,WALKING,,,SIMULATED
690.0,tag-0006,anchor-01,-90.16,29.84,True,1.0068056428215597,GRAZING,,,SIMULATED
690.0,tag-0006,anchor-02,-96.84,23.16,True,1.0068056428215597,GRAZING,,,SIMULATED
690.0,tag-0006,anchor-03,,,False,1.0068056428215597,GRAZING,,,SIMULATED
690.0,tag-0006,anchor-04,-106.69,13.31,True,1.0068056428215597,GRAZING,,,SIMULATED
690.0,tag-0006,anchor-05,-80.64,39.36,True,1.0068056428215597,GRAZING,,,SIMULATED
690.0,tag-0006,anchor-06,,,False,1.0068056428215597,GRAZING,,,SIMULATED
690.0,tag-0006,anchor-07,-123.66,-3.66,True,1.0068056428215597,GRAZING,,,SIMULATED
690.0,tag-0006,anchor-08,-103.3,16.7,True,1.0068056428215597,GRAZING,,,SIMULATED
690.0,tag-0007,anchor-01,-82.44,37.56,True,1.0,GRAZING,,,SIMULATED
690.0,tag-0007,anchor-02,-97.32,22.68,True,1.0,GRAZING,,,SIMULATED
690.0,tag-0007,anchor-03,-120.75,-0.75,True,1.0,GRAZING,,,SIMULATED
690.0,tag-0007,anchor-04,-110.28,9.72,True,1.0,GRAZING,,,SIMULATED
690.0,tag-0007,anchor-05,-88.2,31.8,True,1.0,GRAZING,,,SIMULATED
690.0,tag-0007,anchor-06,-101.5,18.5,True,1.0,GRAZING,,,SIMULATED
690.0,tag-0007,anchor-07,-123.71,-3.71,True,1.0,GRAZING,,,SIMULATED
690.0,tag-0007,anchor-08,,,False,1.0,GRAZING,,,SIMULATED
690.0,tag-0008,anchor-01,-84.06,35.94,True,1.0355753942618164,GRAZING,,,SIMULATED
690.0,tag-0008,anchor-02,-95.74,24.26,True,1.0355753942618164,GRAZING,,,SIMULATED
690.0,tag-0008,anchor-03,,,False,1.0355753942618164,GRAZING,,,SIMULATED
690.0,tag-0008,anchor-04,-93.93,26.07,True,1.0355753942618164,GRAZING,,,SIMULATED
690.0,tag-0008,anchor-05,-99.55,20.45,True,1.0355753942618164,GRAZING,,,SIMULATED
690.0,tag-0008,anchor-06,-124.24,-4.24,True,1.0355753942618164,GRAZING,,,SIMULATED
690.0,tag-0008,anchor-07,-99.61,20.39,True,1.0355753942618164,GRAZING,,,SIMULATED
690.0,tag-0008,anchor-08,-92.02,27.98,True,1.0355753942618164,GRAZING,,,SIMULATED
690.0,tag-0009,anchor-01,-87.5,32.5,True,1.0,GRAZING,,,SIMULATED
690.0,tag-0009,anchor-02,-93.51,26.49,True,1.0,GRAZING,,,SIMULATED
690.0,tag-0009,anchor-03,-125.91,-5.91,True,1.0,GRAZING,,,SIMULATED
690.0,tag-0009,anchor-04,-114.95,5.05,True,1.0,GRAZING,,,SIMULATED
690.0,tag-0009,anchor-05,-88.34,31.66,True,1.0,GRAZING,,,SIMULATED
690.0,tag-0009,anchor-06,-97.94,22.06,True,1.0,GRAZING,,,SIMULATED
690.0,tag-0009,anchor-07,-123.07,-3.07,True,1.0,GRAZING,,,SIMULATED
690.0,tag-0009,anchor-08,-95.27,24.73,True,1.0,GRAZING,,,SIMULATED
690.0,tag-0010,anchor-01,-90.16,29.84,True,1.019447473835683,GRAZING,,,SIMULATED
690.0,tag-0010,anchor-02,-101.22,18.78,True,1.019447473835683,GRAZING,,,SIMULATED
690.0,tag-0010,anchor-03,-126.64,-6.64,True,1.019447473835683,GRAZING,,,SIMULATED
690.0,tag-0010,anchor-04,-105.26,14.74,True,1.019447473835683,GRAZING,,,SIMULATED
690.0,tag-0010,anchor-05,-77.02,42.98,True,1.019447473835683,GRAZING,,,SIMULATED
690.0,tag-0010,anchor-06,-113.4,6.6,True,1.019447473835683,GRAZING,,,SIMULATED
690.0,tag-0010,anchor-07,-109.48,10.52,True,1.019447473835683,GRAZING,,,SIMULATED
690.0,tag-0010,anchor-08,-94.68,25.32,True,1.019447473835683,GRAZING,,,SIMULATED
690.0,tag-0011,anchor-01,-87.13,32.87,True,1.0,GRAZING,,,SIMULATED
690.0,tag-0011,anchor-02,-96.71,23.29,True,1.0,GRAZING,,,SIMULATED
690.0,tag-0011,anchor-03,-122.79,-2.79,True,1.0,GRAZING,,,SIMULATED
690.0,tag-0011,anchor-04,-111.61,8.39,True,1.0,GRAZING,,,SIMULATED
690.0,tag-0011,anchor-05,-85.11,34.89,True,1.0,GRAZING,,,SIMULATED
690.0,tag-0011,anchor-06,-101.4,18.6,True,1.0,GRAZING,,,SIMULATED
690.0,tag-0011,anchor-07,-114.83,5.17,True,1.0,GRAZING,,,SIMULATED
690.0,tag-0011,anchor-08,-101.57,18.43,True,1.0,GRAZING,,,SIMULATED
690.0,tag-0012,anchor-01,-80.46,39.54,True,1.0127499185593891,WALKING,,,SIMULATED
690.0,tag-0012,anchor-02,-94.13,25.87,True,1.0127499185593891,WALKING,,,SIMULATED
690.0,tag-0012,anchor-03,-109.86,10.14,True,1.0127499185593891,WALKING,,,SIMULATED
690.0,tag-0012,anchor-04,-113.05,6.95,True,1.0127499185593891,WALKING,,,SIMULATED
690.0,tag-0012,anchor-05,-74.84,45.16,True,1.0127499185593891,WALKING,,,SIMULATED
690.0,tag-0012,anchor-06,-88.84,31.16,True,1.0127499185593891,WALKING,,,SIMULATED
690.0,tag-0012,anchor-07,-116.19,3.81,True,1.0127499185593891,WALKING,,,SIMULATED
690.0,tag-0012,anchor-08,-102.66,17.34,True,1.0127499185593891,WALKING,,,SIMULATED
690.0,tag-0013,anchor-01,-101.42,18.58,True,1.0448749409078055,WALKING,,,SIMULATED
690.0,tag-0013,anchor-02,-95.69,24.31,True,1.0448749409078055,WALKING,,,SIMULATED
690.0,tag-0013,anchor-03,,,False,1.0448749409078055,WALKING,,,SIMULATED
690.0,tag-0013,anchor-04,-101.73,18.27,True,1.0448749409078055,WALKING,,,SIMULATED
690.0,tag-0013,anchor-05,-93.16,26.84,True,1.0448749409078055,WALKING,,,SIMULATED
690.0,tag-0013,anchor-06,-120.19,-0.19,True,1.0448749409078055,WALKING,,,SIMULATED
690.0,tag-0013,anchor-07,-92.4,27.6,True,1.0448749409078055,WALKING,,,SIMULATED
690.0,tag-0013,anchor-08,-96.54,23.46,True,1.0448749409078055,WALKING,,,SIMULATED
690.0,tag-0014,anchor-01,-90.99,29.01,True,1.0,WALKING,,,SIMULATED
690.0,tag-0014,anchor-02,-96.59,23.41,True,1.0,WALKING,,,SIMULATED
690.0,tag-0014,anchor-03,,,False,1.0,WALKING,,,SIMULATED
690.0,tag-0014,anchor-04,-111.19,8.81,True,1.0,WALKING,,,SIMULATED
690.0,tag-0014,anchor-05,-82.82,37.18,True,1.0,WALKING,,,SIMULATED
690.0,tag-0014,anchor-06,-102.7,17.3,True,1.0,WALKING,,,SIMULATED
690.0,tag-0014,anchor-07,-123.06,-3.06,True,1.0,WALKING,,,SIMULATED
690.0,tag-0014,anchor-08,-92.53,27.47,True,1.0,WALKING,,,SIMULATED
690.0,tag-0015,anchor-01,-94.49,25.51,True,1.0,GRAZING,,,SIMULATED
690.0,tag-0015,anchor-02,,,False,1.0,GRAZING,,,SIMULATED
690.0,tag-0015,anchor-03,-124.72,-4.72,True,1.0,GRAZING,,,SIMULATED
690.0,tag-0015,anchor-04,,,False,1.0,GRAZING,,,SIMULATED
690.0,tag-0015,anchor-05,-88.38,31.62,True,1.0,GRAZING,,,SIMULATED
690.0,tag-0015,anchor-06,-109.95,10.05,True,1.0,GRAZING,,,SIMULATED
690.0,tag-0015,anchor-07,-101.16,18.84,True,1.0,GRAZING,,,SIMULATED
690.0,tag-0015,anchor-08,-95.59,24.41,True,1.0,GRAZING,,,SIMULATED
690.0,tag-0016,anchor-01,-83.6,36.4,True,1.0088932821559535,GRAZING,,,SIMULATED
690.0,tag-0016,anchor-02,-93.3,26.7,True,1.0088932821559535,GRAZING,,,SIMULATED
690.0,tag-0016,anchor-03,,,False,1.0088932821559535,GRAZING,,,SIMULATED
690.0,tag-0016,anchor-04,-103.61,16.39,True,1.0088932821559535,GRAZING,,,SIMULATED
690.0,tag-0016,anchor-05,,,False,1.0088932821559535,GRAZING,,,SIMULATED
690.0,tag-0016,anchor-06,-113.23,6.77,True,1.0088932821559535,GRAZING,,,SIMULATED
690.0,tag-0016,anchor-07,-124.43,-4.43,True,1.0088932821559535,GRAZING,,,SIMULATED
690.0,tag-0016,anchor-08,-101.83,18.17,True,1.0088932821559535,GRAZING,,,SIMULATED
690.0,tag-0017,anchor-01,-82.35,37.65,True,1.0,GRAZING,,,SIMULATED
690.0,tag-0017,anchor-02,-90.26,29.74,True,1.0,GRAZING,,,SIMULATED
690.0,tag-0017,anchor-03,,,False,1.0,GRAZING,,,SIMULATED
690.0,tag-0017,anchor-04,-99.36,20.64,True,1.0,GRAZING,,,SIMULATED
690.0,tag-0017,anchor-05,-81.71,38.29,True,1.0,GRAZING,,,SIMULATED
690.0,tag-0017,anchor-06,-102.7,17.3,True,1.0,GRAZING,,,SIMULATED
690.0,tag-0017,anchor-07,,,False,1.0,GRAZING,,,SIMULATED
690.0,tag-0017,anchor-08,-94.07,25.93,True,1.0,GRAZING,,,SIMULATED
690.0,tag-0018,anchor-01,,,False,1.0,GRAZING,,,SIMULATED
690.0,tag-0018,anchor-02,-94.61,25.39,True,1.0,GRAZING,,,SIMULATED
690.0,tag-0018,anchor-03,,,False,1.0,GRAZING,,,SIMULATED
690.0,tag-0018,anchor-04,-107.82,12.18,True,1.0,GRAZING,,,SIMULATED
690.0,tag-0018,anchor-05,-77.75,42.25,True,1.0,GRAZING,,,SIMULATED
690.0,tag-0018,anchor-06,-95.89,24.11,True,1.0,GRAZING,,,SIMULATED
690.0,tag-0018,anchor-07,-111.8,8.2,True,1.0,GRAZING,,,SIMULATED
690.0,tag-0018,anchor-08,-101.15,18.85,True,1.0,GRAZING,,,SIMULATED
690.0,tag-0019,anchor-01,-89.24,30.76,True,1.032282182141633,GRAZING,,,SIMULATED
690.0,tag-0019,anchor-02,-88.71,31.29,True,1.032282182141633,GRAZING,,,SIMULATED
690.0,tag-0019,anchor-03,-126.33,-6.33,True,1.032282182141633,GRAZING,,,SIMULATED
690.0,tag-0019,anchor-04,-108.59,11.41,True,1.032282182141633,GRAZING,,,SIMULATED
690.0,tag-0019,anchor-05,-79.45,40.55,True,1.032282182141633,GRAZING,,,SIMULATED
690.0,tag-0019,anchor-06,-101.26,18.74,True,1.032282182141633,GRAZING,,,SIMULATED
690.0,tag-0019,anchor-07,-115.56,4.44,True,1.032282182141633,GRAZING,,,SIMULATED
690.0,tag-0019,anchor-08,-97.33,22.67,True,1.032282182141633,GRAZING,,,SIMULATED
690.0,tag-0020,anchor-01,-85.56,34.44,True,1.001856405672878,GRAZING,,,SIMULATED
690.0,tag-0020,anchor-02,-106.41,13.59,True,1.001856405672878,GRAZING,,,SIMULATED
690.0,tag-0020,anchor-03,,,False,1.001856405672878,GRAZING,,,SIMULATED
690.0,tag-0020,anchor-04,-102.55,17.45,True,1.001856405672878,GRAZING,,,SIMULATED
690.0,tag-0020,anchor-05,-76.41,43.59,True,1.001856405672878,GRAZING,,,SIMULATED
690.0,tag-0020,anchor-06,-115.16,4.84,True,1.001856405672878,GRAZING,,,SIMULATED
690.0,tag-0020,anchor-07,-100.02,19.98,True,1.001856405672878,GRAZING,,,SIMULATED
690.0,tag-0020,anchor-08,-102.34,17.66,True,1.001856405672878,GRAZING,,,SIMULATED
720.0,tag-0001,anchor-01,-86.87,33.13,True,1.005171166444483,GRAZING,,,SIMULATED
720.0,tag-0001,anchor-02,-88.5,31.5,True,1.005171166444483,GRAZING,,,SIMULATED
720.0,tag-0001,anchor-03,,,False,1.005171166444483,GRAZING,,,SIMULATED
720.0,tag-0001,anchor-04,-99.95,20.05,True,1.005171166444483,GRAZING,,,SIMULATED
720.0,tag-0001,anchor-05,-76.19,43.81,True,1.005171166444483,GRAZING,,,SIMULATED
720.0,tag-0001,anchor-06,-98.82,21.18,True,1.005171166444483,GRAZING,,,SIMULATED
720.0,tag-0001,anchor-07,-111.54,8.46,True,1.005171166444483,GRAZING,,,SIMULATED
720.0,tag-0001,anchor-08,-100.54,19.46,True,1.005171166444483,GRAZING,,,SIMULATED
720.0,tag-0002,anchor-01,-99.0,21.0,True,1.0156607633107588,WALKING,,,SIMULATED
720.0,tag-0002,anchor-02,-93.45,26.55,True,1.0156607633107588,WALKING,,,SIMULATED
720.0,tag-0002,anchor-03,-123.18,-3.18,True,1.0156607633107588,WALKING,,,SIMULATED
720.0,tag-0002,anchor-04,-109.87,10.13,True,1.0156607633107588,WALKING,,,SIMULATED
720.0,tag-0002,anchor-05,-85.78,34.22,True,1.0156607633107588,WALKING,,,SIMULATED
720.0,tag-0002,anchor-06,-100.79,19.21,True,1.0156607633107588,WALKING,,,SIMULATED
720.0,tag-0002,anchor-07,-125.76,-5.76,True,1.0156607633107588,WALKING,,,SIMULATED
720.0,tag-0002,anchor-08,-90.63,29.37,True,1.0156607633107588,WALKING,,,SIMULATED
720.0,tag-0003,anchor-01,-94.26,25.74,True,1.0,GRAZING,,,SIMULATED
720.0,tag-0003,anchor-02,-97.71,22.29,True,1.0,GRAZING,,,SIMULATED
720.0,tag-0003,anchor-03,-124.16,-4.16,True,1.0,GRAZING,,,SIMULATED
720.0,tag-0003,anchor-04,,,False,1.0,GRAZING,,,SIMULATED
720.0,tag-0003,anchor-05,-84.66,35.34,True,1.0,GRAZING,,,SIMULATED
720.0,tag-0003,anchor-06,-96.94,23.06,True,1.0,GRAZING,,,SIMULATED
720.0,tag-0003,anchor-07,-112.19,7.81,True,1.0,GRAZING,,,SIMULATED
720.0,tag-0003,anchor-08,-102.08,17.92,True,1.0,GRAZING,,,SIMULATED
720.0,tag-0004,anchor-01,-96.34,23.66,True,1.0,GRAZING,,,SIMULATED
720.0,tag-0004,anchor-02,-94.54,25.46,True,1.0,GRAZING,,,SIMULATED
720.0,tag-0004,anchor-03,-125.66,-5.66,True,1.0,GRAZING,,,SIMULATED
720.0,tag-0004,anchor-04,-98.8,21.2,True,1.0,GRAZING,,,SIMULATED
720.0,tag-0004,anchor-05,-78.17,41.83,True,1.0,GRAZING,,,SIMULATED
720.0,tag-0004,anchor-06,-103.18,16.82,True,1.0,GRAZING,,,SIMULATED
720.0,tag-0004,anchor-07,-118.43,1.57,True,1.0,GRAZING,,,SIMULATED
720.0,tag-0004,anchor-08,-97.38,22.62,True,1.0,GRAZING,,,SIMULATED
720.0,tag-0005,anchor-01,-90.51,29.49,True,1.0081816751825874,WALKING,,,SIMULATED
720.0,tag-0005,anchor-02,-96.48,23.52,True,1.0081816751825874,WALKING,,,SIMULATED
720.0,tag-0005,anchor-03,,,False,1.0081816751825874,WALKING,,,SIMULATED
720.0,tag-0005,anchor-04,-105.49,14.51,True,1.0081816751825874,WALKING,,,SIMULATED
720.0,tag-0005,anchor-05,-78.32,41.68,True,1.0081816751825874,WALKING,,,SIMULATED
720.0,tag-0005,anchor-06,-105.21,14.79,True,1.0081816751825874,WALKING,,,SIMULATED
720.0,tag-0005,anchor-07,-120.13,-0.13,True,1.0081816751825874,WALKING,,,SIMULATED
720.0,tag-0005,anchor-08,-96.6,23.4,True,1.0081816751825874,WALKING,,,SIMULATED
720.0,tag-0006,anchor-01,-85.96,34.04,True,1.0096413157700947,GRAZING,,,SIMULATED
720.0,tag-0006,anchor-02,-95.18,24.82,True,1.0096413157700947,GRAZING,,,SIMULATED
720.0,tag-0006,anchor-03,,,False,1.0096413157700947,GRAZING,,,SIMULATED
720.0,tag-0006,anchor-04,-110.03,9.97,True,1.0096413157700947,GRAZING,,,SIMULATED
720.0,tag-0006,anchor-05,-76.89,43.11,True,1.0096413157700947,GRAZING,,,SIMULATED
720.0,tag-0006,anchor-06,-100.03,19.97,True,1.0096413157700947,GRAZING,,,SIMULATED
720.0,tag-0006,anchor-07,-123.23,-3.23,True,1.0096413157700947,GRAZING,,,SIMULATED
720.0,tag-0006,anchor-08,-103.19,16.81,True,1.0096413157700947,GRAZING,,,SIMULATED
720.0,tag-0007,anchor-01,-81.28,38.72,True,1.0,GRAZING,,,SIMULATED
720.0,tag-0007,anchor-02,-96.41,23.59,True,1.0,GRAZING,,,SIMULATED
720.0,tag-0007,anchor-03,-120.09,-0.09,True,1.0,GRAZING,,,SIMULATED
720.0,tag-0007,anchor-04,-104.19,15.81,True,1.0,GRAZING,,,SIMULATED
720.0,tag-0007,anchor-05,-87.0,33.0,True,1.0,GRAZING,,,SIMULATED
720.0,tag-0007,anchor-06,-102.13,17.87,True,1.0,GRAZING,,,SIMULATED
720.0,tag-0007,anchor-07,-122.1,-2.1,True,1.0,GRAZING,,,SIMULATED
720.0,tag-0007,anchor-08,-101.29,18.71,True,1.0,GRAZING,,,SIMULATED
720.0,tag-0008,anchor-01,-88.86,31.14,True,1.0,GRAZING,,,SIMULATED
720.0,tag-0008,anchor-02,-92.04,27.96,True,1.0,GRAZING,,,SIMULATED
720.0,tag-0008,anchor-03,,,False,1.0,GRAZING,,,SIMULATED
720.0,tag-0008,anchor-04,-96.17,23.83,True,1.0,GRAZING,,,SIMULATED
720.0,tag-0008,anchor-05,-97.19,22.81,True,1.0,GRAZING,,,SIMULATED
720.0,tag-0008,anchor-06,-122.48,-2.48,True,1.0,GRAZING,,,SIMULATED
720.0,tag-0008,anchor-07,-99.81,20.19,True,1.0,GRAZING,,,SIMULATED
720.0,tag-0008,anchor-08,-95.15,24.85,True,1.0,GRAZING,,,SIMULATED
720.0,tag-0009,anchor-01,-88.07,31.93,True,1.0190666718104324,GRAZING,,,SIMULATED
720.0,tag-0009,anchor-02,-97.43,22.57,True,1.0190666718104324,GRAZING,,,SIMULATED
720.0,tag-0009,anchor-03,-120.78,-0.78,True,1.0190666718104324,GRAZING,,,SIMULATED
720.0,tag-0009,anchor-04,-109.66,10.34,True,1.0190666718104324,GRAZING,,,SIMULATED
720.0,tag-0009,anchor-05,-86.72,33.28,True,1.0190666718104324,GRAZING,,,SIMULATED
720.0,tag-0009,anchor-06,-99.29,20.71,True,1.0190666718104324,GRAZING,,,SIMULATED
720.0,tag-0009,anchor-07,-113.78,6.22,True,1.0190666718104324,GRAZING,,,SIMULATED
720.0,tag-0009,anchor-08,-96.03,23.97,True,1.0190666718104324,GRAZING,,,SIMULATED
720.0,tag-0010,anchor-01,-94.79,25.21,True,1.0055733053336466,GRAZING,,,SIMULATED
720.0,tag-0010,anchor-02,,,False,1.0055733053336466,GRAZING,,,SIMULATED
720.0,tag-0010,anchor-03,,,False,1.0055733053336466,GRAZING,,,SIMULATED
720.0,tag-0010,anchor-04,-109.1,10.9,True,1.0055733053336466,GRAZING,,,SIMULATED
720.0,tag-0010,anchor-05,-80.67,39.33,True,1.0055733053336466,GRAZING,,,SIMULATED
720.0,tag-0010,anchor-06,-105.35,14.65,True,1.0055733053336466,GRAZING,,,SIMULATED
720.0,tag-0010,anchor-07,-103.43,16.57,True,1.0055733053336466,GRAZING,,,SIMULATED
720.0,tag-0010,anchor-08,-97.51,22.49,True,1.0055733053336466,GRAZING,,,SIMULATED
720.0,tag-0011,anchor-01,-91.49,28.51,True,1.0006919138126666,GRAZING,,,SIMULATED
720.0,tag-0011,anchor-02,-92.15,27.85,True,1.0006919138126666,GRAZING,,,SIMULATED
720.0,tag-0011,anchor-03,-124.55,-4.55,True,1.0006919138126666,GRAZING,,,SIMULATED
720.0,tag-0011,anchor-04,-112.36,7.64,True,1.0006919138126666,GRAZING,,,SIMULATED
720.0,tag-0011,anchor-05,-86.76,33.24,True,1.0006919138126666,GRAZING,,,SIMULATED
720.0,tag-0011,anchor-06,-96.71,23.29,True,1.0006919138126666,GRAZING,,,SIMULATED
720.0,tag-0011,anchor-07,,,False,1.0006919138126666,GRAZING,,,SIMULATED
720.0,tag-0011,anchor-08,-105.66,14.34,True,1.0006919138126666,GRAZING,,,SIMULATED
720.0,tag-0012,anchor-01,-82.87,37.13,True,1.0,WALKING,,,SIMULATED
720.0,tag-0012,anchor-02,-92.43,27.57,True,1.0,WALKING,,,SIMULATED
720.0,tag-0012,anchor-03,-111.43,8.57,True,1.0,WALKING,,,SIMULATED
720.0,tag-0012,anchor-04,-117.39,2.61,True,1.0,WALKING,,,SIMULATED
720.0,tag-0012,anchor-05,-73.94,46.06,True,1.0,WALKING,,,SIMULATED
720.0,tag-0012,anchor-06,-91.56,28.44,True,1.0,WALKING,,,SIMULATED
720.0,tag-0012,anchor-07,,,False,1.0,WALKING,,,SIMULATED
720.0,tag-0012,anchor-08,-102.68,17.32,True,1.0,WALKING,,,SIMULATED
720.0,tag-0013,anchor-01,-109.87,10.13,True,1.0147928209045467,GRAZING,,,SIMULATED
720.0,tag-0013,anchor-02,-92.95,27.05,True,1.0147928209045467,GRAZING,,,SIMULATED
720.0,tag-0013,anchor-03,,,False,1.0147928209045467,GRAZING,,,SIMULATED
720.0,tag-0013,anchor-04,-101.61,18.39,True,1.0147928209045467,GRAZING,,,SIMULATED
720.0,tag-0013,anchor-05,-88.86,31.14,True,1.0147928209045467,GRAZING,,,SIMULATED
720.0,tag-0013,anchor-06,-118.12,1.88,True,1.0147928209045467,GRAZING,,,SIMULATED
720.0,tag-0013,anchor-07,-96.32,23.68,True,1.0147928209045467,GRAZING,,,SIMULATED
720.0,tag-0013,anchor-08,-96.6,23.4,True,1.0147928209045467,GRAZING,,,SIMULATED
720.0,tag-0014,anchor-01,,,False,1.0,WALKING,,,SIMULATED
720.0,tag-0014,anchor-02,-95.44,24.56,True,1.0,WALKING,,,SIMULATED
720.0,tag-0014,anchor-03,,,False,1.0,WALKING,,,SIMULATED
720.0,tag-0014,anchor-04,-112.44,7.56,True,1.0,WALKING,,,SIMULATED
720.0,tag-0014,anchor-05,-76.91,43.09,True,1.0,WALKING,,,SIMULATED
720.0,tag-0014,anchor-06,-100.24,19.76,True,1.0,WALKING,,,SIMULATED
720.0,tag-0014,anchor-07,-120.72,-0.72,True,1.0,WALKING,,,SIMULATED
720.0,tag-0014,anchor-08,-97.8,22.2,True,1.0,WALKING,,,SIMULATED
720.0,tag-0015,anchor-01,-94.86,25.14,True,1.0,GRAZING,,,SIMULATED
720.0,tag-0015,anchor-02,-95.33,24.67,True,1.0,GRAZING,,,SIMULATED
720.0,tag-0015,anchor-03,,,False,1.0,GRAZING,,,SIMULATED
720.0,tag-0015,anchor-04,-106.49,13.51,True,1.0,GRAZING,,,SIMULATED
720.0,tag-0015,anchor-05,-85.52,34.48,True,1.0,GRAZING,,,SIMULATED
720.0,tag-0015,anchor-06,-105.81,14.19,True,1.0,GRAZING,,,SIMULATED
720.0,tag-0015,anchor-07,,,False,1.0,GRAZING,,,SIMULATED
720.0,tag-0015,anchor-08,-93.92,26.08,True,1.0,GRAZING,,,SIMULATED
720.0,tag-0016,anchor-01,-85.95,34.05,True,1.0,GRAZING,,,SIMULATED
720.0,tag-0016,anchor-02,-87.69,32.31,True,1.0,GRAZING,,,SIMULATED
720.0,tag-0016,anchor-03,,,False,1.0,GRAZING,,,SIMULATED
720.0,tag-0016,anchor-04,-102.79,17.21,True,1.0,GRAZING,,,SIMULATED
720.0,tag-0016,anchor-05,-84.04,35.96,True,1.0,GRAZING,,,SIMULATED
720.0,tag-0016,anchor-06,-105.81,14.19,True,1.0,GRAZING,,,SIMULATED
720.0,tag-0016,anchor-07,-126.05,-6.05,True,1.0,GRAZING,,,SIMULATED
720.0,tag-0016,anchor-08,-103.44,16.56,True,1.0,GRAZING,,,SIMULATED
720.0,tag-0017,anchor-01,-79.73,40.27,True,1.0,GRAZING,,,SIMULATED
720.0,tag-0017,anchor-02,-89.4,30.6,True,1.0,GRAZING,,,SIMULATED
720.0,tag-0017,anchor-03,-125.11,-5.11,True,1.0,GRAZING,,,SIMULATED
720.0,tag-0017,anchor-04,-103.21,16.79,True,1.0,GRAZING,,,SIMULATED
720.0,tag-0017,anchor-05,-88.28,31.72,True,1.0,GRAZING,,,SIMULATED
720.0,tag-0017,anchor-06,-96.51,23.49,True,1.0,GRAZING,,,SIMULATED
720.0,tag-0017,anchor-07,,,False,1.0,GRAZING,,,SIMULATED
720.0,tag-0017,anchor-08,-94.17,25.83,True,1.0,GRAZING,,,SIMULATED
720.0,tag-0018,anchor-01,-89.38,30.62,True,1.0,GRAZING,,,SIMULATED
720.0,tag-0018,anchor-02,-101.69,18.31,True,1.0,GRAZING,,,SIMULATED
720.0,tag-0018,anchor-03,-125.9,-5.9,True,1.0,GRAZING,,,SIMULATED
720.0,tag-0018,anchor-04,-108.18,11.82,True,1.0,GRAZING,,,SIMULATED
720.0,tag-0018,anchor-05,-82.04,37.96,True,1.0,GRAZING,,,SIMULATED
720.0,tag-0018,anchor-06,-93.67,26.33,True,1.0,GRAZING,,,SIMULATED
720.0,tag-0018,anchor-07,-90.03,29.97,True,1.0,GRAZING,,,SIMULATED
720.0,tag-0018,anchor-08,-100.72,19.28,True,1.0,GRAZING,,,SIMULATED
720.0,tag-0019,anchor-01,-91.68,28.32,True,1.0,GRAZING,,,SIMULATED
720.0,tag-0019,anchor-02,-90.39,29.61,True,1.0,GRAZING,,,SIMULATED
720.0,tag-0019,anchor-03,-125.66,-5.66,True,1.0,GRAZING,,,SIMULATED
720.0,tag-0019,anchor-04,-104.85,15.15,True,1.0,GRAZING,,,SIMULATED
720.0,tag-0019,anchor-05,-77.77,42.23,True,1.0,GRAZING,,,SIMULATED
720.0,tag-0019,anchor-06,-95.34,24.66,True,1.0,GRAZING,,,SIMULATED
720.0,tag-0019,anchor-07,-114.74,5.26,True,1.0,GRAZING,,,SIMULATED
720.0,tag-0019,anchor-08,-103.59,16.41,True,1.0,GRAZING,,,SIMULATED
720.0,tag-0020,anchor-01,-87.17,32.83,True,1.010176298442069,GRAZING,,,SIMULATED
720.0,tag-0020,anchor-02,-96.41,23.59,True,1.010176298442069,GRAZING,,,SIMULATED
720.0,tag-0020,anchor-03,,,False,1.010176298442069,GRAZING,,,SIMULATED
720.0,tag-0020,anchor-04,-106.18,13.82,True,1.010176298442069,GRAZING,,,SIMULATED
720.0,tag-0020,anchor-05,-83.75,36.25,True,1.010176298442069,GRAZING,,,SIMULATED
720.0,tag-0020,anchor-06,-106.68,13.32,True,1.010176298442069,GRAZING,,,SIMULATED
720.0,tag-0020,anchor-07,-97.54,22.46,True,1.010176298442069,GRAZING,,,SIMULATED
720.0,tag-0020,anchor-08,-103.75,16.25,True,1.010176298442069,GRAZING,,,SIMULATED
750.0,tag-0001,anchor-01,-92.42,27.58,True,1.0084618570171993,GRAZING,,,SIMULATED
750.0,tag-0001,anchor-02,-90.47,29.53,True,1.0084618570171993,GRAZING,,,SIMULATED
750.0,tag-0001,anchor-03,,,False,1.0084618570171993,GRAZING,,,SIMULATED
750.0,tag-0001,anchor-04,-101.63,18.37,True,1.0084618570171993,GRAZING,,,SIMULATED
750.0,tag-0001,anchor-05,-79.3,40.7,True,1.0084618570171993,GRAZING,,,SIMULATED
750.0,tag-0001,anchor-06,-101.92,18.08,True,1.0084618570171993,GRAZING,,,SIMULATED
750.0,tag-0001,anchor-07,-112.73,7.27,True,1.0084618570171993,GRAZING,,,SIMULATED
750.0,tag-0001,anchor-08,-102.9,17.1,True,1.0084618570171993,GRAZING,,,SIMULATED
750.0,tag-0002,anchor-01,-95.64,24.36,True,1.0,WALKING,,,SIMULATED
750.0,tag-0002,anchor-02,-89.27,30.73,True,1.0,WALKING,,,SIMULATED
750.0,tag-0002,anchor-03,-124.53,-4.53,True,1.0,WALKING,,,SIMULATED
750.0,tag-0002,anchor-04,-108.41,11.59,True,1.0,WALKING,,,SIMULATED
750.0,tag-0002,anchor-05,-84.43,35.57,True,1.0,WALKING,,,SIMULATED
750.0,tag-0002,anchor-06,-101.75,18.25,True,1.0,WALKING,,,SIMULATED
750.0,tag-0002,anchor-07,-121.83,-1.83,True,1.0,WALKING,,,SIMULATED
750.0,tag-0002,anchor-08,-92.43,27.57,True,1.0,WALKING,,,SIMULATED
750.0,tag-0003,anchor-01,-95.7,24.3,True,1.0128613154813757,GRAZING,,,SIMULATED
750.0,tag-0003,anchor-02,-97.33,22.67,True,1.0128613154813757,GRAZING,,,SIMULATED
750.0,tag-0003,anchor-03,-124.29,-4.29,True,1.0128613154813757,GRAZING,,,SIMULATED
750.0,tag-0003,anchor-04,-104.63,15.37,True,1.0128613154813757,GRAZING,,,SIMULATED
750.0,tag-0003,anchor-05,-80.7,39.3,True,1.0128613154813757,GRAZING,,,SIMULATED
750.0,tag-0003,anchor-06,-104.04,15.96,True,1.0128613154813757,GRAZING,,,SIMULATED
750.0,tag-0003,anchor-07,-122.59,-2.59,True,1.0128613154813757,GRAZING,,,SIMULATED
750.0,tag-0003,anchor-08,-110.21,9.79,True,1.0128613154813757,GRAZING,,,SIMULATED
750.0,tag-0004,anchor-01,-97.78,22.22,True,1.0055798656912538,GRAZING,,,SIMULATED
750.0,tag-0004,anchor-02,-94.75,25.25,True,1.0055798656912538,GRAZING,,,SIMULATED
750.0,tag-0004,anchor-03,-121.5,-1.5,True,1.0055798656912538,GRAZING,,,SIMULATED
750.0,tag-0004,anchor-04,-103.36,16.64,True,1.0055798656912538,GRAZING,,,SIMULATED
750.0,tag-0004,anchor-05,-79.92,40.08,True,1.0055798656912538,GRAZING,,,SIMULATED
750.0,tag-0004,anchor-06,-101.6,18.4,True,1.0055798656912538,GRAZING,,,SIMULATED
750.0,tag-0004,anchor-07,-119.02,0.98,True,1.0055798656912538,GRAZING,,,SIMULATED
750.0,tag-0004,anchor-08,-97.27,22.73,True,1.0055798656912538,GRAZING,,,SIMULATED
750.0,tag-0005,anchor-01,-85.88,34.12,True,1.0019527515542523,WALKING,,,SIMULATED
750.0,tag-0005,anchor-02,-92.04,27.96,True,1.0019527515542523,WALKING,,,SIMULATED
750.0,tag-0005,anchor-03,,,False,1.0019527515542523,WALKING,,,SIMULATED
750.0,tag-0005,anchor-04,-105.97,14.03,True,1.0019527515542523,WALKING,,,SIMULATED
750.0,tag-0005,anchor-05,-75.63,44.37,True,1.0019527515542523,WALKING,,,SIMULATED
750.0,tag-0005,anchor-06,-105.48,14.52,True,1.0019527515542523,WALKING,,,SIMULATED
750.0,tag-0005,anchor-07,,,False,1.0019527515542523,WALKING,,,SIMULATED
750.0,tag-0005,anchor-08,,,False,1.0019527515542523,WALKING,,,SIMULATED
750.0,tag-0006,anchor-01,-88.27,31.73,True,1.0,GRAZING,,,SIMULATED
750.0,tag-0006,anchor-02,-97.1,22.9,True,1.0,GRAZING,,,SIMULATED
750.0,tag-0006,anchor-03,,,False,1.0,GRAZING,,,SIMULATED
750.0,tag-0006,anchor-04,-104.76,15.24,True,1.0,GRAZING,,,SIMULATED
750.0,tag-0006,anchor-05,-77.0,43.0,True,1.0,GRAZING,,,SIMULATED
750.0,tag-0006,anchor-06,-103.7,16.3,True,1.0,GRAZING,,,SIMULATED
750.0,tag-0006,anchor-07,-123.3,-3.3,True,1.0,GRAZING,,,SIMULATED
750.0,tag-0006,anchor-08,-100.29,19.71,True,1.0,GRAZING,,,SIMULATED
750.0,tag-0007,anchor-01,-87.93,32.07,True,1.009575911328018,GRAZING,,,SIMULATED
750.0,tag-0007,anchor-02,,,False,1.009575911328018,GRAZING,,,SIMULATED
750.0,tag-0007,anchor-03,-126.3,-6.3,True,1.009575911328018,GRAZING,,,SIMULATED
750.0,tag-0007,anchor-04,-102.63,17.37,True,1.009575911328018,GRAZING,,,SIMULATED
750.0,tag-0007,anchor-05,-90.66,29.34,True,1.009575911328018,GRAZING,,,SIMULATED
750.0,tag-0007,anchor-06,,,False,1.009575911328018,GRAZING,,,SIMULATED
750.0,tag-0007,anchor-07,-124.54,-4.54,True,1.009575911328018,GRAZING,,,SIMULATED
750.0,tag-0007,anchor-08,-102.81,17.19,True,1.009575911328018,GRAZING,,,SIMULATED
750.0,tag-0008,anchor-01,-93.3,26.7,True,1.0,GRAZING,,,SIMULATED
750.0,tag-0008,anchor-02,,,False,1.0,GRAZING,,,SIMULATED
750.0,tag-0008,anchor-03,,,False,1.0,GRAZING,,,SIMULATED
750.0,tag-0008,anchor-04,-92.39,27.61,True,1.0,GRAZING,,,SIMULATED
750.0,tag-0008,anchor-05,-99.67,20.33,True,1.0,GRAZING,,,SIMULATED
750.0,tag-0008,anchor-06,-125.32,-5.32,True,1.0,GRAZING,,,SIMULATED
750.0,tag-0008,anchor-07,-99.37,20.63,True,1.0,GRAZING,,,SIMULATED
750.0,tag-0008,anchor-08,-99.15,20.85,True,1.0,GRAZING,,,SIMULATED
750.0,tag-0009,anchor-01,-83.49,36.51,True,1.0038767233534764,GRAZING,,,SIMULATED
750.0,tag-0009,anchor-02,-96.63,23.37,True,1.0038767233534764,GRAZING,,,SIMULATED
750.0,tag-0009,anchor-03,-125.12,-5.12,True,1.0038767233534764,GRAZING,,,SIMULATED
750.0,tag-0009,anchor-04,-106.19,13.81,True,1.0038767233534764,GRAZING,,,SIMULATED
750.0,tag-0009,anchor-05,-84.04,35.96,True,1.0038767233534764,GRAZING,,,SIMULATED
750.0,tag-0009,anchor-06,-98.66,21.34,True,1.0038767233534764,GRAZING,,,SIMULATED
750.0,tag-0009,anchor-07,-116.48,3.52,True,1.0038767233534764,GRAZING,,,SIMULATED
750.0,tag-0009,anchor-08,-96.05,23.95,True,1.0038767233534764,GRAZING,,,SIMULATED
750.0,tag-0010,anchor-01,-91.58,28.42,True,1.0,GRAZING,,,SIMULATED
750.0,tag-0010,anchor-02,-99.0,21.0,True,1.0,GRAZING,,,SIMULATED
750.0,tag-0010,anchor-03,,,False,1.0,GRAZING,,,SIMULATED
750.0,tag-0010,anchor-04,-106.93,13.07,True,1.0,GRAZING,,,SIMULATED
750.0,tag-0010,anchor-05,-83.84,36.16,True,1.0,GRAZING,,,SIMULATED
750.0,tag-0010,anchor-06,-99.09,20.91,True,1.0,GRAZING,,,SIMULATED
750.0,tag-0010,anchor-07,-102.62,17.38,True,1.0,GRAZING,,,SIMULATED
750.0,tag-0010,anchor-08,-97.76,22.24,True,1.0,GRAZING,,,SIMULATED
750.0,tag-0011,anchor-01,-93.87,26.13,True,1.0,GRAZING,,,SIMULATED
750.0,tag-0011,anchor-02,-97.88,22.12,True,1.0,GRAZING,,,SIMULATED
750.0,tag-0011,anchor-03,,,False,1.0,GRAZING,,,SIMULATED
750.0,tag-0011,anchor-04,-110.86,9.14,True,1.0,GRAZING,,,SIMULATED
750.0,tag-0011,anchor-05,-86.51,33.49,True,1.0,GRAZING,,,SIMULATED
750.0,tag-0011,anchor-06,-98.5,21.5,True,1.0,GRAZING,,,SIMULATED
750.0,tag-0011,anchor-07,-118.74,1.26,True,1.0,GRAZING,,,SIMULATED
750.0,tag-0011,anchor-08,-104.28,15.72,True,1.0,GRAZING,,,SIMULATED
750.0,tag-0012,anchor-01,-90.61,29.39,True,1.0,WALKING,,,SIMULATED
750.0,tag-0012,anchor-02,-90.02,29.98,True,1.0,WALKING,,,SIMULATED
750.0,tag-0012,anchor-03,-112.79,7.21,True,1.0,WALKING,,,SIMULATED
750.0,tag-0012,anchor-04,-114.35,5.65,True,1.0,WALKING,,,SIMULATED
750.0,tag-0012,anchor-05,-66.51,53.49,True,1.0,WALKING,,,SIMULATED
750.0,tag-0012,anchor-06,-95.09,24.91,True,1.0,WALKING,,,SIMULATED
750.0,tag-0012,anchor-07,-117.3,2.7,True,1.0,WALKING,,,SIMULATED
750.0,tag-0012,anchor-08,-103.95,16.05,True,1.0,WALKING,,,SIMULATED
750.0,tag-0013,anchor-01,-101.47,18.53,True,1.0032179551350784,GRAZING,,,SIMULATED
750.0,tag-0013,anchor-02,-98.88,21.12,True,1.0032179551350784,GRAZING,,,SIMULATED
750.0,tag-0013,anchor-03,,,False,1.0032179551350784,GRAZING,,,SIMULATED
750.0,tag-0013,anchor-04,-103.23,16.77,True,1.0032179551350784,GRAZING,,,SIMULATED
750.0,tag-0013,anchor-05,-89.61,30.39,True,1.0032179551350784,GRAZING,,,SIMULATED
750.0,tag-0013,anchor-06,-120.19,-0.19,True,1.0032179551350784,GRAZING,,,SIMULATED
750.0,tag-0013,anchor-07,-94.39,25.61,True,1.0032179551350784,GRAZING,,,SIMULATED
750.0,tag-0013,anchor-08,-95.48,24.52,True,1.0032179551350784,GRAZING,,,SIMULATED
750.0,tag-0014,anchor-01,-86.33,33.67,True,1.0120944448156988,WALKING,,,SIMULATED
750.0,tag-0014,anchor-02,,,False,1.0120944448156988,WALKING,,,SIMULATED
750.0,tag-0014,anchor-03,-123.43,-3.43,True,1.0120944448156988,WALKING,,,SIMULATED
750.0,tag-0014,anchor-04,-109.24,10.76,True,1.0120944448156988,WALKING,,,SIMULATED
750.0,tag-0014,anchor-05,-85.21,34.79,True,1.0120944448156988,WALKING,,,SIMULATED
750.0,tag-0014,anchor-06,-101.76,18.24,True,1.0120944448156988,WALKING,,,SIMULATED
750.0,tag-0014,anchor-07,,,False,1.0120944448156988,WALKING,,,SIMULATED
750.0,tag-0014,anchor-08,-94.84,25.16,True,1.0120944448156988,WALKING,,,SIMULATED
750.0,tag-0015,anchor-01,-93.24,26.76,True,1.0,GRAZING,,,SIMULATED
750.0,tag-0015,anchor-02,-97.98,22.02,True,1.0,GRAZING,,,SIMULATED
750.0,tag-0015,anchor-03,-122.02,-2.02,True,1.0,GRAZING,,,SIMULATED
750.0,tag-0015,anchor-04,-109.43,10.57,True,1.0,GRAZING,,,SIMULATED
750.0,tag-0015,anchor-05,-82.14,37.86,True,1.0,GRAZING,,,SIMULATED
750.0,tag-0015,anchor-06,-112.03,7.97,True,1.0,GRAZING,,,SIMULATED
750.0,tag-0015,anchor-07,-99.01,20.99,True,1.0,GRAZING,,,SIMULATED
750.0,tag-0015,anchor-08,-96.29,23.71,True,1.0,GRAZING,,,SIMULATED
750.0,tag-0016,anchor-01,-85.33,34.67,True,1.0,GRAZING,,,SIMULATED
750.0,tag-0016,anchor-02,-98.85,21.15,True,1.0,GRAZING,,,SIMULATED
750.0,tag-0016,anchor-03,,,False,1.0,GRAZING,,,SIMULATED
750.0,tag-0016,anchor-04,-102.08,17.92,True,1.0,GRAZING,,,SIMULATED
750.0,tag-0016,anchor-05,-83.42,36.58,True,1.0,GRAZING,,,SIMULATED
750.0,tag-0016,anchor-06,-101.01,18.99,True,1.0,GRAZING,,,SIMULATED
750.0,tag-0016,anchor-07,-126.75,-6.75,True,1.0,GRAZING,,,SIMULATED
750.0,tag-0016,anchor-08,,,False,1.0,GRAZING,,,SIMULATED
750.0,tag-0017,anchor-01,-83.83,36.17,True,1.0097613188405996,GRAZING,,,SIMULATED
750.0,tag-0017,anchor-02,-95.87,24.13,True,1.0097613188405996,GRAZING,,,SIMULATED
750.0,tag-0017,anchor-03,,,False,1.0097613188405996,GRAZING,,,SIMULATED
750.0,tag-0017,anchor-04,-105.63,14.37,True,1.0097613188405996,GRAZING,,,SIMULATED
750.0,tag-0017,anchor-05,-85.79,34.21,True,1.0097613188405996,GRAZING,,,SIMULATED
750.0,tag-0017,anchor-06,-98.34,21.66,True,1.0097613188405996,GRAZING,,,SIMULATED
750.0,tag-0017,anchor-07,-123.54,-3.54,True,1.0097613188405996,GRAZING,,,SIMULATED
750.0,tag-0017,anchor-08,-95.15,24.85,True,1.0097613188405996,GRAZING,,,SIMULATED
750.0,tag-0018,anchor-01,-86.31,33.69,True,1.0052274497272995,GRAZING,,,SIMULATED
750.0,tag-0018,anchor-02,,,False,1.0052274497272995,GRAZING,,,SIMULATED
750.0,tag-0018,anchor-03,,,False,1.0052274497272995,GRAZING,,,SIMULATED
750.0,tag-0018,anchor-04,-107.19,12.81,True,1.0052274497272995,GRAZING,,,SIMULATED
750.0,tag-0018,anchor-05,-79.3,40.7,True,1.0052274497272995,GRAZING,,,SIMULATED
750.0,tag-0018,anchor-06,-95.0,25.0,True,1.0052274497272995,GRAZING,,,SIMULATED
750.0,tag-0018,anchor-07,-95.22,24.78,True,1.0052274497272995,GRAZING,,,SIMULATED
750.0,tag-0018,anchor-08,,,False,1.0052274497272995,GRAZING,,,SIMULATED
750.0,tag-0019,anchor-01,-83.86,36.14,True,1.0236440259093778,GRAZING,,,SIMULATED
750.0,tag-0019,anchor-02,-90.96,29.04,True,1.0236440259093778,GRAZING,,,SIMULATED
750.0,tag-0019,anchor-03,-125.5,-5.5,True,1.0236440259093778,GRAZING,,,SIMULATED
750.0,tag-0019,anchor-04,-97.29,22.71,True,1.0236440259093778,GRAZING,,,SIMULATED
750.0,tag-0019,anchor-05,-79.15,40.85,True,1.0236440259093778,GRAZING,,,SIMULATED
750.0,tag-0019,anchor-06,-100.18,19.82,True,1.0236440259093778,GRAZING,,,SIMULATED
750.0,tag-0019,anchor-07,-111.93,8.07,True,1.0236440259093778,GRAZING,,,SIMULATED
750.0,tag-0019,anchor-08,-106.12,13.88,True,1.0236440259093778,GRAZING,,,SIMULATED
750.0,tag-0020,anchor-01,-91.43,28.57,True,1.0301504836320985,GRAZING,,,SIMULATED
750.0,tag-0020,anchor-02,-98.74,21.26,True,1.0301504836320985,GRAZING,,,SIMULATED
750.0,tag-0020,anchor-03,,,False,1.0301504836320985,GRAZING,,,SIMULATED
750.0,tag-0020,anchor-04,-106.49,13.51,True,1.0301504836320985,GRAZING,,,SIMULATED
750.0,tag-0020,anchor-05,-81.5,38.5,True,1.0301504836320985,GRAZING,,,SIMULATED
750.0,tag-0020,anchor-06,-108.66,11.34,True,1.0301504836320985,GRAZING,,,SIMULATED
750.0,tag-0020,anchor-07,-94.62,25.38,True,1.0301504836320985,GRAZING,,,SIMULATED
750.0,tag-0020,anchor-08,-105.78,14.22,True,1.0301504836320985,GRAZING,,,SIMULATED
780.0,tag-0001,anchor-01,-90.38,29.62,True,1.0,GRAZING,,,SIMULATED
780.0,tag-0001,anchor-02,,,False,1.0,GRAZING,,,SIMULATED
780.0,tag-0001,anchor-03,,,False,1.0,GRAZING,,,SIMULATED
780.0,tag-0001,anchor-04,-103.76,16.24,True,1.0,GRAZING,,,SIMULATED
780.0,tag-0001,anchor-05,-75.51,44.49,True,1.0,GRAZING,,,SIMULATED
780.0,tag-0001,anchor-06,-100.62,19.38,True,1.0,GRAZING,,,SIMULATED
780.0,tag-0001,anchor-07,-120.95,-0.95,True,1.0,GRAZING,,,SIMULATED
780.0,tag-0001,anchor-08,-99.03,20.97,True,1.0,GRAZING,,,SIMULATED
780.0,tag-0002,anchor-01,-97.45,22.55,True,1.0,WALKING,,,SIMULATED
780.0,tag-0002,anchor-02,-97.73,22.27,True,1.0,WALKING,,,SIMULATED
780.0,tag-0002,anchor-03,-126.91,-6.91,True,1.0,WALKING,,,SIMULATED
780.0,tag-0002,anchor-04,-107.11,12.89,True,1.0,WALKING,,,SIMULATED
780.0,tag-0002,anchor-05,-86.53,33.47,True,1.0,WALKING,,,SIMULATED
780.0,tag-0002,anchor-06,-121.81,-1.81,True,1.0,WALKING,,,SIMULATED
780.0,tag-0002,anchor-07,,,False,1.0,WALKING,,,SIMULATED
780.0,tag-0002,anchor-08,-96.3,23.7,True,1.0,WALKING,,,SIMULATED
780.0,tag-0003,anchor-01,,,False,1.0,GRAZING,,,SIMULATED
780.0,tag-0003,anchor-02,-100.13,19.87,True,1.0,GRAZING,,,SIMULATED
780.0,tag-0003,anchor-03,-124.85,-4.85,True,1.0,GRAZING,,,SIMULATED
780.0,tag-0003,anchor-04,-99.64,20.36,True,1.0,GRAZING,,,SIMULATED
780.0,tag-0003,anchor-05,-88.27,31.73,True,1.0,GRAZING,,,SIMULATED
780.0,tag-0003,anchor-06,-104.77,15.23,True,1.0,GRAZING,,,SIMULATED
780.0,tag-0003,anchor-07,-120.68,-0.68,True,1.0,GRAZING,,,SIMULATED
780.0,tag-0003,anchor-08,-105.49,14.51,True,1.0,GRAZING,,,SIMULATED
780.0,tag-0004,anchor-01,-94.33,25.67,True,1.0,GRAZING,,,SIMULATED
780.0,tag-0004,anchor-02,-90.5,29.5,True,1.0,GRAZING,,,SIMULATED
780.0,tag-0004,anchor-03,,,False,1.0,GRAZING,,,SIMULATED
780.0,tag-0004,anchor-04,-101.06,18.94,True,1.0,GRAZING,,,SIMULATED
780.0,tag-0004,anchor-05,-78.32,41.68,True,1.0,GRAZING,,,SIMULATED
780.0,tag-0004,anchor-06,-101.38,18.62,True,1.0,GRAZING,,,SIMULATED
780.0,tag-0004,anchor-07,-119.65,0.35,True,1.0,GRAZING,,,SIMULATED
780.0,tag-0004,anchor-08,-100.37,19.63,True,1.0,GRAZING,,,SIMULATED
780.0,tag-0005,anchor-01,-89.51,30.49,True,1.0256979583678132,WALKING,,,SIMULATED
780.0,tag-0005,anchor-02,,,False,1.0256979583678132,WALKING,,,SIMULATED
780.0,tag-0005,anchor-03,-113.11,6.89,True,1.0256979583678132,WALKING,,,SIMULATED
780.0,tag-0005,anchor-04,-105.22,14.78,True,1.0256979583678132,WALKING,,,SIMULATED
780.0,tag-0005,anchor-05,-70.67,49.33,True,1.0256979583678132,WALKING,,,SIMULATED
780.0,tag-0005,anchor-06,-106.81,13.19,True,1.0256979583678132,WALKING,,,SIMULATED
780.0,tag-0005,anchor-07,-115.95,4.05,True,1.0256979583678132,WALKING,,,SIMULATED
780.0,tag-0005,anchor-08,-99.47,20.53,True,1.0256979583678132,WALKING,,,SIMULATED
780.0,tag-0006,anchor-01,-95.93,24.07,True,1.0268162829773848,GRAZING,,,SIMULATED
780.0,tag-0006,anchor-02,-92.75,27.25,True,1.0268162829773848,GRAZING,,,SIMULATED
780.0,tag-0006,anchor-03,,,False,1.0268162829773848,GRAZING,,,SIMULATED
780.0,tag-0006,anchor-04,-108.65,11.35,True,1.0268162829773848,GRAZING,,,SIMULATED
780.0,tag-0006,anchor-05,-73.09,46.91,True,1.0268162829773848,GRAZING,,,SIMULATED
780.0,tag-0006,anchor-06,-103.97,16.03,True,1.0268162829773848,GRAZING,,,SIMULATED
780.0,tag-0006,anchor-07,-123.13,-3.13,True,1.0268162829773848,GRAZING,,,SIMULATED
780.0,tag-0006,anchor-08,-106.31,13.69,True,1.0268162829773848,GRAZING,,,SIMULATED
780.0,tag-0007,anchor-01,-92.79,27.21,True,1.000343569053494,GRAZING,,,SIMULATED
780.0,tag-0007,anchor-02,-101.0,19.0,True,1.000343569053494,GRAZING,,,SIMULATED
780.0,tag-0007,anchor-03,-125.24,-5.24,True,1.000343569053494,GRAZING,,,SIMULATED
780.0,tag-0007,anchor-04,-105.94,14.06,True,1.000343569053494,GRAZING,,,SIMULATED
780.0,tag-0007,anchor-05,-88.94,31.06,True,1.000343569053494,GRAZING,,,SIMULATED
780.0,tag-0007,anchor-06,-99.98,20.02,True,1.000343569053494,GRAZING,,,SIMULATED
780.0,tag-0007,anchor-07,-125.63,-5.63,True,1.000343569053494,GRAZING,,,SIMULATED
780.0,tag-0007,anchor-08,-100.53,19.47,True,1.000343569053494,GRAZING,,,SIMULATED
780.0,tag-0008,anchor-01,-87.35,32.65,True,1.0094743591005284,GRAZING,,,SIMULATED
780.0,tag-0008,anchor-02,-91.63,28.37,True,1.0094743591005284,GRAZING,,,SIMULATED
780.0,tag-0008,anchor-03,,,False,1.0094743591005284,GRAZING,,,SIMULATED
780.0,tag-0008,anchor-04,,,False,1.0094743591005284,GRAZING,,,SIMULATED
780.0,tag-0008,anchor-05,-97.38,22.62,True,1.0094743591005284,GRAZING,,,SIMULATED
780.0,tag-0008,anchor-06,-124.49,-4.49,True,1.0094743591005284,GRAZING,,,SIMULATED
780.0,tag-0008,anchor-07,-103.38,16.62,True,1.0094743591005284,GRAZING,,,SIMULATED
780.0,tag-0008,anchor-08,-97.43,22.57,True,1.0094743591005284,GRAZING,,,SIMULATED
780.0,tag-0009,anchor-01,-87.19,32.81,True,1.0182051220224617,GRAZING,,,SIMULATED
780.0,tag-0009,anchor-02,-95.14,24.86,True,1.0182051220224617,GRAZING,,,SIMULATED
780.0,tag-0009,anchor-03,-123.25,-3.25,True,1.0182051220224617,GRAZING,,,SIMULATED
780.0,tag-0009,anchor-04,-104.72,15.28,True,1.0182051220224617,GRAZING,,,SIMULATED
780.0,tag-0009,anchor-05,-88.06,31.94,True,1.0182051220224617,GRAZING,,,SIMULATED
780.0,tag-0009,anchor-06,-100.89,19.11,True,1.0182051220224617,GRAZING,,,SIMULATED
780.0,tag-0009,anchor-07,-120.47,-0.47,True,1.0182051220224617,GRAZING,,,SIMULATED
780.0,tag-0009,anchor-08,-93.72,26.28,True,1.0182051220224617,GRAZING,,,SIMULATED
780.0,tag-0010,anchor-01,-91.6,28.4,True,1.0128460942288395,GRAZING,,,SIMULATED
780.0,tag-0010,anchor-02,-103.82,16.18,True,1.0128460942288395,GRAZING,,,SIMULATED
780.0,tag-0010,anchor-03,,,False,1.0128460942288395,GRAZING,,,SIMULATED
780.0,tag-0010,anchor-04,-110.91,9.09,True,1.0128460942288395,GRAZING,,,SIMULATED
780.0,tag-0010,anchor-05,-83.63,36.37,True,1.0128460942288395,GRAZING,,,SIMULATED
780.0,tag-0010,anchor-06,-100.98,19.02,True,1.0128460942288395,GRAZING,,,SIMULATED
780.0,tag-0010,anchor-07,-106.21,13.79,True,1.0128460942288395,GRAZING,,,SIMULATED
780.0,tag-0010,anchor-08,-96.83,23.17,True,1.0128460942288395,GRAZING,,,SIMULATED
780.0,tag-0011,anchor-01,-91.6,28.4,True,1.019252100541302,GRAZING,,,SIMULATED
780.0,tag-0011,anchor-02,-98.44,21.56,True,1.019252100541302,GRAZING,,,SIMULATED
780.0,tag-0011,anchor-03,-126.65,-6.65,True,1.019252100541302,GRAZING,,,SIMULATED
780.0,tag-0011,anchor-04,-113.14,6.86,True,1.019252100541302,GRAZING,,,SIMULATED
780.0,tag-0011,anchor-05,-82.67,37.33,True,1.019252100541302,GRAZING,,,SIMULATED
780.0,tag-0011,anchor-06,-93.81,26.19,True,1.019252100541302,GRAZING,,,SIMULATED
780.0,tag-0011,anchor-07,-117.5,2.5,True,1.019252100541302,GRAZING,,,SIMULATED
780.0,tag-0011,anchor-08,-99.06,20.94,True,1.019252100541302,GRAZING,,,SIMULATED
780.0,tag-0012,anchor-01,-94.13,25.87,True,1.0,WALKING,,,SIMULATED
780.0,tag-0012,anchor-02,-91.05,28.95,True,1.0,WALKING,,,SIMULATED
780.0,tag-0012,anchor-03,-112.01,7.99,True,1.0,WALKING,,,SIMULATED
780.0,tag-0012,anchor-04,-113.02,6.98,True,1.0,WALKING,,,SIMULATED
780.0,tag-0012,anchor-05,-55.62,64.38,True,1.0,WALKING,,,SIMULATED
780.0,tag-0012,anchor-06,-103.16,16.84,True,1.0,WALKING,,,SIMULATED
780.0,tag-0012,anchor-07,-118.77,1.23,True,1.0,WALKING,,,SIMULATED
780.0,tag-0012,anchor-08,,,False,1.0,WALKING,,,SIMULATED
780.0,tag-0013,anchor-01,-99.84,20.16,True,1.0,GRAZING,,,SIMULATED
780.0,tag-0013,anchor-02,-92.88,27.12,True,1.0,GRAZING,,,SIMULATED
780.0,tag-0013,anchor-03,,,False,1.0,GRAZING,,,SIMULATED
780.0,tag-0013,anchor-04,,,False,1.0,GRAZING,,,SIMULATED
780.0,tag-0013,anchor-05,-84.57,35.43,True,1.0,GRAZING,,,SIMULATED
780.0,tag-0013,anchor-06,-122.73,-2.73,True,1.0,GRAZING,,,SIMULATED
780.0,tag-0013,anchor-07,-95.18,24.82,True,1.0,GRAZING,,,SIMULATED
780.0,tag-0013,anchor-08,-91.18,28.82,True,1.0,GRAZING,,,SIMULATED
780.0,tag-0014,anchor-01,-97.08,22.92,True,1.0067963968642355,WALKING,,,SIMULATED
780.0,tag-0014,anchor-02,-99.52,20.48,True,1.0067963968642355,WALKING,,,SIMULATED
780.0,tag-0014,anchor-03,,,False,1.0067963968642355,WALKING,,,SIMULATED
780.0,tag-0014,anchor-04,-113.95,6.05,True,1.0067963968642355,WALKING,,,SIMULATED
780.0,tag-0014,anchor-05,-83.36,36.64,True,1.0067963968642355,WALKING,,,SIMULATED
780.0,tag-0014,anchor-06,-102.19,17.81,True,1.0067963968642355,WALKING,,,SIMULATED
780.0,tag-0014,anchor-07,-121.88,-1.88,True,1.0067963968642355,WALKING,,,SIMULATED
780.0,tag-0014,anchor-08,,,False,1.0067963968642355,WALKING,,,SIMULATED
780.0,tag-0015,anchor-01,-86.01,33.99,True,1.021736339267321,GRAZING,,,SIMULATED
780.0,tag-0015,anchor-02,-97.09,22.91,True,1.021736339267321,GRAZING,,,SIMULATED
780.0,tag-0015,anchor-03,,,False,1.021736339267321,GRAZING,,,SIMULATED
780.0,tag-0015,anchor-04,-103.26,16.74,True,1.021736339267321,GRAZING,,,SIMULATED
780.0,tag-0015,anchor-05,-85.18,34.82,True,1.021736339267321,GRAZING,,,SIMULATED
780.0,tag-0015,anchor-06,,,False,1.021736339267321,GRAZING,,,SIMULATED
780.0,tag-0015,anchor-07,-99.89,20.11,True,1.021736339267321,GRAZING,,,SIMULATED
780.0,tag-0015,anchor-08,-94.93,25.07,True,1.021736339267321,GRAZING,,,SIMULATED
780.0,tag-0016,anchor-01,-83.04,36.96,True,1.0021324956619524,GRAZING,,,SIMULATED
780.0,tag-0016,anchor-02,-92.66,27.34,True,1.0021324956619524,GRAZING,,,SIMULATED
780.0,tag-0016,anchor-03,,,False,1.0021324956619524,GRAZING,,,SIMULATED
780.0,tag-0016,anchor-04,-104.43,15.57,True,1.0021324956619524,GRAZING,,,SIMULATED
780.0,tag-0016,anchor-05,-77.26,42.74,True,1.0021324956619524,GRAZING,,,SIMULATED
780.0,tag-0016,anchor-06,-99.55,20.45,True,1.0021324956619524,GRAZING,,,SIMULATED
780.0,tag-0016,anchor-07,,,False,1.0021324956619524,GRAZING,,,SIMULATED
780.0,tag-0016,anchor-08,-108.7,11.3,True,1.0021324956619524,GRAZING,,,SIMULATED
780.0,tag-0017,anchor-01,-90.27,29.73,True,1.0,GRAZING,,,SIMULATED
780.0,tag-0017,anchor-02,,,False,1.0,GRAZING,,,SIMULATED
780.0,tag-0017,anchor-03,-126.27,-6.27,True,1.0,GRAZING,,,SIMULATED
780.0,tag-0017,anchor-04,-103.14,16.86,True,1.0,GRAZING,,,SIMULATED
780.0,tag-0017,anchor-05,-84.7,35.3,True,1.0,GRAZING,,,SIMULATED
780.0,tag-0017,anchor-06,-102.17,17.83,True,1.0,GRAZING,,,SIMULATED
780.0,tag-0017,anchor-07,-120.54,-0.54,True,1.0,GRAZING,,,SIMULATED
780.0,tag-0017,anchor-08,-96.32,23.68,True,1.0,GRAZING,,,SIMULATED
780.0,tag-0018,anchor-01,-77.32,42.68,True,1.0,GRAZING,,,SIMULATED
780.0,tag-0018,anchor-02,-98.6,21.4,True,1.0,GRAZING,,,SIMULATED
780.0,tag-0018,anchor-03,,,False,1.0,GRAZING,,,SIMULATED
780.0,tag-0018,anchor-04,,,False,1.0,GRAZING,,,SIMULATED
780.0,tag-0018,anchor-05,-82.73,37.27,True,1.0,GRAZING,,,SIMULATED
780.0,tag-0018,anchor-06,-93.64,26.36,True,1.0,GRAZING,,,SIMULATED
780.0,tag-0018,anchor-07,-102.27,17.73,True,1.0,GRAZING,,,SIMULATED
780.0,tag-0018,anchor-08,,,False,1.0,GRAZING,,,SIMULATED
780.0,tag-0019,anchor-01,-84.18,35.82,True,1.0,GRAZING,,,SIMULATED
780.0,tag-0019,anchor-02,-87.98,32.02,True,1.0,GRAZING,,,SIMULATED
780.0,tag-0019,anchor-03,-120.24,-0.24,True,1.0,GRAZING,,,SIMULATED
780.0,tag-0019,anchor-04,-95.49,24.51,True,1.0,GRAZING,,,SIMULATED
780.0,tag-0019,anchor-05,-80.98,39.02,True,1.0,GRAZING,,,SIMULATED
780.0,tag-0019,anchor-06,-95.17,24.83,True,1.0,GRAZING,,,SIMULATED
780.0,tag-0019,anchor-07,-112.28,7.72,True,1.0,GRAZING,,,SIMULATED
780.0,tag-0019,anchor-08,-103.91,16.09,True,1.0,GRAZING,,,SIMULATED
780.0,tag-0020,anchor-01,,,False,1.0,GRAZING,,,SIMULATED
780.0,tag-0020,anchor-02,-92.54,27.46,True,1.0,GRAZING,,,SIMULATED
780.0,tag-0020,anchor-03,,,False,1.0,GRAZING,,,SIMULATED
780.0,tag-0020,anchor-04,-111.19,8.81,True,1.0,GRAZING,,,SIMULATED
780.0,tag-0020,anchor-05,-75.7,44.3,True,1.0,GRAZING,,,SIMULATED
780.0,tag-0020,anchor-06,-104.3,15.7,True,1.0,GRAZING,,,SIMULATED
780.0,tag-0020,anchor-07,-98.47,21.53,True,1.0,GRAZING,,,SIMULATED
780.0,tag-0020,anchor-08,-106.12,13.88,True,1.0,GRAZING,,,SIMULATED
810.0,tag-0001,anchor-01,-90.99,29.01,True,1.0015237601631652,GRAZING,,,SIMULATED
810.0,tag-0001,anchor-02,,,False,1.0015237601631652,GRAZING,,,SIMULATED
810.0,tag-0001,anchor-03,,,False,1.0015237601631652,GRAZING,,,SIMULATED
810.0,tag-0001,anchor-04,,,False,1.0015237601631652,GRAZING,,,SIMULATED
810.0,tag-0001,anchor-05,-78.0,42.0,True,1.0015237601631652,GRAZING,,,SIMULATED
810.0,tag-0001,anchor-06,-108.69,11.31,True,1.0015237601631652,GRAZING,,,SIMULATED
810.0,tag-0001,anchor-07,-115.84,4.16,True,1.0015237601631652,GRAZING,,,SIMULATED
810.0,tag-0001,anchor-08,-90.89,29.11,True,1.0015237601631652,GRAZING,,,SIMULATED
810.0,tag-0002,anchor-01,-99.55,20.45,True,1.0,WALKING,,,SIMULATED
810.0,tag-0002,anchor-02,-91.28,28.72,True,1.0,WALKING,,,SIMULATED
810.0,tag-0002,anchor-03,-124.53,-4.53,True,1.0,WALKING,,,SIMULATED
810.0,tag-0002,anchor-04,-106.22,13.78,True,1.0,WALKING,,,SIMULATED
810.0,tag-0002,anchor-05,,,False,1.0,WALKING,,,SIMULATED
810.0,tag-0002,anchor-06,-122.26,-2.26,True,1.0,WALKING,,,SIMULATED
810.0,tag-0002,anchor-07,-124.32,-4.32,True,1.0,WALKING,,,SIMULATED
810.0,tag-0002,anchor-08,-103.68,16.32,True,1.0,WALKING,,,SIMULATED
810.0,tag-0003,anchor-01,-88.9,31.1,True,1.0098280010133105,GRAZING,,,SIMULATED
810.0,tag-0003,anchor-02,-95.09,24.91,True,1.0098280010133105,GRAZING,,,SIMULATED
810.0,tag-0003,anchor-03,-124.35,-4.35,True,1.0098280010133105,GRAZING,,,SIMULATED
810.0,tag-0003,anchor-04,-98.76,21.24,True,1.0098280010133105,GRAZING,,,SIMULATED
810.0,tag-0003,anchor-05,-84.04,35.96,True,1.0098280010133105,GRAZING,,,SIMULATED
810.0,tag-0003,anchor-06,-99.21,20.79,True,1.0098280010133105,GRAZING,,,SIMULATED
810.0,tag-0003,anchor-07,-118.07,1.93,True,1.0098280010133105,GRAZING,,,SIMULATED
810.0,tag-0003,anchor-08,-103.14,16.86,True,1.0098280010133105,GRAZING,,,SIMULATED
810.0,tag-0004,anchor-01,-97.82,22.18,True,1.0,GRAZING,,,SIMULATED
810.0,tag-0004,anchor-02,-92.74,27.26,True,1.0,GRAZING,,,SIMULATED
810.0,tag-0004,anchor-03,,,False,1.0,GRAZING,,,SIMULATED
810.0,tag-0004,anchor-04,-103.13,16.87,True,1.0,GRAZING,,,SIMULATED
810.0,tag-0004,anchor-05,-76.42,43.58,True,1.0,GRAZING,,,SIMULATED
810.0,tag-0004,anchor-06,-100.45,19.55,True,1.0,GRAZING,,,SIMULATED
810.0,tag-0004,anchor-07,-120.18,-0.18,True,1.0,GRAZING,,,SIMULATED
810.0,tag-0004,anchor-08,-98.63,21.37,True,1.0,GRAZING,,,SIMULATED
810.0,tag-0005,anchor-01,-87.88,32.12,True,1.0035244887705108,WALKING,,,SIMULATED
810.0,tag-0005,anchor-02,-87.4,32.6,True,1.0035244887705108,WALKING,,,SIMULATED
810.0,tag-0005,anchor-03,-112.66,7.34,True,1.0035244887705108,WALKING,,,SIMULATED
810.0,tag-0005,anchor-04,-103.94,16.06,True,1.0035244887705108,WALKING,,,SIMULATED
810.0,tag-0005,anchor-05,-68.38,51.62,True,1.0035244887705108,WALKING,,,SIMULATED
810.0,tag-0005,anchor-06,-105.88,14.12,True,1.0035244887705108,WALKING,,,SIMULATED
810.0,tag-0005,anchor-07,-122.5,-2.5,True,1.0035244887705108,WALKING,,,SIMULATED
810.0,tag-0005,anchor-08,-95.14,24.86,True,1.0035244887705108,WALKING,,,SIMULATED
810.0,tag-0006,anchor-01,-88.42,31.58,True,1.0556993400544492,WALKING,,,SIMULATED
810.0,tag-0006,anchor-02,-92.62,27.38,True,1.0556993400544492,WALKING,,,SIMULATED
810.0,tag-0006,anchor-03,,,False,1.0556993400544492,WALKING,,,SIMULATED
810.0,tag-0006,anchor-04,-104.16,15.84,True,1.0556993400544492,WALKING,,,SIMULATED
810.0,tag-0006,anchor-05,-83.46,36.54,True,1.0556993400544492,WALKING,,,SIMULATED
810.0,tag-0006,anchor-06,-104.02,15.98,True,1.0556993400544492,WALKING,,,SIMULATED
810.0,tag-0006,anchor-07,-119.15,0.85,True,1.0556993400544492,WALKING,,,SIMULATED
810.0,tag-0006,anchor-08,-106.33,13.67,True,1.0556993400544492,WALKING,,,SIMULATED
810.0,tag-0007,anchor-01,-93.29,26.71,True,1.0,GRAZING,,,SIMULATED
810.0,tag-0007,anchor-02,-94.5,25.5,True,1.0,GRAZING,,,SIMULATED
810.0,tag-0007,anchor-03,-126.36,-6.36,True,1.0,GRAZING,,,SIMULATED
810.0,tag-0007,anchor-04,,,False,1.0,GRAZING,,,SIMULATED
810.0,tag-0007,anchor-05,-83.42,36.58,True,1.0,GRAZING,,,SIMULATED
810.0,tag-0007,anchor-06,-107.11,12.89,True,1.0,GRAZING,,,SIMULATED
810.0,tag-0007,anchor-07,,,False,1.0,GRAZING,,,SIMULATED
810.0,tag-0007,anchor-08,-96.24,23.76,True,1.0,GRAZING,,,SIMULATED
810.0,tag-0008,anchor-01,-99.03,20.97,True,1.0,GRAZING,,,SIMULATED
810.0,tag-0008,anchor-02,-91.38,28.62,True,1.0,GRAZING,,,SIMULATED
810.0,tag-0008,anchor-03,,,False,1.0,GRAZING,,,SIMULATED
810.0,tag-0008,anchor-04,,,False,1.0,GRAZING,,,SIMULATED
810.0,tag-0008,anchor-05,-95.47,24.53,True,1.0,GRAZING,,,SIMULATED
810.0,tag-0008,anchor-06,-126.7,-6.7,True,1.0,GRAZING,,,SIMULATED
810.0,tag-0008,anchor-07,-99.94,20.06,True,1.0,GRAZING,,,SIMULATED
810.0,tag-0008,anchor-08,-95.32,24.68,True,1.0,GRAZING,,,SIMULATED
810.0,tag-0009,anchor-01,-86.76,33.24,True,1.0,GRAZING,,,SIMULATED
810.0,tag-0009,anchor-02,-97.37,22.63,True,1.0,GRAZING,,,SIMULATED
810.0,tag-0009,anchor-03,-126.19,-6.19,True,1.0,GRAZING,,,SIMULATED
810.0,tag-0009,anchor-04,-106.73,13.27,True,1.0,GRAZING,,,SIMULATED
810.0,tag-0009,anchor-05,-84.41,35.59,True,1.0,GRAZING,,,SIMULATED
810.0,tag-0009,anchor-06,-98.68,21.32,True,1.0,GRAZING,,,SIMULATED
810.0,tag-0009,anchor-07,-121.06,-1.06,True,1.0,GRAZING,,,SIMULATED
810.0,tag-0009,anchor-08,-101.77,18.23,True,1.0,GRAZING,,,SIMULATED
810.0,tag-0010,anchor-01,-95.07,24.93,True,1.0,GRAZING,,,SIMULATED
810.0,tag-0010,anchor-02,-103.51,16.49,True,1.0,GRAZING,,,SIMULATED
810.0,tag-0010,anchor-03,,,False,1.0,GRAZING,,,SIMULATED
810.0,tag-0010,anchor-04,-109.33,10.67,True,1.0,GRAZING,,,SIMULATED
810.0,tag-0010,anchor-05,-82.44,37.56,True,1.0,GRAZING,,,SIMULATED
810.0,tag-0010,anchor-06,-102.29,17.71,True,1.0,GRAZING,,,SIMULATED
810.0,tag-0010,anchor-07,-101.02,18.98,True,1.0,GRAZING,,,SIMULATED
810.0,tag-0010,anchor-08,-100.74,19.26,True,1.0,GRAZING,,,SIMULATED
810.0,tag-0011,anchor-01,-95.02,24.98,True,1.0,GRAZING,,,SIMULATED
810.0,tag-0011,anchor-02,-91.71,28.29,True,1.0,GRAZING,,,SIMULATED
810.0,tag-0011,anchor-03,-121.23,-1.23,True,1.0,GRAZING,,,SIMULATED
810.0,tag-0011,anchor-04,-105.36,14.64,True,1.0,GRAZING,,,SIMULATED
810.0,tag-0011,anchor-05,-81.0,39.0,True,1.0,GRAZING,,,SIMULATED
810.0,tag-0011,anchor-06,-92.87,27.13,True,1.0,GRAZING,,,SIMULATED
810.0,tag-0011,anchor-07,-117.84,2.16,True,1.0,GRAZING,,,SIMULATED
810.0,tag-0011,anchor-08,-99.79,20.21,True,1.0,GRAZING,,,SIMULATED
810.0,tag-0012,anchor-01,-91.96,28.04,True,1.007731910975723,WALKING,,,SIMULATED
810.0,tag-0012,anchor-02,-90.59,29.41,True,1.007731910975723,WALKING,,,SIMULATED
810.0,tag-0012,anchor-03,-111.31,8.69,True,1.007731910975723,WALKING,,,SIMULATED
810.0,tag-0012,anchor-04,-106.87,13.13,True,1.007731910975723,WALKING,,,SIMULATED
810.0,tag-0012,anchor-05,-59.79,60.21,True,1.007731910975723,WALKING,,,SIMULATED
810.0,tag-0012,anchor-06,-104.33,15.67,True,1.007731910975723,WALKING,,,SIMULATED
810.0,tag-0012,anchor-07,-117.85,2.15,True,1.007731910975723,WALKING,,,SIMULATED
810.0,tag-0012,anchor-08,-108.04,11.96,True,1.007731910975723,WALKING,,,SIMULATED
810.0,tag-0013,anchor-01,,,False,1.0,GRAZING,,,SIMULATED
810.0,tag-0013,anchor-02,-98.02,21.98,True,1.0,GRAZING,,,SIMULATED
810.0,tag-0013,anchor-03,,,False,1.0,GRAZING,,,SIMULATED
810.0,tag-0013,anchor-04,-103.45,16.55,True,1.0,GRAZING,,,SIMULATED
810.0,tag-0013,anchor-05,-90.9,29.1,True,1.0,GRAZING,,,SIMULATED
810.0,tag-0013,anchor-06,,,False,1.0,GRAZING,,,SIMULATED
810.0,tag-0013,anchor-07,-96.15,23.85,True,1.0,GRAZING,,,SIMULATED
810.0,tag-0013,anchor-08,-88.47,31.53,True,1.0,GRAZING,,,SIMULATED
810.0,tag-0014,anchor-01,-86.91,33.09,True,1.0,WALKING,,,SIMULATED
810.0,tag-0014,anchor-02,-94.45,25.55,True,1.0,WALKING,,,SIMULATED
810.0,tag-0014,anchor-03,-125.55,-5.55,True,1.0,WALKING,,,SIMULATED
810.0,tag-0014,anchor-04,-112.25,7.75,True,1.0,WALKING,,,SIMULATED
810.0,tag-0014,anchor-05,-87.44,32.56,True,1.0,WALKING,,,SIMULATED
810.0,tag-0014,anchor-06,-99.88,20.12,True,1.0,WALKING,,,SIMULATED
810.0,tag-0014,anchor-07,-119.99,0.01,True,1.0,WALKING,,,SIMULATED
810.0,tag-0014,anchor-08,-97.64,22.36,True,1.0,WALKING,,,SIMULATED
810.0,tag-0015,anchor-01,-93.97,26.03,True,1.0,GRAZING,,,SIMULATED
810.0,tag-0015,anchor-02,-93.68,26.32,True,1.0,GRAZING,,,SIMULATED
810.0,tag-0015,anchor-03,,,False,1.0,GRAZING,,,SIMULATED
810.0,tag-0015,anchor-04,-111.95,8.05,True,1.0,GRAZING,,,SIMULATED
810.0,tag-0015,anchor-05,-83.41,36.59,True,1.0,GRAZING,,,SIMULATED
810.0,tag-0015,anchor-06,-100.79,19.21,True,1.0,GRAZING,,,SIMULATED
810.0,tag-0015,anchor-07,-100.38,19.62,True,1.0,GRAZING,,,SIMULATED
810.0,tag-0015,anchor-08,-98.98,21.02,True,1.0,GRAZING,,,SIMULATED
810.0,tag-0016,anchor-01,-85.18,34.82,True,1.01106680966659,GRAZING,,,SIMULATED
810.0,tag-0016,anchor-02,-94.57,25.43,True,1.01106680966659,GRAZING,,,SIMULATED
810.0,tag-0016,anchor-03,,,False,1.01106680966659,GRAZING,,,SIMULATED
810.0,tag-0016,anchor-04,-105.73,14.27,True,1.01106680966659,GRAZING,,,SIMULATED
810.0,tag-0016,anchor-05,-79.57,40.43,True,1.01106680966659,GRAZING,,,SIMULATED
810.0,tag-0016,anchor-06,-99.92,20.08,True,1.01106680966659,GRAZING,,,SIMULATED
810.0,tag-0016,anchor-07,,,False,1.01106680966659,GRAZING,,,SIMULATED
810.0,tag-0016,anchor-08,-114.67,5.33,True,1.01106680966659,GRAZING,,,SIMULATED
810.0,tag-0017,anchor-01,-93.84,26.16,True,1.0,GRAZING,,,SIMULATED
810.0,tag-0017,anchor-02,-90.11,29.89,True,1.0,GRAZING,,,SIMULATED
810.0,tag-0017,anchor-03,,,False,1.0,GRAZING,,,SIMULATED
810.0,tag-0017,anchor-04,-107.13,12.87,True,1.0,GRAZING,,,SIMULATED
810.0,tag-0017,anchor-05,-85.65,34.35,True,1.0,GRAZING,,,SIMULATED
810.0,tag-0017,anchor-06,-106.86,13.14,True,1.0,GRAZING,,,SIMULATED
810.0,tag-0017,anchor-07,-121.61,-1.61,True,1.0,GRAZING,,,SIMULATED
810.0,tag-0017,anchor-08,,,False,1.0,GRAZING,,,SIMULATED
810.0,tag-0018,anchor-01,-80.39,39.61,True,1.0,GRAZING,,,SIMULATED
810.0,tag-0018,anchor-02,-93.47,26.53,True,1.0,GRAZING,,,SIMULATED
810.0,tag-0018,anchor-03,-126.69,-6.69,True,1.0,GRAZING,,,SIMULATED
810.0,tag-0018,anchor-04,-115.39,4.61,True,1.0,GRAZING,,,SIMULATED
810.0,tag-0018,anchor-05,-85.48,34.52,True,1.0,GRAZING,,,SIMULATED
810.0,tag-0018,anchor-06,-93.74,26.26,True,1.0,GRAZING,,,SIMULATED
810.0,tag-0018,anchor-07,-99.54,20.46,True,1.0,GRAZING,,,SIMULATED
810.0,tag-0018,anchor-08,-95.5,24.5,True,1.0,GRAZING,,,SIMULATED
810.0,tag-0019,anchor-01,-89.59,30.41,True,1.005172613828621,GRAZING,,,SIMULATED
810.0,tag-0019,anchor-02,,,False,1.005172613828621,GRAZING,,,SIMULATED
810.0,tag-0019,anchor-03,,,False,1.005172613828621,GRAZING,,,SIMULATED
810.0,tag-0019,anchor-04,-99.12,20.88,True,1.005172613828621,GRAZING,,,SIMULATED
810.0,tag-0019,anchor-05,-80.89,39.11,True,1.005172613828621,GRAZING,,,SIMULATED
810.0,tag-0019,anchor-06,-100.72,19.28,True,1.005172613828621,GRAZING,,,SIMULATED
810.0,tag-0019,anchor-07,-114.31,5.69,True,1.005172613828621,GRAZING,,,SIMULATED
810.0,tag-0019,anchor-08,-97.1,22.9,True,1.005172613828621,GRAZING,,,SIMULATED
810.0,tag-0020,anchor-01,-94.6,25.4,True,1.0231134384383958,GRAZING,,,SIMULATED
810.0,tag-0020,anchor-02,-95.84,24.16,True,1.0231134384383958,GRAZING,,,SIMULATED
810.0,tag-0020,anchor-03,,,False,1.0231134384383958,GRAZING,,,SIMULATED
810.0,tag-0020,anchor-04,-111.24,8.76,True,1.0231134384383958,GRAZING,,,SIMULATED
810.0,tag-0020,anchor-05,-77.57,42.43,True,1.0231134384383958,GRAZING,,,SIMULATED
810.0,tag-0020,anchor-06,-105.8,14.2,True,1.0231134384383958,GRAZING,,,SIMULATED
810.0,tag-0020,anchor-07,-99.62,20.38,True,1.0231134384383958,GRAZING,,,SIMULATED
810.0,tag-0020,anchor-08,-101.77,18.23,True,1.0231134384383958,GRAZING,,,SIMULATED
840.0,tag-0001,anchor-01,-88.63,31.37,True,1.0120051250132944,GRAZING,,,SIMULATED
840.0,tag-0001,anchor-02,-91.48,28.52,True,1.0120051250132944,GRAZING,,,SIMULATED
840.0,tag-0001,anchor-03,,,False,1.0120051250132944,GRAZING,,,SIMULATED
840.0,tag-0001,anchor-04,-100.05,19.95,True,1.0120051250132944,GRAZING,,,SIMULATED
840.0,tag-0001,anchor-05,-81.63,38.37,True,1.0120051250132944,GRAZING,,,SIMULATED
840.0,tag-0001,anchor-06,-102.58,17.42,True,1.0120051250132944,GRAZING,,,SIMULATED
840.0,tag-0001,anchor-07,-116.46,3.54,True,1.0120051250132944,GRAZING,,,SIMULATED
840.0,tag-0001,anchor-08,-98.18,21.82,True,1.0120051250132944,GRAZING,,,SIMULATED
840.0,tag-0002,anchor-01,,,False,1.0021536869061498,WALKING,,,SIMULATED
840.0,tag-0002,anchor-02,-92.62,27.38,True,1.0021536869061498,WALKING,,,SIMULATED
840.0,tag-0002,anchor-03,-124.65,-4.65,True,1.0021536869061498,WALKING,,,SIMULATED
840.0,tag-0002,anchor-04,-105.97,14.03,True,1.0021536869061498,WALKING,,,SIMULATED
840.0,tag-0002,anchor-05,-87.08,32.92,True,1.0021536869061498,WALKING,,,SIMULATED
840.0,tag-0002,anchor-06,-124.53,-4.53,True,1.0021536869061498,WALKING,,,SIMULATED
840.0,tag-0002,anchor-07,-122.78,-2.78,True,1.0021536869061498,WALKING,,,SIMULATED
840.0,tag-0002,anchor-08,-105.38,14.62,True,1.0021536869061498,WALKING,,,SIMULATED
840.0,tag-0003,anchor-01,-92.95,27.05,True,1.0,GRAZING,,,SIMULATED
840.0,tag-0003,anchor-02,-97.11,22.89,True,1.0,GRAZING,,,SIMULATED
840.0,tag-0003,anchor-03,-123.74,-3.74,True,1.0,GRAZING,,,SIMULATED
840.0,tag-0003,anchor-04,,,False,1.0,GRAZING,,,SIMULATED
840.0,tag-0003,anchor-05,-88.18,31.82,True,1.0,GRAZING,,,SIMULATED
840.0,tag-0003,anchor-06,-96.79,23.21,True,1.0,GRAZING,,,SIMULATED
840.0,tag-0003,anchor-07,-117.29,2.71,True,1.0,GRAZING,,,SIMULATED
840.0,tag-0003,anchor-08,-99.57,20.43,True,1.0,GRAZING,,,SIMULATED
840.0,tag-0004,anchor-01,-92.76,27.24,True,1.024173258012005,GRAZING,,,SIMULATED
840.0,tag-0004,anchor-02,-101.18,18.82,True,1.024173258012005,GRAZING,,,SIMULATED
840.0,tag-0004,anchor-03,-124.1,-4.1,True,1.024173258012005,GRAZING,,,SIMULATED
840.0,tag-0004,anchor-04,-98.32,21.68,True,1.024173258012005,GRAZING,,,SIMULATED
840.0,tag-0004,anchor-05,-83.64,36.36,True,1.024173258012005,GRAZING,,,SIMULATED
840.0,tag-0004,anchor-06,-103.48,16.52,True,1.024173258012005,GRAZING,,,SIMULATED
840.0,tag-0004,anchor-07,-120.66,-0.66,True,1.024173258012005,GRAZING,,,SIMULATED
840.0,tag-0004,anchor-08,-97.74,22.26,True,1.024173258012005,GRAZING,,,SIMULATED
840.0,tag-0005,anchor-01,-90.47,29.53,True,1.0,WALKING,,,SIMULATED
840.0,tag-0005,anchor-02,-90.89,29.11,True,1.0,WALKING,,,SIMULATED
840.0,tag-0005,anchor-03,-112.26,7.74,True,1.0,WALKING,,,SIMULATED
840.0,tag-0005,anchor-04,-108.03,11.97,True,1.0,WALKING,,,SIMULATED
840.0,tag-0005,anchor-05,-69.79,50.21,True,1.0,WALKING,,,SIMULATED
840.0,tag-0005,anchor-06,-101.46,18.54,True,1.0,WALKING,,,SIMULATED
840.0,tag-0005,anchor-07,-120.59,-0.59,True,1.0,WALKING,,,SIMULATED
840.0,tag-0005,anchor-08,-97.97,22.03,True,1.0,WALKING,,,SIMULATED
840.0,tag-0006,anchor-01,-108.9,11.1,True,1.0100150646747765,WALKING,,,SIMULATED
840.0,tag-0006,anchor-02,-93.46,26.54,True,1.0100150646747765,WALKING,,,SIMULATED
840.0,tag-0006,anchor-03,,,False,1.0100150646747765,WALKING,,,SIMULATED
840.0,tag-0006,anchor-04,-106.24,13.76,True,1.0100150646747765,WALKING,,,SIMULATED
840.0,tag-0006,anchor-05,-78.95,41.05,True,1.0100150646747765,WALKING,,,SIMULATED
840.0,tag-0006,anchor-06,-108.07,11.93,True,1.0100150646747765,WALKING,,,SIMULATED
840.0,tag-0006,anchor-07,-117.92,2.08,True,1.0100150646747765,WALKING,,,SIMULATED
840.0,tag-0006,anchor-08,-102.63,17.37,True,1.0100150646747765,WALKING,,,SIMULATED
840.0,tag-0007,anchor-01,-89.1,30.9,True,1.0173274298419288,GRAZING,,,SIMULATED
840.0,tag-0007,anchor-02,-95.05,24.95,True,1.0173274298419288,GRAZING,,,SIMULATED
840.0,tag-0007,anchor-03,-122.76,-2.76,True,1.0173274298419288,GRAZING,,,SIMULATED
840.0,tag-0007,anchor-04,-105.91,14.09,True,1.0173274298419288,GRAZING,,,SIMULATED
840.0,tag-0007,anchor-05,-87.16,32.84,True,1.0173274298419288,GRAZING,,,SIMULATED
840.0,tag-0007,anchor-06,-97.45,22.55,True,1.0173274298419288,GRAZING,,,SIMULATED
840.0,tag-0007,anchor-07,-126.44,-6.44,True,1.0173274298419288,GRAZING,,,SIMULATED
840.0,tag-0007,anchor-08,,,False,1.0173274298419288,GRAZING,,,SIMULATED
840.0,tag-0008,anchor-01,-95.81,24.19,True,1.0,GRAZING,,,SIMULATED
840.0,tag-0008,anchor-02,-90.55,29.45,True,1.0,GRAZING,,,SIMULATED
840.0,tag-0008,anchor-03,,,False,1.0,GRAZING,,,SIMULATED
840.0,tag-0008,anchor-04,-101.28,18.72,True,1.0,GRAZING,,,SIMULATED
840.0,tag-0008,anchor-05,-97.0,23.0,True,1.0,GRAZING,,,SIMULATED
840.0,tag-0008,anchor-06,-121.41,-1.41,True,1.0,GRAZING,,,SIMULATED
840.0,tag-0008,anchor-07,-101.62,18.38,True,1.0,GRAZING,,,SIMULATED
840.0,tag-0008,anchor-08,-95.01,24.99,True,1.0,GRAZING,,,SIMULATED
840.0,tag-0009,anchor-01,-83.81,36.19,True,1.0132248290152839,GRAZING,,,SIMULATED
840.0,tag-0009,anchor-02,-93.18,26.82,True,1.0132248290152839,GRAZING,,,SIMULATED
840.0,tag-0009,anchor-03,-123.39,-3.39,True,1.0132248290152839,GRAZING,,,SIMULATED
840.0,tag-0009,anchor-04,-101.34,18.66,True,1.0132248290152839,GRAZING,,,SIMULATED
840.0,tag-0009,anchor-05,-81.84,38.16,True,1.0132248290152839,GRAZING,,,SIMULATED
840.0,tag-0009,anchor-06,-100.29,19.71,True,1.0132248290152839,GRAZING,,,SIMULATED
840.0,tag-0009,anchor-07,,,False,1.0132248290152839,GRAZING,,,SIMULATED
840.0,tag-0009,anchor-08,-102.16,17.84,True,1.0132248290152839,GRAZING,,,SIMULATED
840.0,tag-0010,anchor-01,-98.01,21.99,True,1.0,GRAZING,,,SIMULATED
840.0,tag-0010,anchor-02,-107.67,12.33,True,1.0,GRAZING,,,SIMULATED
840.0,tag-0010,anchor-03,,,False,1.0,GRAZING,,,SIMULATED
840.0,tag-0010,anchor-04,-105.55,14.45,True,1.0,GRAZING,,,SIMULATED
840.0,tag-0010,anchor-05,-88.0,32.0,True,1.0,GRAZING,,,SIMULATED
840.0,tag-0010,anchor-06,-105.92,14.08,True,1.0,GRAZING,,,SIMULATED
840.0,tag-0010,anchor-07,-102.41,17.59,True,1.0,GRAZING,,,SIMULATED
840.0,tag-0010,anchor-08,-102.79,17.21,True,1.0,GRAZING,,,SIMULATED
840.0,tag-0011,anchor-01,-94.28,25.72,True,1.0153545855188786,GRAZING,,,SIMULATED
840.0,tag-0011,anchor-02,-96.23,23.77,True,1.0153545855188786,GRAZING,,,SIMULATED
840.0,tag-0011,anchor-03,-124.03,-4.03,True,1.0153545855188786,GRAZING,,,SIMULATED
840.0,tag-0011,anchor-04,-100.88,19.12,True,1.0153545855188786,GRAZING,,,SIMULATED
840.0,tag-0011,anchor-05,-88.36,31.64,True,1.0153545855188786,GRAZING,,,SIMULATED
840.0,tag-0011,anchor-06,-97.48,22.52,True,1.0153545855188786,GRAZING,,,SIMULATED
840.0,tag-0011,anchor-07,-117.24,2.76,True,1.0153545855188786,GRAZING,,,SIMULATED
840.0,tag-0011,anchor-08,-101.84,18.16,True,1.0153545855188786,GRAZING,,,SIMULATED
840.0,tag-0012,anchor-01,-93.15,26.85,True,1.0043635675188727,WALKING,,,SIMULATED
840.0,tag-0012,anchor-02,-94.73,25.27,True,1.0043635675188727,WALKING,,,SIMULATED
840.0,tag-0012,anchor-03,-112.6,7.4,True,1.0043635675188727,WALKING,,,SIMULATED
840.0,tag-0012,anchor-04,,,False,1.0043635675188727,WALKING,,,SIMULATED
840.0,tag-0012,anchor-05,-54.52,65.48,True,1.0043635675188727,WALKING,,,SIMULATED
840.0,tag-0012,anchor-06,-101.91,18.09,True,1.0043635675188727,WALKING,,,SIMULATED
840.0,tag-0012,anchor-07,-119.26,0.74,True,1.0043635675188727,WALKING,,,SIMULATED
840.0,tag-0012,anchor-08,-107.29,12.71,True,1.0043635675188727,WALKING,,,SIMULATED
840.0,tag-0013,anchor-01,-102.11,17.89,True,1.0,GRAZING,,,SIMULATED
840.0,tag-0013,anchor-02,-93.46,26.54,True,1.0,GRAZING,,,SIMULATED
840.0,tag-0013,anchor-03,,,False,1.0,GRAZING,,,SIMULATED
840.0,tag-0013,anchor-04,-104.43,15.57,True,1.0,GRAZING,,,SIMULATED
840.0,tag-0013,anchor-05,-83.28,36.72,True,1.0,GRAZING,,,SIMULATED
840.0,tag-0013,anchor-06,,,False,1.0,GRAZING,,,SIMULATED
840.0,tag-0013,anchor-07,-93.49,26.51,True,1.0,GRAZING,,,SIMULATED
840.0,tag-0013,anchor-08,-92.78,27.22,True,1.0,GRAZING,,,SIMULATED
840.0,tag-0014,anchor-01,-88.14,31.86,True,1.0110220264915382,WALKING,,,SIMULATED
840.0,tag-0014,anchor-02,-101.87,18.13,True,1.0110220264915382,WALKING,,,SIMULATED
840.0,tag-0014,anchor-03,,,False,1.0110220264915382,WALKING,,,SIMULATED
840.0,tag-0014,anchor-04,-109.24,10.76,True,1.0110220264915382,WALKING,,,SIMULATED
840.0,tag-0014,anchor-05,-80.96,39.04,True,1.0110220264915382,WALKING,,,SIMULATED
840.0,tag-0014,anchor-06,-95.21,24.79,True,1.0110220264915382,WALKING,,,SIMULATED
840.0,tag-0014,anchor-07,-123.42,-3.42,True,1.0110220264915382,WALKING,,,SIMULATED
840.0,tag-0014,anchor-08,-100.37,19.63,True,1.0110220264915382,WALKING,,,SIMULATED
840.0,tag-0015,anchor-01,-93.72,26.28,True,1.0,GRAZING,,,SIMULATED
840.0,tag-0015,anchor-02,-98.53,21.47,True,1.0,GRAZING,,,SIMULATED
840.0,tag-0015,anchor-03,,,False,1.0,GRAZING,,,SIMULATED
840.0,tag-0015,anchor-04,-110.37,9.63,True,1.0,GRAZING,,,SIMULATED
840.0,tag-0015,anchor-05,-82.18,37.82,True,1.0,GRAZING,,,SIMULATED
840.0,tag-0015,anchor-06,-105.15,14.85,True,1.0,GRAZING,,,SIMULATED
840.0,tag-0015,anchor-07,-97.21,22.79,True,1.0,GRAZING,,,SIMULATED
840.0,tag-0015,anchor-08,-98.18,21.82,True,1.0,GRAZING,,,SIMULATED
840.0,tag-0016,anchor-01,,,False,1.0215822947769386,GRAZING,,,SIMULATED
840.0,tag-0016,anchor-02,-88.42,31.58,True,1.0215822947769386,GRAZING,,,SIMULATED
840.0,tag-0016,anchor-03,,,False,1.0215822947769386,GRAZING,,,SIMULATED
840.0,tag-0016,anchor-04,,,False,1.0215822947769386,GRAZING,,,SIMULATED
840.0,tag-0016,anchor-05,-78.73,41.27,True,1.0215822947769386,GRAZING,,,SIMULATED
840.0,tag-0016,anchor-06,-93.56,26.44,True,1.0215822947769386,GRAZING,,,SIMULATED
840.0,tag-0016,anchor-07,,,False,1.0215822947769386,GRAZING,,,SIMULATED
840.0,tag-0016,anchor-08,,,False,1.0215822947769386,GRAZING,,,SIMULATED
840.0,tag-0017,anchor-01,,,False,1.0,GRAZING,,,SIMULATED
840.0,tag-0017,anchor-02,-92.2,27.8,True,1.0,GRAZING,,,SIMULATED
840.0,tag-0017,anchor-03,-125.97,-5.97,True,1.0,GRAZING,,,SIMULATED
840.0,tag-0017,anchor-04,-105.0,15.0,True,1.0,GRAZING,,,SIMULATED
840.0,tag-0017,anchor-05,-87.43,32.57,True,1.0,GRAZING,,,SIMULATED
840.0,tag-0017,anchor-06,-101.52,18.48,True,1.0,GRAZING,,,SIMULATED
840.0,tag-0017,anchor-07,-119.51,0.49,True,1.0,GRAZING,,,SIMULATED
840.0,tag-0017,anchor-08,-95.23,24.77,True,1.0,GRAZING,,,SIMULATED
840.0,tag-0018,anchor-01,-85.78,34.22,True,1.0,GRAZING,,,SIMULATED
840.0,tag-0018,anchor-02,-89.2,30.8,True,1.0,GRAZING,,,SIMULATED
840.0,tag-0018,anchor-03,,,False,1.0,GRAZING,,,SIMULATED
840.0,tag-0018,anchor-04,-116.22,3.78,True,1.0,GRAZING,,,SIMULATED
840.0,tag-0018,anchor-05,-80.48,39.52,True,1.0,GRAZING,,,SIMULATED
840.0,tag-0018,anchor-06,-100.9,19.1,True,1.0,GRAZING,,,SIMULATED
840.0,tag-0018,anchor-07,-103.88,16.12,True,1.0,GRAZING,,,SIMULATED
840.0,tag-0018,anchor-08,,,False,1.0,GRAZING,,,SIMULATED
840.0,tag-0019,anchor-01,-92.04,27.96,True,1.005401688082653,GRAZING,,,SIMULATED
840.0,tag-0019,anchor-02,-88.3,31.7,True,1.005401688082653,GRAZING,,,SIMULATED
840.0,tag-0019,anchor-03,,,False,1.005401688082653,GRAZING,,,SIMULATED
840.0,tag-0019,anchor-04,,,False,1.005401688082653,GRAZING,,,SIMULATED
840.0,tag-0019,anchor-05,-81.01,38.99,True,1.005401688082653,GRAZING,,,SIMULATED
840.0,tag-0019,anchor-06,-102.01,17.99,True,1.005401688082653,GRAZING,,,SIMULATED
840.0,tag-0019,anchor-07,-112.13,7.87,True,1.005401688082653,GRAZING,,,SIMULATED
840.0,tag-0019,anchor-08,-98.72,21.28,True,1.005401688082653,GRAZING,,,SIMULATED
840.0,tag-0020,anchor-01,-88.2,31.8,True,1.0,GRAZING,,,SIMULATED
840.0,tag-0020,anchor-02,-98.97,21.03,True,1.0,GRAZING,,,SIMULATED
840.0,tag-0020,anchor-03,-125.39,-5.39,True,1.0,GRAZING,,,SIMULATED
840.0,tag-0020,anchor-04,-113.91,6.09,True,1.0,GRAZING,,,SIMULATED
840.0,tag-0020,anchor-05,-81.7,38.3,True,1.0,GRAZING,,,SIMULATED
840.0,tag-0020,anchor-06,-105.49,14.51,True,1.0,GRAZING,,,SIMULATED
840.0,tag-0020,anchor-07,-101.53,18.47,True,1.0,GRAZING,,,SIMULATED
840.0,tag-0020,anchor-08,-101.33,18.67,True,1.0,GRAZING,,,SIMULATED
870.0,tag-0001,anchor-01,-95.38,24.62,True,1.0,GRAZING,,,SIMULATED
870.0,tag-0001,anchor-02,-84.17,35.83,True,1.0,GRAZING,,,SIMULATED
870.0,tag-0001,anchor-03,,,False,1.0,GRAZING,,,SIMULATED
870.0,tag-0001,anchor-04,-105.49,14.51,True,1.0,GRAZING,,,SIMULATED
870.0,tag-0001,anchor-05,-79.77,40.23,True,1.0,GRAZING,,,SIMULATED
870.0,tag-0001,anchor-06,-99.36,20.64,True,1.0,GRAZING,,,SIMULATED
870.0,tag-0001,anchor-07,-116.2,3.8,True,1.0,GRAZING,,,SIMULATED
870.0,tag-0001,anchor-08,-101.6,18.4,True,1.0,GRAZING,,,SIMULATED
870.0,tag-0002,anchor-01,-93.32,26.68,True,1.0,WALKING,,,SIMULATED
870.0,tag-0002,anchor-02,-92.37,27.63,True,1.0,WALKING,,,SIMULATED
870.0,tag-0002,anchor-03,,,False,1.0,WALKING,,,SIMULATED
870.0,tag-0002,anchor-04,-109.26,10.74,True,1.0,WALKING,,,SIMULATED
870.0,tag-0002,anchor-05,-85.99,34.01,True,1.0,WALKING,,,SIMULATED
870.0,tag-0002,anchor-06,-122.8,-2.8,True,1.0,WALKING,,,SIMULATED
870.0,tag-0002,anchor-07,-121.03,-1.03,True,1.0,WALKING,,,SIMULATED
870.0,tag-0002,anchor-08,-106.27,13.73,True,1.0,WALKING,,,SIMULATED
870.0,tag-0003,anchor-01,-92.84,27.16,True,1.0086862738466251,GRAZING,,,SIMULATED
870.0,tag-0003,anchor-02,-102.97,17.03,True,1.0086862738466251,GRAZING,,,SIMULATED
870.0,tag-0003,anchor-03,,,False,1.0086862738466251,GRAZING,,,SIMULATED
870.0,tag-0003,anchor-04,-97.2,22.8,True,1.0086862738466251,GRAZING,,,SIMULATED
870.0,tag-0003,anchor-05,-91.38,28.62,True,1.0086862738466251,GRAZING,,,SIMULATED
870.0,tag-0003,anchor-06,-97.32,22.68,True,1.0086862738466251,GRAZING,,,SIMULATED
870.0,tag-0003,anchor-07,,,False,1.0086862738466251,GRAZING,,,SIMULATED
870.0,tag-0003,anchor-08,-94.09,25.91,True,1.0086862738466251,GRAZING,,,SIMULATED
870.0,tag-0004,anchor-01,-96.01,23.99,True,1.014929138616768,GRAZING,,,SIMULATED
870.0,tag-0004,anchor-02,-97.68,22.32,True,1.014929138616768,GRAZING,,,SIMULATED
870.0,tag-0004,anchor-03,,,False,1.014929138616768,GRAZING,,,SIMULATED
870.0,tag-0004,anchor-04,-101.11,18.89,True,1.014929138616768,GRAZING,,,SIMULATED
870.0,tag-0004,anchor-05,-81.65,38.35,True,1.014929138616768,GRAZING,,,SIMULATED
870.0,tag-0004,anchor-06,,,False,1.014929138616768,GRAZING,,,SIMULATED
870.0,tag-0004,anchor-07,-120.55,-0.55,True,1.014929138616768,GRAZING,,,SIMULATED
870.0,tag-0004,anchor-08,-102.18,17.82,True,1.014929138616768,GRAZING,,,SIMULATED
870.0,tag-0005,anchor-01,-93.39,26.61,True,1.0032485824670128,WALKING,,,SIMULATED
870.0,tag-0005,anchor-02,-84.4,35.6,True,1.0032485824670128,WALKING,,,SIMULATED
870.0,tag-0005,anchor-03,-112.75,7.25,True,1.0032485824670128,WALKING,,,SIMULATED
870.0,tag-0005,anchor-04,-103.98,16.02,True,1.0032485824670128,WALKING,,,SIMULATED
870.0,tag-0005,anchor-05,-76.12,43.88,True,1.0032485824670128,WALKING,,,SIMULATED
870.0,tag-0005,anchor-06,-95.75,24.25,True,1.0032485824670128,WALKING,,,SIMULATED
870.0,tag-0005,anchor-07,-115.03,4.97,True,1.0032485824670128,WALKING,,,SIMULATED
870.0,tag-0005,anchor-08,-94.94,25.06,True,1.0032485824670128,WALKING,,,SIMULATED
870.0,tag-0006,anchor-01,-99.34,20.66,True,1.0,WALKING,,,SIMULATED
870.0,tag-0006,anchor-02,-93.3,26.7,True,1.0,WALKING,,,SIMULATED
870.0,tag-0006,anchor-03,-123.42,-3.42,True,1.0,WALKING,,,SIMULATED
870.0,tag-0006,anchor-04,-107.05,12.95,True,1.0,WALKING,,,SIMULATED
870.0,tag-0006,anchor-05,-86.64,33.36,True,1.0,WALKING,,,SIMULATED
870.0,tag-0006,anchor-06,-101.1,18.9,True,1.0,WALKING,,,SIMULATED
870.0,tag-0006,anchor-07,-116.76,3.24,True,1.0,WALKING,,,SIMULATED
870.0,tag-0006,anchor-08,-103.62,16.38,True,1.0,WALKING,,,SIMULATED
870.0,tag-0007,anchor-01,-86.84,33.16,True,1.0129979776008904,GRAZING,,,SIMULATED
870.0,tag-0007,anchor-02,-97.07,22.93,True,1.0129979776008904,GRAZING,,,SIMULATED
870.0,tag-0007,anchor-03,-124.42,-4.42,True,1.0129979776008904,GRAZING,,,SIMULATED
870.0,tag-0007,anchor-04,-108.05,11.95,True,1.0129979776008904,GRAZING,,,SIMULATED
870.0,tag-0007,anchor-05,-89.87,30.13,True,1.0129979776008904,GRAZING,,,SIMULATED
870.0,tag-0007,anchor-06,-102.38,17.62,True,1.0129979776008904,GRAZING,,,SIMULATED
870.0,tag-0007,anchor-07,-122.95,-2.95,True,1.0129979776008904,GRAZING,,,SIMULATED
870.0,tag-0007,anchor-08,-105.92,14.08,True,1.0129979776008904,GRAZING,,,SIMULATED
870.0,tag-0008,anchor-01,,,False,1.0160731866034822,RESTING,,,SIMULATED
870.0,tag-0008,anchor-02,-88.27,31.73,True,1.0160731866034822,RESTING,,,SIMULATED
870.0,tag-0008,anchor-03,,,False,1.0160731866034822,RESTING,,,SIMULATED
870.0,tag-0008,anchor-04,-101.56,18.44,True,1.0160731866034822,RESTING,,,SIMULATED
870.0,tag-0008,anchor-05,-92.8,27.2,True,1.0160731866034822,RESTING,,,SIMULATED
870.0,tag-0008,anchor-06,-123.08,-3.08,True,1.0160731866034822,RESTING,,,SIMULATED
870.0,tag-0008,anchor-07,-98.99,21.01,True,1.0160731866034822,RESTING,,,SIMULATED
870.0,tag-0008,anchor-08,-95.64,24.36,True,1.0160731866034822,RESTING,,,SIMULATED
870.0,tag-0009,anchor-01,-91.09,28.91,True,1.010076011406842,GRAZING,,,SIMULATED
870.0,tag-0009,anchor-02,,,False,1.010076011406842,GRAZING,,,SIMULATED
870.0,tag-0009,anchor-03,-126.33,-6.33,True,1.010076011406842,GRAZING,,,SIMULATED
870.0,tag-0009,anchor-04,-103.88,16.12,True,1.010076011406842,GRAZING,,,SIMULATED
870.0,tag-0009,anchor-05,-82.28,37.72,True,1.010076011406842,GRAZING,,,SIMULATED
870.0,tag-0009,anchor-06,-91.17,28.83,True,1.010076011406842,GRAZING,,,SIMULATED
870.0,tag-0009,anchor-07,-122.93,-2.93,True,1.010076011406842,GRAZING,,,SIMULATED
870.0,tag-0009,anchor-08,-97.81,22.19,True,1.010076011406842,GRAZING,,,SIMULATED
870.0,tag-0010,anchor-01,-101.23,18.77,True,1.0,GRAZING,,,SIMULATED
870.0,tag-0010,anchor-02,-111.39,8.61,True,1.0,GRAZING,,,SIMULATED
870.0,tag-0010,anchor-03,,,False,1.0,GRAZING,,,SIMULATED
870.0,tag-0010,anchor-04,-107.29,12.71,True,1.0,GRAZING,,,SIMULATED
870.0,tag-0010,anchor-05,-88.13,31.87,True,1.0,GRAZING,,,SIMULATED
870.0,tag-0010,anchor-06,-108.64,11.36,True,1.0,GRAZING,,,SIMULATED
870.0,tag-0010,anchor-07,-102.56,17.44,True,1.0,GRAZING,,,SIMULATED
870.0,tag-0010,anchor-08,-105.65,14.35,True,1.0,GRAZING,,,SIMULATED
870.0,tag-0011,anchor-01,-96.01,23.99,True,1.0059161885623593,GRAZING,,,SIMULATED
870.0,tag-0011,anchor-02,-94.26,25.74,True,1.0059161885623593,GRAZING,,,SIMULATED
870.0,tag-0011,anchor-03,-122.24,-2.24,True,1.0059161885623593,GRAZING,,,SIMULATED
870.0,tag-0011,anchor-04,-104.75,15.25,True,1.0059161885623593,GRAZING,,,SIMULATED
870.0,tag-0011,anchor-05,-80.72,39.28,True,1.0059161885623593,GRAZING,,,SIMULATED
870.0,tag-0011,anchor-06,-93.56,26.44,True,1.0059161885623593,GRAZING,,,SIMULATED
870.0,tag-0011,anchor-07,-119.37,0.63,True,1.0059161885623593,GRAZING,,,SIMULATED
870.0,tag-0011,anchor-08,-98.2,21.8,True,1.0059161885623593,GRAZING,,,SIMULATED
870.0,tag-0012,anchor-01,-94.23,25.77,True,1.0119335903461129,WALKING,,,SIMULATED
870.0,tag-0012,anchor-02,-96.47,23.53,True,1.0119335903461129,WALKING,,,SIMULATED
870.0,tag-0012,anchor-03,-107.44,12.56,True,1.0119335903461129,WALKING,,,SIMULATED
870.0,tag-0012,anchor-04,-104.5,15.5,True,1.0119335903461129,WALKING,,,SIMULATED
870.0,tag-0012,anchor-05,,,False,1.0119335903461129,WALKING,,,SIMULATED
870.0,tag-0012,anchor-06,-102.88,17.12,True,1.0119335903461129,WALKING,,,SIMULATED
870.0,tag-0012,anchor-07,-115.92,4.08,True,1.0119335903461129,WALKING,,,SIMULATED
870.0,tag-0012,anchor-08,-107.05,12.95,True,1.0119335903461129,WALKING,,,SIMULATED
870.0,tag-0013,anchor-01,-103.67,16.33,True,1.0,GRAZING,,,SIMULATED
870.0,tag-0013,anchor-02,-95.92,24.08,True,1.0,GRAZING,,,SIMULATED
870.0,tag-0013,anchor-03,,,False,1.0,GRAZING,,,SIMULATED
870.0,tag-0013,anchor-04,-103.48,16.52,True,1.0,GRAZING,,,SIMULATED
870.0,tag-0013,anchor-05,-84.57,35.43,True,1.0,GRAZING,,,SIMULATED
870.0,tag-0013,anchor-06,-122.99,-2.99,True,1.0,GRAZING,,,SIMULATED
870.0,tag-0013,anchor-07,-95.73,24.27,True,1.0,GRAZING,,,SIMULATED
870.0,tag-0013,anchor-08,-94.27,25.73,True,1.0,GRAZING,,,SIMULATED
870.0,tag-0014,anchor-01,-84.32,35.68,True,1.0,WALKING,,,SIMULATED
870.0,tag-0014,anchor-02,-96.35,23.65,True,1.0,WALKING,,,SIMULATED
870.0,tag-0014,anchor-03,,,False,1.0,WALKING,,,SIMULATED
870.0,tag-0014,anchor-04,,,False,1.0,WALKING,,,SIMULATED
870.0,tag-0014,anchor-05,-84.21,35.79,True,1.0,WALKING,,,SIMULATED
870.0,tag-0014,anchor-06,-101.8,18.2,True,1.0,WALKING,,,SIMULATED
870.0,tag-0014,anchor-07,-118.76,1.24,True,1.0,WALKING,,,SIMULATED
870.0,tag-0014,anchor-08,-99.62,20.38,True,1.0,WALKING,,,SIMULATED
870.0,tag-0015,anchor-01,,,False,1.008082693891492,GRAZING,,,SIMULATED
870.0,tag-0015,anchor-02,-101.47,18.53,True,1.008082693891492,GRAZING,,,SIMULATED
870.0,tag-0015,anchor-03,,,False,1.008082693891492,GRAZING,,,SIMULATED
870.0,tag-0015,anchor-04,-104.89,15.11,True,1.008082693891492,GRAZING,,,SIMULATED
870.0,tag-0015,anchor-05,-84.33,35.67,True,1.008082693891492,GRAZING,,,SIMULATED
870.0,tag-0015,anchor-06,-109.87,10.13,True,1.008082693891492,GRAZING,,,SIMULATED
870.0,tag-0015,anchor-07,-95.12,24.88,True,1.008082693891492,GRAZING,,,SIMULATED
870.0,tag-0015,anchor-08,-97.62,22.38,True,1.008082693891492,GRAZING,,,SIMULATED
870.0,tag-0016,anchor-01,-80.65,39.35,True,1.0093291939067675,GRAZING,,,SIMULATED
870.0,tag-0016,anchor-02,-86.27,33.73,True,1.0093291939067675,GRAZING,,,SIMULATED
870.0,tag-0016,anchor-03,,,False,1.0093291939067675,GRAZING,,,SIMULATED
870.0,tag-0016,anchor-04,-104.33,15.67,True,1.0093291939067675,GRAZING,,,SIMULATED
870.0,tag-0016,anchor-05,-77.56,42.44,True,1.0093291939067675,GRAZING,,,SIMULATED
870.0,tag-0016,anchor-06,-94.3,25.7,True,1.0093291939067675,GRAZING,,,SIMULATED
870.0,tag-0016,anchor-07,,,False,1.0093291939067675,GRAZING,,,SIMULATED
870.0,tag-0016,anchor-08,-106.41,13.59,True,1.0093291939067675,GRAZING,,,SIMULATED
870.0,tag-0017,anchor-01,-93.45,26.55,True,1.001127017206856,GRAZING,,,SIMULATED
870.0,tag-0017,anchor-02,-97.56,22.44,True,1.001127017206856,GRAZING,,,SIMULATED
870.0,tag-0017,anchor-03,,,False,1.001127017206856,GRAZING,,,SIMULATED
870.0,tag-0017,anchor-04,-111.47,8.53,True,1.001127017206856,GRAZING,,,SIMULATED
870.0,tag-0017,anchor-05,-84.47,35.53,True,1.001127017206856,GRAZING,,,SIMULATED
870.0,tag-0017,anchor-06,-109.1,10.9,True,1.001127017206856,GRAZING,,,SIMULATED
870.0,tag-0017,anchor-07,-121.62,-1.62,True,1.001127017206856,GRAZING,,,SIMULATED
870.0,tag-0017,anchor-08,-101.35,18.65,True,1.001127017206856,GRAZING,,,SIMULATED
870.0,tag-0018,anchor-01,-78.52,41.48,True,1.0134360581042439,GRAZING,,,SIMULATED
870.0,tag-0018,anchor-02,-92.13,27.87,True,1.0134360581042439,GRAZING,,,SIMULATED
870.0,tag-0018,anchor-03,-126.87,-6.87,True,1.0134360581042439,GRAZING,,,SIMULATED
870.0,tag-0018,anchor-04,-117.46,2.54,True,1.0134360581042439,GRAZING,,,SIMULATED
870.0,tag-0018,anchor-05,-75.32,44.68,True,1.0134360581042439,GRAZING,,,SIMULATED
870.0,tag-0018,anchor-06,-102.38,17.62,True,1.0134360581042439,GRAZING,,,SIMULATED
870.0,tag-0018,anchor-07,-99.43,20.57,True,1.0134360581042439,GRAZING,,,SIMULATED
870.0,tag-0018,anchor-08,-106.87,13.13,True,1.0134360581042439,GRAZING,,,SIMULATED
870.0,tag-0019,anchor-01,-90.98,29.02,True,1.0,GRAZING,,,SIMULATED
870.0,tag-0019,anchor-02,-90.89,29.11,True,1.0,GRAZING,,,SIMULATED
870.0,tag-0019,anchor-03,-125.09,-5.09,True,1.0,GRAZING,,,SIMULATED
870.0,tag-0019,anchor-04,-101.06,18.94,True,1.0,GRAZING,,,SIMULATED
870.0,tag-0019,anchor-05,-86.59,33.41,True,1.0,GRAZING,,,SIMULATED
870.0,tag-0019,anchor-06,-97.22,22.78,True,1.0,GRAZING,,,SIMULATED
870.0,tag-0019,anchor-07,-113.99,6.01,True,1.0,GRAZING,,,SIMULATED
870.0,tag-0019,anchor-08,-98.86,21.14,True,1.0,GRAZING,,,SIMULATED
870.0,tag-0020,anchor-01,-88.98,31.02,True,1.0,GRAZING,,,SIMULATED
870.0,tag-0020,anchor-02,-92.79,27.21,True,1.0,GRAZING,,,SIMULATED
870.0,tag-0020,anchor-03,-122.49,-2.49,True,1.0,GRAZING,,,SIMULATED
870.0,tag-0020,anchor-04,-113.36,6.64,True,1.0,GRAZING,,,SIMULATED
870.0,tag-0020,anchor-05,-77.92,42.08,True,1.0,GRAZING,,,SIMULATED
870.0,tag-0020,anchor-06,-100.42,19.58,True,1.0,GRAZING,,,SIMULATED
870.0,tag-0020,anchor-07,-103.6,16.4,True,1.0,GRAZING,,,SIMULATED
870.0,tag-0020,anchor-08,-101.95,18.05,True,1.0,GRAZING,,,SIMULATED
900.0,tag-0001,anchor-01,-89.23,30.77,True,1.0,GRAZING,,,SIMULATED
900.0,tag-0001,anchor-02,,,False,1.0,GRAZING,,,SIMULATED
900.0,tag-0001,anchor-03,,,False,1.0,GRAZING,,,SIMULATED
900.0,tag-0001,anchor-04,-104.61,15.39,True,1.0,GRAZING,,,SIMULATED
900.0,tag-0001,anchor-05,-88.04,31.96,True,1.0,GRAZING,,,SIMULATED
900.0,tag-0001,anchor-06,-96.38,23.62,True,1.0,GRAZING,,,SIMULATED
900.0,tag-0001,anchor-07,-119.22,0.78,True,1.0,GRAZING,,,SIMULATED
900.0,tag-0001,anchor-08,-106.4,13.6,True,1.0,GRAZING,,,SIMULATED
900.0,tag-0002,anchor-01,-95.17,24.83,True,1.0,WALKING,,,SIMULATED
900.0,tag-0002,anchor-02,-95.12,24.88,True,1.0,WALKING,,,SIMULATED
900.0,tag-0002,anchor-03,,,False,1.0,WALKING,,,SIMULATED
900.0,tag-0002,anchor-04,-105.26,14.74,True,1.0,WALKING,,,SIMULATED
900.0,tag-0002,anchor-05,-82.57,37.43,True,1.0,WALKING,,,SIMULATED
900.0,tag-0002,anchor-06,-119.65,0.35,True,1.0,WALKING,,,SIMULATED
900.0,tag-0002,anchor-07,-125.07,-5.07,True,1.0,WALKING,,,SIMULATED
900.0,tag-0002,anchor-08,-101.23,18.77,True,1.0,WALKING,,,SIMULATED
900.0,tag-0003,anchor-01,-86.6,33.4,True,1.0119741674347806,DRINKING,,,SIMULATED
900.0,tag-0003,anchor-02,-101.68,18.32,True,1.0119741674347806,DRINKING,,,SIMULATED
900.0,tag-0003,anchor-03,,,False,1.0119741674347806,DRINKING,,,SIMULATED
900.0,tag-0003,anchor-04,-95.35,24.65,True,1.0119741674347806,DRINKING,,,SIMULATED
900.0,tag-0003,anchor-05,-91.47,28.53,True,1.0119741674347806,DRINKING,,,SIMULATED
900.0,tag-0003,anchor-06,-97.68,22.32,True,1.0119741674347806,DRINKING,,,SIMULATED
900.0,tag-0003,anchor-07,-115.22,4.78,True,1.0119741674347806,DRINKING,,,SIMULATED
900.0,tag-0003,anchor-08,-97.22,22.78,True,1.0119741674347806,DRINKING,,,SIMULATED
900.0,tag-0004,anchor-01,-92.31,27.69,True,1.0213716484946138,GRAZING,,,SIMULATED
900.0,tag-0004,anchor-02,-94.08,25.92,True,1.0213716484946138,GRAZING,,,SIMULATED
900.0,tag-0004,anchor-03,-125.65,-5.65,True,1.0213716484946138,GRAZING,,,SIMULATED
900.0,tag-0004,anchor-04,-95.54,24.46,True,1.0213716484946138,GRAZING,,,SIMULATED
900.0,tag-0004,anchor-05,,,False,1.0213716484946138,GRAZING,,,SIMULATED
900.0,tag-0004,anchor-06,-100.58,19.42,True,1.0213716484946138,GRAZING,,,SIMULATED
900.0,tag-0004,anchor-07,-116.77,3.23,True,1.0213716484946138,GRAZING,,,SIMULATED
900.0,tag-0004,anchor-08,-102.95,17.05,True,1.0213716484946138,GRAZING,,,SIMULATED
900.0,tag-0005,anchor-01,-85.88,34.12,True,1.003003305405372,WALKING,,,SIMULATED
900.0,tag-0005,anchor-02,-84.41,35.59,True,1.003003305405372,WALKING,,,SIMULATED
900.0,tag-0005,anchor-03,-109.7,10.3,True,1.003003305405372,WALKING,,,SIMULATED
900.0,tag-0005,anchor-04,-104.96,15.04,True,1.003003305405372,WALKING,,,SIMULATED
900.0,tag-0005,anchor-05,,,False,1.003003305405372,WALKING,,,SIMULATED
900.0,tag-0005,anchor-06,-97.84,22.16,True,1.003003305405372,WALKING,,,SIMULATED
900.0,tag-0005,anchor-07,-114.23,5.77,True,1.003003305405372,WALKING,,,SIMULATED
900.0,tag-0005,anchor-08,-104.5,15.5,True,1.003003305405372,WALKING,,,SIMULATED
900.0,tag-0006,anchor-01,-94.1,25.9,True,1.0,WALKING,,,SIMULATED
900.0,tag-0006,anchor-02,-95.12,24.88,True,1.0,WALKING,,,SIMULATED
900.0,tag-0006,anchor-03,-125.34,-5.34,True,1.0,WALKING,,,SIMULATED
900.0,tag-0006,anchor-04,-106.68,13.32,True,1.0,WALKING,,,SIMULATED
900.0,tag-0006,anchor-05,-83.89,36.11,True,1.0,WALKING,,,SIMULATED
900.0,tag-0006,anchor-06,-101.48,18.52,True,1.0,WALKING,,,SIMULATED
900.0,tag-0006,anchor-07,-121.97,-1.97,True,1.0,WALKING,,,SIMULATED
900.0,tag-0006,anchor-08,-96.3,23.7,True,1.0,WALKING,,,SIMULATED
900.0,tag-0007,anchor-01,-87.0,33.0,True,1.0,GRAZING,,,SIMULATED
900.0,tag-0007,anchor-02,-93.46,26.54,True,1.0,GRAZING,,,SIMULATED
900.0,tag-0007,anchor-03,-124.18,-4.18,True,1.0,GRAZING,,,SIMULATED
900.0,tag-0007,anchor-04,-108.62,11.38,True,1.0,GRAZING,,,SIMULATED
900.0,tag-0007,anchor-05,-98.38,21.62,True,1.0,GRAZING,,,SIMULATED
900.0,tag-0007,anchor-06,-101.43,18.57,True,1.0,GRAZING,,,SIMULATED
900.0,tag-0007,anchor-07,-118.5,1.5,True,1.0,GRAZING,,,SIMULATED
900.0,tag-0007,anchor-08,-101.82,18.18,True,1.0,GRAZING,,,SIMULATED
900.0,tag-0008,anchor-01,-97.57,22.43,True,1.0026922000546579,RESTING,,,SIMULATED
900.0,tag-0008,anchor-02,-85.34,34.66,True,1.0026922000546579,RESTING,,,SIMULATED
900.0,tag-0008,anchor-03,,,False,1.0026922000546579,RESTING,,,SIMULATED
900.0,tag-0008,anchor-04,-102.08,17.92,True,1.0026922000546579,RESTING,,,SIMULATED
900.0,tag-0008,anchor-05,,,False,1.0026922000546579,RESTING,,,SIMULATED
900.0,tag-0008,anchor-06,-124.63,-4.63,True,1.0026922000546579,RESTING,,,SIMULATED
900.0,tag-0008,anchor-07,-95.99,24.01,True,1.0026922000546579,RESTING,,,SIMULATED
900.0,tag-0008,anchor-08,,,False,1.0026922000546579,RESTING,,,SIMULATED
900.0,tag-0009,anchor-01,-102.53,17.47,True,1.0197678914318182,GRAZING,,,SIMULATED
900.0,tag-0009,anchor-02,-94.72,25.28,True,1.0197678914318182,GRAZING,,,SIMULATED
900.0,tag-0009,anchor-03,-123.9,-3.9,True,1.0197678914318182,GRAZING,,,SIMULATED
900.0,tag-0009,anchor-04,,,False,1.0197678914318182,GRAZING,,,SIMULATED
900.0,tag-0009,anchor-05,-78.71,41.29,True,1.0197678914318182,GRAZING,,,SIMULATED
900.0,tag-0009,anchor-06,,,False,1.0197678914318182,GRAZING,,,SIMULATED
900.0,tag-0009,anchor-07,-126.55,-6.55,True,1.0197678914318182,GRAZING,,,SIMULATED
900.0,tag-0009,anchor-08,-96.28,23.72,True,1.0197678914318182,GRAZING,,,SIMULATED
900.0,tag-0010,anchor-01,-103.17,16.83,True,1.005870385212167,GRAZING,,,SIMULATED
900.0,tag-0010,anchor-02,,,False,1.005870385212167,GRAZING,,,SIMULATED
900.0,tag-0010,anchor-03,,,False,1.005870385212167,GRAZING,,,SIMULATED
900.0,tag-0010,anchor-04,-109.17,10.83,True,1.005870385212167,GRAZING,,,SIMULATED
900.0,tag-0010,anchor-05,-87.53,32.47,True,1.005870385212167,GRAZING,,,SIMULATED
900.0,tag-0010,anchor-06,-106.64,13.36,True,1.005870385212167,GRAZING,,,SIMULATED
900.0,tag-0010,anchor-07,-98.41,21.59,True,1.005870385212167,GRAZING,,,SIMULATED
900.0,tag-0010,anchor-08,-102.99,17.01,True,1.005870385212167,GRAZING,,,SIMULATED
900.0,tag-0011,anchor-01,-91.97,28.03,True,1.0152753170750541,GRAZING,,,SIMULATED
900.0,tag-0011,anchor-02,-92.93,27.07,True,1.0152753170750541,GRAZING,,,SIMULATED
900.0,tag-0011,anchor-03,-121.7,-1.7,True,1.0152753170750541,GRAZING,,,SIMULATED
900.0,tag-0011,anchor-04,-108.36,11.64,True,1.0152753170750541,GRAZING,,,SIMULATED
900.0,tag-0011,anchor-05,-85.38,34.62,True,1.0152753170750541,GRAZING,,,SIMULATED
900.0,tag-0011,anchor-06,-101.27,18.73,True,1.0152753170750541,GRAZING,,,SIMULATED
900.0,tag-0011,anchor-07,-121.33,-1.33,True,1.0152753170750541,GRAZING,,,SIMULATED
900.0,tag-0011,anchor-08,-97.29,22.71,True,1.0152753170750541,GRAZING,,,SIMULATED
900.0,tag-0012,anchor-01,-88.6,31.4,True,1.0444871821233328,GRAZING,,,SIMULATED
900.0,tag-0012,anchor-02,-94.15,25.85,True,1.0444871821233328,GRAZING,,,SIMULATED
900.0,tag-0012,anchor-03,-111.17,8.83,True,1.0444871821233328,GRAZING,,,SIMULATED
900.0,tag-0012,anchor-04,-105.33,14.67,True,1.0444871821233328,GRAZING,,,SIMULATED
900.0,tag-0012,anchor-05,-68.0,52.0,True,1.0444871821233328,GRAZING,,,SIMULATED
900.0,tag-0012,anchor-06,-99.1,20.9,True,1.0444871821233328,GRAZING,,,SIMULATED
900.0,tag-0012,anchor-07,-112.65,7.35,True,1.0444871821233328,GRAZING,,,SIMULATED
900.0,tag-0012,anchor-08,-105.32,14.68,True,1.0444871821233328,GRAZING,,,SIMULATED
900.0,tag-0013,anchor-01,-97.28,22.72,True,1.0187597279191076,GRAZING,,,SIMULATED
900.0,tag-0013,anchor-02,-91.96,28.04,True,1.0187597279191076,GRAZING,,,SIMULATED
900.0,tag-0013,anchor-03,,,False,1.0187597279191076,GRAZING,,,SIMULATED
900.0,tag-0013,anchor-04,-96.81,23.19,True,1.0187597279191076,GRAZING,,,SIMULATED
900.0,tag-0013,anchor-05,-90.56,29.44,True,1.0187597279191076,GRAZING,,,SIMULATED
900.0,tag-0013,anchor-06,,,False,1.0187597279191076,GRAZING,,,SIMULATED
900.0,tag-0013,anchor-07,-100.26,19.74,True,1.0187597279191076,GRAZING,,,SIMULATED
900.0,tag-0013,anchor-08,-95.9,24.1,True,1.0187597279191076,GRAZING,,,SIMULATED
900.0,tag-0014,anchor-01,-80.25,39.75,True,1.0,WALKING,,,SIMULATED
900.0,tag-0014,anchor-02,-96.74,23.26,True,1.0,WALKING,,,SIMULATED
900.0,tag-0014,anchor-03,-105.64,14.36,True,1.0,WALKING,,,SIMULATED
900.0,tag-0014,anchor-04,-112.72,7.28,True,1.0,WALKING,,,SIMULATED
900.0,tag-0014,anchor-05,-85.13,34.87,True,1.0,WALKING,,,SIMULATED
900.0,tag-0014,anchor-06,-102.98,17.02,True,1.0,WALKING,,,SIMULATED
900.0,tag-0014,anchor-07,-119.99,0.01,True,1.0,WALKING,,,SIMULATED
900.0,tag-0014,anchor-08,-96.28,23.72,True,1.0,WALKING,,,SIMULATED
900.0,tag-0015,anchor-01,-91.65,28.35,True,1.0186720194426626,GRAZING,,,SIMULATED
900.0,tag-0015,anchor-02,-104.26,15.74,True,1.0186720194426626,GRAZING,,,SIMULATED
900.0,tag-0015,anchor-03,,,False,1.0186720194426626,GRAZING,,,SIMULATED
900.0,tag-0015,anchor-04,-103.89,16.11,True,1.0186720194426626,GRAZING,,,SIMULATED
900.0,tag-0015,anchor-05,-83.08,36.92,True,1.0186720194426626,GRAZING,,,SIMULATED
900.0,tag-0015,anchor-06,-105.32,14.68,True,1.0186720194426626,GRAZING,,,SIMULATED
900.0,tag-0015,anchor-07,-96.65,23.35,True,1.0186720194426626,GRAZING,,,SIMULATED
900.0,tag-0015,anchor-08,-95.41,24.59,True,1.0186720194426626,GRAZING,,,SIMULATED
900.0,tag-0016,anchor-01,-80.24,39.76,True,1.0120980598918192,GRAZING,,,SIMULATED
900.0,tag-0016,anchor-02,-92.22,27.78,True,1.0120980598918192,GRAZING,,,SIMULATED
900.0,tag-0016,anchor-03,-125.72,-5.72,True,1.0120980598918192,GRAZING,,,SIMULATED
900.0,tag-0016,anchor-04,,,False,1.0120980598918192,GRAZING,,,SIMULATED
900.0,tag-0016,anchor-05,-75.64,44.36,True,1.0120980598918192,GRAZING,,,SIMULATED
900.0,tag-0016,anchor-06,-89.3,30.7,True,1.0120980598918192,GRAZING,,,SIMULATED
900.0,tag-0016,anchor-07,,,False,1.0120980598918192,GRAZING,,,SIMULATED
900.0,tag-0016,anchor-08,-107.88,12.12,True,1.0120980598918192,GRAZING,,,SIMULATED
900.0,tag-0017,anchor-01,-89.94,30.06,True,1.0,GRAZING,,,SIMULATED
900.0,tag-0017,anchor-02,-94.59,25.41,True,1.0,GRAZING,,,SIMULATED
900.0,tag-0017,anchor-03,,,False,1.0,GRAZING,,,SIMULATED
900.0,tag-0017,anchor-04,-111.87,8.13,True,1.0,GRAZING,,,SIMULATED
900.0,tag-0017,anchor-05,-82.57,37.43,True,1.0,GRAZING,,,SIMULATED
900.0,tag-0017,anchor-06,-104.16,15.84,True,1.0,GRAZING,,,SIMULATED
900.0,tag-0017,anchor-07,-122.53,-2.53,True,1.0,GRAZING,,,SIMULATED
900.0,tag-0017,anchor-08,-97.68,22.32,True,1.0,GRAZING,,,SIMULATED
900.0,tag-0018,anchor-01,-78.8,41.2,True,1.0,GRAZING,,,SIMULATED
900.0,tag-0018,anchor-02,-91.92,28.08,True,1.0,GRAZING,,,SIMULATED
900.0,tag-0018,anchor-03,,,False,1.0,GRAZING,,,SIMULATED
900.0,tag-0018,anchor-04,-117.71,2.29,True,1.0,GRAZING,,,SIMULATED
900.0,tag-0018,anchor-05,-79.56,40.44,True,1.0,GRAZING,,,SIMULATED
900.0,tag-0018,anchor-06,-105.38,14.62,True,1.0,GRAZING,,,SIMULATED
900.0,tag-0018,anchor-07,-95.15,24.85,True,1.0,GRAZING,,,SIMULATED
900.0,tag-0018,anchor-08,-102.18,17.82,True,1.0,GRAZING,,,SIMULATED
900.0,tag-0019,anchor-01,-98.81,21.19,True,1.0,GRAZING,,,SIMULATED
900.0,tag-0019,anchor-02,-94.44,25.56,True,1.0,GRAZING,,,SIMULATED
900.0,tag-0019,anchor-03,,,False,1.0,GRAZING,,,SIMULATED
900.0,tag-0019,anchor-04,-96.84,23.16,True,1.0,GRAZING,,,SIMULATED
900.0,tag-0019,anchor-05,-75.12,44.88,True,1.0,GRAZING,,,SIMULATED
900.0,tag-0019,anchor-06,-96.28,23.72,True,1.0,GRAZING,,,SIMULATED
900.0,tag-0019,anchor-07,-121.58,-1.58,True,1.0,GRAZING,,,SIMULATED
900.0,tag-0019,anchor-08,-97.08,22.92,True,1.0,GRAZING,,,SIMULATED
900.0,tag-0020,anchor-01,-90.91,29.09,True,1.0007372542438377,GRAZING,,,SIMULATED
900.0,tag-0020,anchor-02,-93.35,26.65,True,1.0007372542438377,GRAZING,,,SIMULATED
900.0,tag-0020,anchor-03,-126.26,-6.26,True,1.0007372542438377,GRAZING,,,SIMULATED
900.0,tag-0020,anchor-04,-113.89,6.11,True,1.0007372542438377,GRAZING,,,SIMULATED
900.0,tag-0020,anchor-05,-77.97,42.03,True,1.0007372542438377,GRAZING,,,SIMULATED
900.0,tag-0020,anchor-06,-95.29,24.71,True,1.0007372542438377,GRAZING,,,SIMULATED
900.0,tag-0020,anchor-07,-103.17,16.83,True,1.0007372542438377,GRAZING,,,SIMULATED
900.0,tag-0020,anchor-08,-103.65,16.35,True,1.0007372542438377,GRAZING,,,SIMULATED
930.0,tag-0001,anchor-01,-85.3,34.7,True,1.0124557641322038,GRAZING,,,SIMULATED
930.0,tag-0001,anchor-02,-97.53,22.47,True,1.0124557641322038,GRAZING,,,SIMULATED
930.0,tag-0001,anchor-03,,,False,1.0124557641322038,GRAZING,,,SIMULATED
930.0,tag-0001,anchor-04,-102.02,17.98,True,1.0124557641322038,GRAZING,,,SIMULATED
930.0,tag-0001,anchor-05,,,False,1.0124557641322038,GRAZING,,,SIMULATED
930.0,tag-0001,anchor-06,-98.03,21.97,True,1.0124557641322038,GRAZING,,,SIMULATED
930.0,tag-0001,anchor-07,-113.06,6.94,True,1.0124557641322038,GRAZING,,,SIMULATED
930.0,tag-0001,anchor-08,-101.99,18.01,True,1.0124557641322038,GRAZING,,,SIMULATED
930.0,tag-0002,anchor-01,-95.86,24.14,True,1.0,WALKING,,,SIMULATED
930.0,tag-0002,anchor-02,-88.88,31.12,True,1.0,WALKING,,,SIMULATED
930.0,tag-0002,anchor-03,,,False,1.0,WALKING,,,SIMULATED
930.0,tag-0002,anchor-04,-105.73,14.27,True,1.0,WALKING,,,SIMULATED
930.0,tag-0002,anchor-05,-88.5,31.5,True,1.0,WALKING,,,SIMULATED
930.0,tag-0002,anchor-06,-123.28,-3.28,True,1.0,WALKING,,,SIMULATED
930.0,tag-0002,anchor-07,-102.49,17.51,True,1.0,WALKING,,,SIMULATED
930.0,tag-0002,anchor-08,-99.58,20.42,True,1.0,WALKING,,,SIMULATED
930.0,tag-0003,anchor-01,-92.35,27.65,True,1.0,DRINKING,,,SIMULATED
930.0,tag-0003,anchor-02,-99.19,20.81,True,1.0,DRINKING,,,SIMULATED
930.0,tag-0003,anchor-03,,,False,1.0,DRINKING,,,SIMULATED
930.0,tag-0003,anchor-04,-98.69,21.31,True,1.0,DRINKING,,,SIMULATED
930.0,tag-0003,anchor-05,-95.3,24.7,True,1.0,DRINKING,,,SIMULATED
930.0,tag-0003,anchor-06,-96.69,23.31,True,1.0,DRINKING,,,SIMULATED
930.0,tag-0003,anchor-07,-114.53,5.47,True,1.0,DRINKING,,,SIMULATED
930.0,tag-0003,anchor-08,-97.8,22.2,True,1.0,DRINKING,,,SIMULATED
930.0,tag-0004,anchor-01,-96.32,23.68,True,1.0029244203399816,GRAZING,,,SIMULATED
930.0,tag-0004,anchor-02,-88.98,31.02,True,1.0029244203399816,GRAZING,,,SIMULATED
930.0,tag-0004,anchor-03,-122.13,-2.13,True,1.0029244203399816,GRAZING,,,SIMULATED
930.0,tag-0004,anchor-04,-101.12,18.88,True,1.0029244203399816,GRAZING,,,SIMULATED
930.0,tag-0004,anchor-05,-89.27,30.73,True,1.0029244203399816,GRAZING,,,SIMULATED
930.0,tag-0004,anchor-06,-93.91,26.09,True,1.0029244203399816,GRAZING,,,SIMULATED
930.0,tag-0004,anchor-07,-115.25,4.75,True,1.0029244203399816,GRAZING,,,SIMULATED
930.0,tag-0004,anchor-08,-98.14,21.86,True,1.0029244203399816,GRAZING,,,SIMULATED
930.0,tag-0005,anchor-01,-87.79,32.21,True,1.0,WALKING,,,SIMULATED
930.0,tag-0005,anchor-02,-81.45,38.55,True,1.0,WALKING,,,SIMULATED
930.0,tag-0005,anchor-03,-111.04,8.96,True,1.0,WALKING,,,SIMULATED
930.0,tag-0005,anchor-04,-108.44,11.56,True,1.0,WALKING,,,SIMULATED
930.0,tag-0005,anchor-05,-76.4,43.6,True,1.0,WALKING,,,SIMULATED
930.0,tag-0005,anchor-06,-99.09,20.91,True,1.0,WALKING,,,SIMULATED
930.0,tag-0005,anchor-07,-115.55,4.45,True,1.0,WALKING,,,SIMULATED
930.0,tag-0005,anchor-08,,,False,1.0,WALKING,,,SIMULATED
930.0,tag-0006,anchor-01,-95.45,24.55,True,1.0,WALKING,,,SIMULATED
930.0,tag-0006,anchor-02,-98.43,21.57,True,1.0,WALKING,,,SIMULATED
930.0,tag-0006,anchor-03,,,False,1.0,WALKING,,,SIMULATED
930.0,tag-0006,anchor-04,-103.6,16.4,True,1.0,WALKING,,,SIMULATED
930.0,tag-0006,anchor-05,-85.06,34.94,True,1.0,WALKING,,,SIMULATED
930.0,tag-0006,anchor-06,-123.62,-3.62,True,1.0,WALKING,,,SIMULATED
930.0,tag-0006,anchor-07,-98.83,21.17,True,1.0,WALKING,,,SIMULATED
930.0,tag-0006,anchor-08,-101.8,18.2,True,1.0,WALKING,,,SIMULATED
930.0,tag-0007,anchor-01,-90.23,29.77,True,1.0076640013281655,GRAZING,,,SIMULATED
930.0,tag-0007,anchor-02,-96.8,23.2,True,1.0076640013281655,GRAZING,,,SIMULATED
930.0,tag-0007,anchor-03,,,False,1.0076640013281655,GRAZING,,,SIMULATED
930.0,tag-0007,anchor-04,-106.27,13.73,True,1.0076640013281655,GRAZING,,,SIMULATED
930.0,tag-0007,anchor-05,-95.9,24.1,True,1.0076640013281655,GRAZING,,,SIMULATED
930.0,tag-0007,anchor-06,-101.66,18.34,True,1.0076640013281655,GRAZING,,,SIMULATED
930.0,tag-0007,anchor-07,-124.45,-4.45,True,1.0076640013281655,GRAZING,,,SIMULATED
930.0,tag-0007,anchor-08,-101.3,18.7,True,1.0076640013281655,GRAZING,,,SIMULATED
930.0,tag-0008,anchor-01,-92.47,27.53,True,1.0,RESTING,,,SIMULATED
930.0,tag-0008,anchor-02,-90.62,29.38,True,1.0,RESTING,,,SIMULATED
930.0,tag-0008,anchor-03,,,False,1.0,RESTING,,,SIMULATED
930.0,tag-0008,anchor-04,-100.19,19.81,True,1.0,RESTING,,,SIMULATED
930.0,tag-0008,anchor-05,-96.24,23.76,True,1.0,RESTING,,,SIMULATED
930.0,tag-0008,anchor-06,-122.18,-2.18,True,1.0,RESTING,,,SIMULATED
930.0,tag-0008,anchor-07,-95.51,24.49,True,1.0,RESTING,,,SIMULATED
930.0,tag-0008,anchor-08,-88.8,31.2,True,1.0,RESTING,,,SIMULATED
930.0,tag-0009,anchor-01,-97.98,22.02,True,1.0077826987075844,GRAZING,,,SIMULATED
930.0,tag-0009,anchor-02,-94.47,25.53,True,1.0077826987075844,GRAZING,,,SIMULATED
930.0,tag-0009,anchor-03,-125.05,-5.05,True,1.0077826987075844,GRAZING,,,SIMULATED
930.0,tag-0009,anchor-04,-108.13,11.87,True,1.0077826987075844,GRAZING,,,SIMULATED
930.0,tag-0009,anchor-05,-81.43,38.57,True,1.0077826987075844,GRAZING,,,SIMULATED
930.0,tag-0009,anchor-06,-92.51,27.49,True,1.0077826987075844,GRAZING,,,SIMULATED
930.0,tag-0009,anchor-07,-121.12,-1.12,True,1.0077826987075844,GRAZING,,,SIMULATED
930.0,tag-0009,anchor-08,-95.96,24.04,True,1.0077826987075844,GRAZING,,,SIMULATED
930.0,tag-0010,anchor-01,-96.79,23.21,True,1.0,GRAZING,,,SIMULATED
930.0,tag-0010,anchor-02,-111.1,8.9,True,1.0,GRAZING,,,SIMULATED
930.0,tag-0010,anchor-03,,,False,1.0,GRAZING,,,SIMULATED
930.0,tag-0010,anchor-04,-109.19,10.81,True,1.0,GRAZING,,,SIMULATED
930.0,tag-0010,anchor-05,-88.0,32.0,True,1.0,GRAZING,,,SIMULATED
930.0,tag-0010,anchor-06,,,False,1.0,GRAZING,,,SIMULATED
930.0,tag-0010,anchor-07,-97.49,22.51,True,1.0,GRAZING,,,SIMULATED
930.0,tag-0010,anchor-08,-112.82,7.18,True,1.0,GRAZING,,,SIMULATED
930.0,tag-0011,anchor-01,-89.7,30.3,True,1.0,GRAZING,,,SIMULATED
930.0,tag-0011,anchor-02,-91.53,28.47,True,1.0,GRAZING,,,SIMULATED
930.0,tag-0011,anchor-03,-115.65,4.35,True,1.0,GRAZING,,,SIMULATED
930.0,tag-0011,anchor-04,-105.45,14.55,True,1.0,GRAZING,,,SIMULATED
930.0,tag-0011,anchor-05,-91.77,28.23,True,1.0,GRAZING,,,SIMULATED
930.0,tag-0011,anchor-06,-107.48,12.52,True,1.0,GRAZING,,,SIMULATED
930.0,tag-0011,anchor-07,-119.33,0.67,True,1.0,GRAZING,,,SIMULATED
930.0,tag-0011,anchor-08,-101.48,18.52,True,1.0,GRAZING,,,SIMULATED
930.0,tag-0012,anchor-01,-89.2,30.8,True,1.0091651647323279,GRAZING,,,SIMULATED
930.0,tag-0012,anchor-02,-95.08,24.92,True,1.0091651647323279,GRAZING,,,SIMULATED
930.0,tag-0012,anchor-03,-107.15,12.85,True,1.0091651647323279,GRAZING,,,SIMULATED
930.0,tag-0012,anchor-04,-107.08,12.92,True,1.0091651647323279,GRAZING,,,SIMULATED
930.0,tag-0012,anchor-05,-64.66,55.34,True,1.0091651647323279,GRAZING,,,SIMULATED
930.0,tag-0012,anchor-06,-98.65,21.35,True,1.0091651647323279,GRAZING,,,SIMULATED
930.0,tag-0012,anchor-07,-116.8,3.2,True,1.0091651647323279,GRAZING,,,SIMULATED
930.0,tag-0012,anchor-08,-101.16,18.84,True,1.0091651647323279,GRAZING,,,SIMULATED
930.0,tag-0013,anchor-01,-88.88,31.12,True,1.0,GRAZING,,,SIMULATED
930.0,tag-0013,anchor-02,-93.61,26.39,True,1.0,GRAZING,,,SIMULATED
930.0,tag-0013,anchor-03,,,False,1.0,GRAZING,,,SIMULATED
930.0,tag-0013,anchor-04,-101.66,18.34,True,1.0,GRAZING,,,SIMULATED
930.0,tag-0013,anchor-05,-88.83,31.17,True,1.0,GRAZING,,,SIMULATED
930.0,tag-0013,anchor-06,-119.12,0.88,True,1.0,GRAZING,,,SIMULATED
930.0,tag-0013,anchor-07,-96.7,23.3,True,1.0,GRAZING,,,SIMULATED
930.0,tag-0013,anchor-08,-91.81,28.19,True,1.0,GRAZING,,,SIMULATED
930.0,tag-0014,anchor-01,-82.67,37.33,True,1.0043504135429817,WALKING,,,SIMULATED
930.0,tag-0014,anchor-02,-91.61,28.39,True,1.0043504135429817,WALKING,,,SIMULATED
930.0,tag-0014,anchor-03,-105.4,14.6,True,1.0043504135429817,WALKING,,,SIMULATED
930.0,tag-0014,anchor-04,,,False,1.0043504135429817,WALKING,,,SIMULATED
930.0,tag-0014,anchor-05,-92.18,27.82,True,1.0043504135429817,WALKING,,,SIMULATED
930.0,tag-0014,anchor-06,-100.27,19.73,True,1.0043504135429817,WALKING,,,SIMULATED
930.0,tag-0014,anchor-07,-120.6,-0.6,True,1.0043504135429817,WALKING,,,SIMULATED
930.0,tag-0014,anchor-08,-99.75,20.25,True,1.0043504135429817,WALKING,,,SIMULATED
930.0,tag-0015,anchor-01,-89.53,30.47,True,1.0257489205368373,GRAZING,,,SIMULATED
930.0,tag-0015,anchor-02,-101.33,18.67,True,1.0257489205368373,GRAZING,,,SIMULATED
930.0,tag-0015,anchor-03,,,False,1.0257489205368373,GRAZING,,,SIMULATED
930.0,tag-0015,anchor-04,-111.04,8.96,True,1.0257489205368373,GRAZING,,,SIMULATED
930.0,tag-0015,anchor-05,-81.61,38.39,True,1.0257489205368373,GRAZING,,,SIMULATED
930.0,tag-0015,anchor-06,-126.42,-6.42,True,1.0257489205368373,GRAZING,,,SIMULATED
930.0,tag-0015,anchor-07,-98.02,21.98,True,1.0257489205368373,GRAZING,,,SIMULATED
930.0,tag-0015,anchor-08,,,False,1.0257489205368373,GRAZING,,,SIMULATED
930.0,tag-0016,anchor-01,-84.72,35.28,True,1.000966180864285,GRAZING,,,SIMULATED
930.0,tag-0016,anchor-02,-93.07,26.93,True,1.000966180864285,GRAZING,,,SIMULATED
930.0,tag-0016,anchor-03,,,False,1.000966180864285,GRAZING,,,SIMULATED
930.0,tag-0016,anchor-04,-109.34,10.66,True,1.000966180864285,GRAZING,,,SIMULATED
930.0,tag-0016,anchor-05,-76.3,43.7,True,1.000966180864285,GRAZING,,,SIMULATED
930.0,tag-0016,anchor-06,-101.51,18.49,True,1.000966180864285,GRAZING,,,SIMULATED
930.0,tag-0016,anchor-07,-125.85,-5.85,True,1.000966180864285,GRAZING,,,SIMULATED
930.0,tag-0016,anchor-08,-107.59,12.41,True,1.000966180864285,GRAZING,,,SIMULATED
930.0,tag-0017,anchor-01,-91.54,28.46,True,1.0,GRAZING,,,SIMULATED
930.0,tag-0017,anchor-02,-94.68,25.32,True,1.0,GRAZING,,,SIMULATED
930.0,tag-0017,anchor-03,,,False,1.0,GRAZING,,,SIMULATED
930.0,tag-0017,anchor-04,-110.98,9.02,True,1.0,GRAZING,,,SIMULATED
930.0,tag-0017,anchor-05,-81.9,38.1,True,1.0,GRAZING,,,SIMULATED
930.0,tag-0017,anchor-06,-108.43,11.57,True,1.0,GRAZING,,,SIMULATED
930.0,tag-0017,anchor-07,-122.64,-2.64,True,1.0,GRAZING,,,SIMULATED
930.0,tag-0017,anchor-08,-98.58,21.42,True,1.0,GRAZING,,,SIMULATED
930.0,tag-0018,anchor-01,-82.23,37.77,True,1.0117574591093128,GRAZING,,,SIMULATED
930.0,tag-0018,anchor-02,-85.91,34.09,True,1.0117574591093128,GRAZING,,,SIMULATED
930.0,tag-0018,anchor-03,,,False,1.0117574591093128,GRAZING,,,SIMULATED
930.0,tag-0018,anchor-04,-114.84,5.16,True,1.0117574591093128,GRAZING,,,SIMULATED
930.0,tag-0018,anchor-05,-83.99,36.01,True,1.0117574591093128,GRAZING,,,SIMULATED
930.0,tag-0018,anchor-06,-103.17,16.83,True,1.0117574591093128,GRAZING,,,SIMULATED
930.0,tag-0018,anchor-07,-97.6,22.4,True,1.0117574591093128,GRAZING,,,SIMULATED
930.0,tag-0018,anchor-08,-104.32,15.68,True,1.0117574591093128,GRAZING,,,SIMULATED
930.0,tag-0019,anchor-01,-98.61,21.39,True,1.0,GRAZING,,,SIMULATED
930.0,tag-0019,anchor-02,-94.32,25.68,True,1.0,GRAZING,,,SIMULATED
930.0,tag-0019,anchor-03,,,False,1.0,GRAZING,,,SIMULATED
930.0,tag-0019,anchor-04,-96.12,23.88,True,1.0,GRAZING,,,SIMULATED
930.0,tag-0019,anchor-05,-82.09,37.91,True,1.0,GRAZING,,,SIMULATED
930.0,tag-0019,anchor-06,-100.04,19.96,True,1.0,GRAZING,,,SIMULATED
930.0,tag-0019,anchor-07,-117.17,2.83,True,1.0,GRAZING,,,SIMULATED
930.0,tag-0019,anchor-08,-99.51,20.49,True,1.0,GRAZING,,,SIMULATED
930.0,tag-0020,anchor-01,-95.27,24.73,True,1.0176942688842041,GRAZING,,,SIMULATED
930.0,tag-0020,anchor-02,-97.48,22.52,True,1.0176942688842041,GRAZING,,,SIMULATED
930.0,tag-0020,anchor-03,-122.25,-2.25,True,1.0176942688842041,GRAZING,,,SIMULATED
930.0,tag-0020,anchor-04,-110.92,9.08,True,1.0176942688842041,GRAZING,,,SIMULATED
930.0,tag-0020,anchor-05,-79.88,40.12,True,1.0176942688842041,GRAZING,,,SIMULATED
930.0,tag-0020,anchor-06,-98.4,21.6,True,1.0176942688842041,GRAZING,,,SIMULATED
930.0,tag-0020,anchor-07,-101.29,18.71,True,1.0176942688842041,GRAZING,,,SIMULATED
930.0,tag-0020,anchor-08,-100.85,19.15,True,1.0176942688842041,GRAZING,,,SIMULATED
960.0,tag-0001,anchor-01,-86.58,33.42,True,1.0,GRAZING,,,SIMULATED
960.0,tag-0001,anchor-02,-94.49,25.51,True,1.0,GRAZING,,,SIMULATED
960.0,tag-0001,anchor-03,-124.31,-4.31,True,1.0,GRAZING,,,SIMULATED
960.0,tag-0001,anchor-04,,,False,1.0,GRAZING,,,SIMULATED
960.0,tag-0001,anchor-05,-90.89,29.11,True,1.0,GRAZING,,,SIMULATED
960.0,tag-0001,anchor-06,-98.43,21.57,True,1.0,GRAZING,,,SIMULATED
960.0,tag-0001,anchor-07,-111.58,8.42,True,1.0,GRAZING,,,SIMULATED
960.0,tag-0001,anchor-08,-104.16,15.84,True,1.0,GRAZING,,,SIMULATED
960.0,tag-0002,anchor-01,-103.22,16.78,True,1.0136573014285324,WALKING,,,SIMULATED
960.0,tag-0002,anchor-02,-90.83,29.17,True,1.0136573014285324,WALKING,,,SIMULATED
960.0,tag-0002,anchor-03,,,False,1.0136573014285324,WALKING,,,SIMULATED
960.0,tag-0002,anchor-04,-107.11,12.89,True,1.0136573014285324,WALKING,,,SIMULATED
960.0,tag-0002,anchor-05,-82.08,37.92,True,1.0136573014285324,WALKING,,,SIMULATED
960.0,tag-0002,anchor-06,-123.42,-3.42,True,1.0136573014285324,WALKING,,,SIMULATED
960.0,tag-0002,anchor-07,-103.71,16.29,True,1.0136573014285324,WALKING,,,SIMULATED
960.0,tag-0002,anchor-08,-101.91,18.09,True,1.0136573014285324,WALKING,,,SIMULATED
960.0,tag-0003,anchor-01,-95.61,24.39,True,1.0,DRINKING,,,SIMULATED
960.0,tag-0003,anchor-02,-99.98,20.02,True,1.0,DRINKING,,,SIMULATED
960.0,tag-0003,anchor-03,-122.33,-2.33,True,1.0,DRINKING,,,SIMULATED
960.0,tag-0003,anchor-04,-101.18,18.82,True,1.0,DRINKING,,,SIMULATED
960.0,tag-0003,anchor-05,-93.63,26.37,True,1.0,DRINKING,,,SIMULATED
960.0,tag-0003,anchor-06,-88.7,31.3,True,1.0,DRINKING,,,SIMULATED
960.0,tag-0003,anchor-07,-120.47,-0.47,True,1.0,DRINKING,,,SIMULATED
960.0,tag-0003,anchor-08,-100.38,19.62,True,1.0,DRINKING,,,SIMULATED
960.0,tag-0004,anchor-01,-106.13,13.87,True,1.0,GRAZING,,,SIMULATED
960.0,tag-0004,anchor-02,-89.69,30.31,True,1.0,GRAZING,,,SIMULATED
960.0,tag-0004,anchor-03,-123.03,-3.03,True,1.0,GRAZING,,,SIMULATED
960.0,tag-0004,anchor-04,-100.68,19.32,True,1.0,GRAZING,,,SIMULATED
960.0,tag-0004,anchor-05,-84.19,35.81,True,1.0,GRAZING,,,SIMULATED
960.0,tag-0004,anchor-06,-97.09,22.91,True,1.0,GRAZING,,,SIMULATED
960.0,tag-0004,anchor-07,-117.91,2.09,True,1.0,GRAZING,,,SIMULATED
960.0,tag-0004,anchor-08,-101.08,18.92,True,1.0,GRAZING,,,SIMULATED
960.0,tag-0005,anchor-01,-84.96,35.04,True,1.0030991411481511,WALKING,,,SIMULATED
960.0,tag-0005,anchor-02,-85.36,34.64,True,1.0030991411481511,WALKING,,,SIMULATED
960.0,tag-0005,anchor-03,,,False,1.0030991411481511,WALKING,,,SIMULATED
960.0,tag-0005,anchor-04,-100.25,19.75,True,1.0030991411481511,WALKING,,,SIMULATED
960.0,tag-0005,anchor-05,-82.22,37.78,True,1.0030991411481511,WALKING,,,SIMULATED
960.0,tag-0005,anchor-06,-100.2,19.8,True,1.0030991411481511,WALKING,,,SIMULATED
960.0,tag-0005,anchor-07,-121.64,-1.64,True,1.0030991411481511,WALKING,,,SIMULATED
960.0,tag-0005,anchor-08,-100.6,19.4,True,1.0030991411481511,WALKING,,,SIMULATED
960.0,tag-0006,anchor-01,-92.96,27.04,True,1.0084194363708419,WALKING,,,SIMULATED
960.0,tag-0006,anchor-02,-100.78,19.22,True,1.0084194363708419,WALKING,,,SIMULATED
960.0,tag-0006,anchor-03,,,False,1.0084194363708419,WALKING,,,SIMULATED
960.0,tag-0006,anchor-04,-102.2,17.8,True,1.0084194363708419,WALKING,,,SIMULATED
960.0,tag-0006,anchor-05,-88.87,31.13,True,1.0084194363708419,WALKING,,,SIMULATED
960.0,tag-0006,anchor-06,-118.78,1.22,True,1.0084194363708419,WALKING,,,SIMULATED
960.0,tag-0006,anchor-07,-97.45,22.55,True,1.0084194363708419,WALKING,,,SIMULATED
960.0,tag-0006,anchor-08,-104.69,15.31,True,1.0084194363708419,WALKING,,,SIMULATED
960.0,tag-0007,anchor-01,-100.37,19.63,True,1.0,GRAZING,,,SIMULATED
960.0,tag-0007,anchor-02,-101.19,18.81,True,1.0,GRAZING,,,SIMULATED
960.0,tag-0007,anchor-03,-124.45,-4.45,True,1.0,GRAZING,,,SIMULATED
960.0,tag-0007,anchor-04,-107.49,12.51,True,1.0,GRAZING,,,SIMULATED
960.0,tag-0007,anchor-05,-84.91,35.09,True,1.0,GRAZING,,,SIMULATED
960.0,tag-0007,anchor-06,,,False,1.0,GRAZING,,,SIMULATED
960.0,tag-0007,anchor-07,-125.89,-5.89,True,1.0,GRAZING,,,SIMULATED
960.0,tag-0007,anchor-08,-105.09,14.91,True,1.0,GRAZING,,,SIMULATED
960.0,tag-0008,anchor-01,-95.24,24.76,True,1.0002264544944466,RESTING,,,SIMULATED
960.0,tag-0008,anchor-02,-95.12,24.88,True,1.0002264544944466,RESTING,,,SIMULATED
960.0,tag-0008,anchor-03,,,False,1.0002264544944466,RESTING,,,SIMULATED
960.0,tag-0008,anchor-04,-100.13,19.87,True,1.0002264544944466,RESTING,,,SIMULATED
960.0,tag-0008,anchor-05,-103.4,16.6,True,1.0002264544944466,RESTING,,,SIMULATED
960.0,tag-0008,anchor-06,-122.9,-2.9,True,1.0002264544944466,RESTING,,,SIMULATED
960.0,tag-0008,anchor-07,-96.76,23.24,True,1.0002264544944466,RESTING,,,SIMULATED
960.0,tag-0008,anchor-08,-89.37,30.63,True,1.0002264544944466,RESTING,,,SIMULATED
960.0,tag-0009,anchor-01,-98.68,21.32,True,1.0,GRAZING,,,SIMULATED
960.0,tag-0009,anchor-02,-101.87,18.13,True,1.0,GRAZING,,,SIMULATED
960.0,tag-0009,anchor-03,-125.45,-5.45,True,1.0,GRAZING,,,SIMULATED
960.0,tag-0009,anchor-04,-107.81,12.19,True,1.0,GRAZING,,,SIMULATED
960.0,tag-0009,anchor-05,-81.53,38.47,True,1.0,GRAZING,,,SIMULATED
960.0,tag-0009,anchor-06,-98.22,21.78,True,1.0,GRAZING,,,SIMULATED
960.0,tag-0009,anchor-07,-117.24,2.76,True,1.0,GRAZING,,,SIMULATED
960.0,tag-0009,anchor-08,-92.31,27.69,True,1.0,GRAZING,,,SIMULATED
960.0,tag-0010,anchor-01,-99.93,20.07,True,1.0030930218247647,GRAZING,,,SIMULATED
960.0,tag-0010,anchor-02,-105.62,14.38,True,1.0030930218247647,GRAZING,,,SIMULATED
960.0,tag-0010,anchor-03,,,False,1.0030930218247647,GRAZING,,,SIMULATED
960.0,tag-0010,anchor-04,-115.39,4.61,True,1.0030930218247647,GRAZING,,,SIMULATED
960.0,tag-0010,anchor-05,-86.51,33.49,True,1.0030930218247647,GRAZING,,,SIMULATED
960.0,tag-0010,anchor-06,-104.36,15.64,True,1.0030930218247647,GRAZING,,,SIMULATED
960.0,tag-0010,anchor-07,-100.97,19.03,True,1.0030930218247647,GRAZING,,,SIMULATED
960.0,tag-0010,anchor-08,-103.24,16.76,True,1.0030930218247647,GRAZING,,,SIMULATED
960.0,tag-0011,anchor-01,-97.14,22.86,True,1.0,GRAZING,,,SIMULATED
960.0,tag-0011,anchor-02,-94.08,25.92,True,1.0,GRAZING,,,SIMULATED
960.0,tag-0011,anchor-03,-118.2,1.8,True,1.0,GRAZING,,,SIMULATED
960.0,tag-0011,anchor-04,-101.39,18.61,True,1.0,GRAZING,,,SIMULATED
960.0,tag-0011,anchor-05,-92.51,27.49,True,1.0,GRAZING,,,SIMULATED
960.0,tag-0011,anchor-06,-103.0,17.0,True,1.0,GRAZING,,,SIMULATED
960.0,tag-0011,anchor-07,-97.0,23.0,True,1.0,GRAZING,,,SIMULATED
960.0,tag-0011,anchor-08,-97.71,22.29,True,1.0,GRAZING,,,SIMULATED
960.0,tag-0012,anchor-01,,,False,1.0010265849077424,GRAZING,,,SIMULATED
960.0,tag-0012,anchor-02,-88.45,31.55,True,1.0010265849077424,GRAZING,,,SIMULATED
960.0,tag-0012,anchor-03,-106.4,13.6,True,1.0010265849077424,GRAZING,,,SIMULATED
960.0,tag-0012,anchor-04,-102.67,17.33,True,1.0010265849077424,GRAZING,,,SIMULATED
960.0,tag-0012,anchor-05,,,False,1.0010265849077424,GRAZING,,,SIMULATED
960.0,tag-0012,anchor-06,-98.19,21.81,True,1.0010265849077424,GRAZING,,,SIMULATED
960.0,tag-0012,anchor-07,-115.89,4.11,True,1.0010265849077424,GRAZING,,,SIMULATED
960.0,tag-0012,anchor-08,-99.63,20.37,True,1.0010265849077424,GRAZING,,,SIMULATED
960.0,tag-0013,anchor-01,-94.81,25.19,True,1.0,GRAZING,,,SIMULATED
960.0,tag-0013,anchor-02,-97.6,22.4,True,1.0,GRAZING,,,SIMULATED
960.0,tag-0013,anchor-03,,,False,1.0,GRAZING,,,SIMULATED
960.0,tag-0013,anchor-04,-99.23,20.77,True,1.0,GRAZING,,,SIMULATED
960.0,tag-0013,anchor-05,-86.11,33.89,True,1.0,GRAZING,,,SIMULATED
960.0,tag-0013,anchor-06,-123.9,-3.9,True,1.0,GRAZING,,,SIMULATED
960.0,tag-0013,anchor-07,-100.75,19.25,True,1.0,GRAZING,,,SIMULATED
960.0,tag-0013,anchor-08,-96.54,23.46,True,1.0,GRAZING,,,SIMULATED
960.0,tag-0014,anchor-01,-82.69,37.31,True,1.0,WALKING,,,SIMULATED
960.0,tag-0014,anchor-02,-85.64,34.36,True,1.0,WALKING,,,SIMULATED
960.0,tag-0014,anchor-03,-105.83,14.17,True,1.0,WALKING,,,SIMULATED
960.0,tag-0014,anchor-04,,,False,1.0,WALKING,,,SIMULATED
960.0,tag-0014,anchor-05,-87.93,32.07,True,1.0,WALKING,,,SIMULATED
960.0,tag-0014,anchor-06,-102.6,17.4,True,1.0,WALKING,,,SIMULATED
960.0,tag-0014,anchor-07,-113.11,6.89,True,1.0,WALKING,,,SIMULATED
960.0,tag-0014,anchor-08,-102.77,17.23,True,1.0,WALKING,,,SIMULATED
960.0,tag-0015,anchor-01,-94.66,25.34,True,1.029385641940346,GRAZING,,,SIMULATED
960.0,tag-0015,anchor-02,-93.3,26.7,True,1.029385641940346,GRAZING,,,SIMULATED
960.0,tag-0015,anchor-03,,,False,1.029385641940346,GRAZING,,,SIMULATED
960.0,tag-0015,anchor-04,-106.98,13.02,True,1.029385641940346,GRAZING,,,SIMULATED
960.0,tag-0015,anchor-05,,,False,1.029385641940346,GRAZING,,,SIMULATED
960.0,tag-0015,anchor-06,-117.96,2.04,True,1.029385641940346,GRAZING,,,SIMULATED
960.0,tag-0015,anchor-07,-95.11,24.89,True,1.029385641940346,GRAZING,,,SIMULATED
960.0,tag-0015,anchor-08,-92.28,27.72,True,1.029385641940346,GRAZING,,,SIMULATED
960.0,tag-0016,anchor-01,-84.99,35.01,True,1.0027211458405887,GRAZING,,,SIMULATED
960.0,tag-0016,anchor-02,-90.81,29.19,True,1.0027211458405887,GRAZING,,,SIMULATED
960.0,tag-0016,anchor-03,-125.48,-5.48,True,1.0027211458405887,GRAZING,,,SIMULATED
960.0,tag-0016,anchor-04,-108.64,11.36,True,1.0027211458405887,GRAZING,,,SIMULATED
960.0,tag-0016,anchor-05,-81.97,38.03,True,1.0027211458405887,GRAZING,,,SIMULATED
960.0,tag-0016,anchor-06,-101.46,18.54,True,1.0027211458405887,GRAZING,,,SIMULATED
960.0,tag-0016,anchor-07,-119.15,0.85,True,1.0027211458405887,GRAZING,,,SIMULATED
960.0,tag-0016,anchor-08,-104.03,15.97,True,1.0027211458405887,GRAZING,,,SIMULATED
960.0,tag-0017,anchor-01,-91.23,28.77,True,1.0,GRAZING,,,SIMULATED
960.0,tag-0017,anchor-02,-94.95,25.05,True,1.0,GRAZING,,,SIMULATED
960.0,tag-0017,anchor-03,,,False,1.0,GRAZING,,,SIMULATED
960.0,tag-0017,anchor-04,-108.58,11.42,True,1.0,GRAZING,,,SIMULATED
960.0,tag-0017,anchor-05,-80.7,39.3,True,1.0,GRAZING,,,SIMULATED
960.0,tag-0017,anchor-06,-106.46,13.54,True,1.0,GRAZING,,,SIMULATED
960.0,tag-0017,anchor-07,-124.95,-4.95,True,1.0,GRAZING,,,SIMULATED
960.0,tag-0017,anchor-08,-101.5,18.5,True,1.0,GRAZING,,,SIMULATED
960.0,tag-0018,anchor-01,-81.55,38.45,True,1.0053940362298068,GRAZING,,,SIMULATED
960.0,tag-0018,anchor-02,,,False,1.0053940362298068,GRAZING,,,SIMULATED
960.0,tag-0018,anchor-03,,,False,1.0053940362298068,GRAZING,,,SIMULATED
960.0,tag-0018,anchor-04,-110.11,9.89,True,1.0053940362298068,GRAZING,,,SIMULATED
960.0,tag-0018,anchor-05,-83.93,36.07,True,1.0053940362298068,GRAZING,,,SIMULATED
960.0,tag-0018,anchor-06,-100.38,19.62,True,1.0053940362298068,GRAZING,,,SIMULATED
960.0,tag-0018,anchor-07,-101.49,18.51,True,1.0053940362298068,GRAZING,,,SIMULATED
960.0,tag-0018,anchor-08,-109.44,10.56,True,1.0053940362298068,GRAZING,,,SIMULATED
960.0,tag-0019,anchor-01,-94.42,25.58,True,1.0,GRAZING,,,SIMULATED
960.0,tag-0019,anchor-02,,,False,1.0,GRAZING,,,SIMULATED
960.0,tag-0019,anchor-03,,,False,1.0,GRAZING,,,SIMULATED
960.0,tag-0019,anchor-04,-96.65,23.35,True,1.0,GRAZING,,,SIMULATED
960.0,tag-0019,anchor-05,-82.29,37.71,True,1.0,GRAZING,,,SIMULATED
960.0,tag-0019,anchor-06,-102.7,17.3,True,1.0,GRAZING,,,SIMULATED
960.0,tag-0019,anchor-07,-121.7,-1.7,True,1.0,GRAZING,,,SIMULATED
960.0,tag-0019,anchor-08,-101.78,18.22,True,1.0,GRAZING,,,SIMULATED
960.0,tag-0020,anchor-01,-93.58,26.42,True,1.0,GRAZING,,,SIMULATED
960.0,tag-0020,anchor-02,-89.23,30.77,True,1.0,GRAZING,,,SIMULATED
960.0,tag-0020,anchor-03,-125.84,-5.84,True,1.0,GRAZING,,,SIMULATED
960.0,tag-0020,anchor-04,-109.76,10.24,True,1.0,GRAZING,,,SIMULATED
960.0,tag-0020,anchor-05,-79.79,40.21,True,1.0,GRAZING,,,SIMULATED
960.0,tag-0020,anchor-06,-99.5,20.5,True,1.0,GRAZING,,,SIMULATED
960.0,tag-0020,anchor-07,-103.87,16.13,True,1.0,GRAZING,,,SIMULATED
960.0,tag-0020,anchor-08,-100.34,19.66,True,1.0,GRAZING,,,SIMULATED
990.0,tag-0001,anchor-01,-90.16,29.84,True,1.0236814924791633,GRAZING,,,SIMULATED
990.0,tag-0001,anchor-02,-93.19,26.81,True,1.0236814924791633,GRAZING,,,SIMULATED
990.0,tag-0001,anchor-03,-125.63,-5.63,True,1.0236814924791633,GRAZING,,,SIMULATED
990.0,tag-0001,anchor-04,-105.97,14.03,True,1.0236814924791633,GRAZING,,,SIMULATED
990.0,tag-0001,anchor-05,-87.75,32.25,True,1.0236814924791633,GRAZING,,,SIMULATED
990.0,tag-0001,anchor-06,-103.81,16.19,True,1.0236814924791633,GRAZING,,,SIMULATED
990.0,tag-0001,anchor-07,-113.33,6.67,True,1.0236814924791633,GRAZING,,,SIMULATED
990.0,tag-0001,anchor-08,-106.29,13.71,True,1.0236814924791633,GRAZING,,,SIMULATED
990.0,tag-0002,anchor-01,-102.36,17.64,True,1.006354057503981,WALKING,,,SIMULATED
990.0,tag-0002,anchor-02,-95.61,24.39,True,1.006354057503981,WALKING,,,SIMULATED
990.0,tag-0002,anchor-03,,,False,1.006354057503981,WALKING,,,SIMULATED
990.0,tag-0002,anchor-04,-101.71,18.29,True,1.006354057503981,WALKING,,,SIMULATED
990.0,tag-0002,anchor-05,-86.05,33.95,True,1.006354057503981,WALKING,,,SIMULATED
990.0,tag-0002,anchor-06,-125.78,-5.78,True,1.006354057503981,WALKING,,,SIMULATED
990.0,tag-0002,anchor-07,-98.46,21.54,True,1.006354057503981,WALKING,,,SIMULATED
990.0,tag-0002,anchor-08,,,False,1.006354057503981,WALKING,,,SIMULATED
990.0,tag-0003,anchor-01,-98.35,21.65,True,1.01630584469201,DRINKING,,,SIMULATED
990.0,tag-0003,anchor-02,-96.54,23.46,True,1.01630584469201,DRINKING,,,SIMULATED
990.0,tag-0003,anchor-03,,,False,1.01630584469201,DRINKING,,,SIMULATED
990.0,tag-0003,anchor-04,-97.96,22.04,True,1.01630584469201,DRINKING,,,SIMULATED
990.0,tag-0003,anchor-05,-89.57,30.43,True,1.01630584469201,DRINKING,,,SIMULATED
990.0,tag-0003,anchor-06,-96.02,23.98,True,1.01630584469201,DRINKING,,,SIMULATED
990.0,tag-0003,anchor-07,-115.51,4.49,True,1.01630584469201,DRINKING,,,SIMULATED
990.0,tag-0003,anchor-08,,,False,1.01630584469201,DRINKING,,,SIMULATED
990.0,tag-0004,anchor-01,-101.99,18.01,True,1.0,GRAZING,,,SIMULATED
990.0,tag-0004,anchor-02,-90.11,29.89,True,1.0,GRAZING,,,SIMULATED
990.0,tag-0004,anchor-03,-126.24,-6.24,True,1.0,GRAZING,,,SIMULATED
990.0,tag-0004,anchor-04,-97.87,22.13,True,1.0,GRAZING,,,SIMULATED
990.0,tag-0004,anchor-05,-80.09,39.91,True,1.0,GRAZING,,,SIMULATED
990.0,tag-0004,anchor-06,-97.47,22.53,True,1.0,GRAZING,,,SIMULATED
990.0,tag-0004,anchor-07,-115.19,4.81,True,1.0,GRAZING,,,SIMULATED
990.0,tag-0004,anchor-08,-97.1,22.9,True,1.0,GRAZING,,,SIMULATED
990.0,tag-0005,anchor-01,-93.94,26.06,True,1.012337230614179,WALKING,,,SIMULATED
990.0,tag-0005,anchor-02,-86.67,33.33,True,1.012337230614179,WALKING,,,SIMULATED
990.0,tag-0005,anchor-03,,,False,1.012337230614179,WALKING,,,SIMULATED
990.0,tag-0005,anchor-04,-108.34,11.66,True,1.012337230614179,WALKING,,,SIMULATED
990.0,tag-0005,anchor-05,-81.68,38.32,True,1.012337230614179,WALKING,,,SIMULATED
990.0,tag-0005,anchor-06,-96.98,23.02,True,1.012337230614179,WALKING,,,SIMULATED
990.0,tag-0005,anchor-07,-115.05,4.95,True,1.012337230614179,WALKING,,,SIMULATED
990.0,tag-0005,anchor-08,-101.66,18.34,True,1.012337230614179,WALKING,,,SIMULATED
990.0,tag-0006,anchor-01,-101.25,18.75,True,1.005703533049039,WALKING,,,SIMULATED
990.0,tag-0006,anchor-02,-98.21,21.79,True,1.005703533049039,WALKING,,,SIMULATED
990.0,tag-0006,anchor-03,,,False,1.005703533049039,WALKING,,,SIMULATED
990.0,tag-0006,anchor-04,-107.37,12.63,True,1.005703533049039,WALKING,,,SIMULATED
990.0,tag-0006,anchor-05,-85.18,34.82,True,1.005703533049039,WALKING,,,SIMULATED
990.0,tag-0006,anchor-06,-119.66,0.34,True,1.005703533049039,WALKING,,,SIMULATED
990.0,tag-0006,anchor-07,-93.84,26.16,True,1.005703533049039,WALKING,,,SIMULATED
990.0,tag-0006,anchor-08,-102.25,17.75,True,1.005703533049039,WALKING,,,SIMULATED
990.0,tag-0007,anchor-01,-101.51,18.49,True,1.0102258266865842,GRAZING,,,SIMULATED
990.0,tag-0007,anchor-02,-94.32,25.68,True,1.0102258266865842,GRAZING,,,SIMULATED
990.0,tag-0007,anchor-03,-122.37,-2.37,True,1.0102258266865842,GRAZING,,,SIMULATED
990.0,tag-0007,anchor-04,-109.89,10.11,True,1.0102258266865842,GRAZING,,,SIMULATED
990.0,tag-0007,anchor-05,-83.69,36.31,True,1.0102258266865842,GRAZING,,,SIMULATED
990.0,tag-0007,anchor-06,-101.61,18.39,True,1.0102258266865842,GRAZING,,,SIMULATED
990.0,tag-0007,anchor-07,-123.99,-3.99,True,1.0102258266865842,GRAZING,,,SIMULATED
990.0,tag-0007,anchor-08,-103.21,16.79,True,1.0102258266865842,GRAZING,,,SIMULATED
990.0,tag-0008,anchor-01,-95.17,24.83,True,1.000379834981528,RESTING,,,SIMULATED
990.0,tag-0008,anchor-02,-91.45,28.55,True,1.000379834981528,RESTING,,,SIMULATED
990.0,tag-0008,anchor-03,,,False,1.000379834981528,RESTING,,,SIMULATED
990.0,tag-0008,anchor-04,-101.27,18.73,True,1.000379834981528,RESTING,,,SIMULATED
990.0,tag-0008,anchor-05,-101.71,18.29,True,1.000379834981528,RESTING,,,SIMULATED
990.0,tag-0008,anchor-06,-120.01,-0.01,True,1.000379834981528,RESTING,,,SIMULATED
990.0,tag-0008,anchor-07,-101.81,18.19,True,1.000379834981528,RESTING,,,SIMULATED
990.0,tag-0008,anchor-08,-85.66,34.34,True,1.000379834981528,RESTING,,,SIMULATED
990.0,tag-0009,anchor-01,-101.08,18.92,True,1.0189056214549785,GRAZING,,,SIMULATED
990.0,tag-0009,anchor-02,-90.47,29.53,True,1.0189056214549785,GRAZING,,,SIMULATED
990.0,tag-0009,anchor-03,,,False,1.0189056214549785,GRAZING,,,SIMULATED
990.0,tag-0009,anchor-04,-109.38,10.62,True,1.0189056214549785,GRAZING,,,SIMULATED
990.0,tag-0009,anchor-05,-79.67,40.33,True,1.0189056214549785,GRAZING,,,SIMULATED
990.0,tag-0009,anchor-06,-97.66,22.34,True,1.0189056214549785,GRAZING,,,SIMULATED
990.0,tag-0009,anchor-07,-115.66,4.34,True,1.0189056214549785,GRAZING,,,SIMULATED
990.0,tag-0009,anchor-08,-95.92,24.08,True,1.0189056214549785,GRAZING,,,SIMULATED
990.0,tag-0010,anchor-01,-101.84,18.16,True,1.0,GRAZING,,,SIMULATED
990.0,tag-0010,anchor-02,-111.64,8.36,True,1.0,GRAZING,,,SIMULATED
990.0,tag-0010,anchor-03,,,False,1.0,GRAZING,,,SIMULATED
990.0,tag-0010,anchor-04,-113.18,6.82,True,1.0,GRAZING,,,SIMULATED
990.0,tag-0010,anchor-05,-84.44,35.56,True,1.0,GRAZING,,,SIMULATED
990.0,tag-0010,anchor-06,-105.78,14.22,True,1.0,GRAZING,,,SIMULATED
990.0,tag-0010,anchor-07,-102.15,17.85,True,1.0,GRAZING,,,SIMULATED
990.0,tag-0010,anchor-08,-100.36,19.64,True,1.0,GRAZING,,,SIMULATED
990.0,tag-0011,anchor-01,-100.87,19.13,True,1.0,GRAZING,,,SIMULATED
990.0,tag-0011,anchor-02,-96.51,23.49,True,1.0,GRAZING,,,SIMULATED
990.0,tag-0011,anchor-03,-116.11,3.89,True,1.0,GRAZING,,,SIMULATED
990.0,tag-0011,anchor-04,-99.71,20.29,True,1.0,GRAZING,,,SIMULATED
990.0,tag-0011,anchor-05,-93.84,26.16,True,1.0,GRAZING,,,SIMULATED
990.0,tag-0011,anchor-06,-105.33,14.67,True,1.0,GRAZING,,,SIMULATED
990.0,tag-0011,anchor-07,-96.39,23.61,True,1.0,GRAZING,,,SIMULATED
990.0,tag-0011,anchor-08,-97.43,22.57,True,1.0,GRAZING,,,SIMULATED
990.0,tag-0012,anchor-01,-94.0,26.0,True,1.0,GRAZING,,,SIMULATED
990.0,tag-0012,anchor-02,-91.07,28.93,True,1.0,GRAZING,,,SIMULATED
990.0,tag-0012,anchor-03,,,False,1.0,GRAZING,,,SIMULATED
990.0,tag-0012,anchor-04,-103.62,16.38,True,1.0,GRAZING,,,SIMULATED
990.0,tag-0012,anchor-05,,,False,1.0,GRAZING,,,SIMULATED
990.0,tag-0012,anchor-06,-100.32,19.68,True,1.0,GRAZING,,,SIMULATED
990.0,tag-0012,anchor-07,-115.76,4.24,True,1.0,GRAZING,,,SIMULATED
990.0,tag-0012,anchor-08,-103.89,16.11,True,1.0,GRAZING,,,SIMULATED
990.0,tag-0013,anchor-01,-91.84,28.16,True,1.0185388461798797,GRAZING,,,SIMULATED
990.0,tag-0013,anchor-02,-100.71,19.29,True,1.0185388461798797,GRAZING,,,SIMULATED
990.0,tag-0013,anchor-03,,,False,1.0185388461798797,GRAZING,,,SIMULATED
990.0,tag-0013,anchor-04,-104.46,15.54,True,1.0185388461798797,GRAZING,,,SIMULATED
990.0,tag-0013,anchor-05,-89.4,30.6,True,1.0185388461798797,GRAZING,,,SIMULATED
990.0,tag-0013,anchor-06,,,False,1.0185388461798797,GRAZING,,,SIMULATED
990.0,tag-0013,anchor-07,-98.51,21.49,True,1.0185388461798797,GRAZING,,,SIMULATED
990.0,tag-0013,anchor-08,-93.07,26.93,True,1.0185388461798797,GRAZING,,,SIMULATED
990.0,tag-0014,anchor-01,-80.72,39.28,True,1.0,WALKING,,,SIMULATED
990.0,tag-0014,anchor-02,-90.89,29.11,True,1.0,WALKING,,,SIMULATED
990.0,tag-0014,anchor-03,-110.89,9.11,True,1.0,WALKING,,,SIMULATED
990.0,tag-0014,anchor-04,,,False,1.0,WALKING,,,SIMULATED
990.0,tag-0014,anchor-05,-83.16,36.84,True,1.0,WALKING,,,SIMULATED
990.0,tag-0014,anchor-06,-97.98,22.02,True,1.0,WALKING,,,SIMULATED
990.0,tag-0014,anchor-07,-117.34,2.66,True,1.0,WALKING,,,SIMULATED
990.0,tag-0014,anchor-08,-108.23,11.77,True,1.0,WALKING,,,SIMULATED
990.0,tag-0015,anchor-01,-96.78,23.22,True,1.0,GRAZING,,,SIMULATED
990.0,tag-0015,anchor-02,-94.38,25.62,True,1.0,GRAZING,,,SIMULATED
990.0,tag-0015,anchor-03,,,False,1.0,GRAZING,,,SIMULATED
990.0,tag-0015,anchor-04,-101.6,18.4,True,1.0,GRAZING,,,SIMULATED
990.0,tag-0015,anchor-05,-82.95,37.05,True,1.0,GRAZING,,,SIMULATED
990.0,tag-0015,anchor-06,-121.75,-1.75,True,1.0,GRAZING,,,SIMULATED
990.0,tag-0015,anchor-07,-91.87,28.13,True,1.0,GRAZING,,,SIMULATED
990.0,tag-0015,anchor-08,-92.32,27.68,True,1.0,GRAZING,,,SIMULATED
990.0,tag-0016,anchor-01,-89.67,30.33,True,1.0,GRAZING,,,SIMULATED
990.0,tag-0016,anchor-02,-93.17,26.83,True,1.0,GRAZING,,,SIMULATED
990.0,tag-0016,anchor-03,-126.78,-6.78,True,1.0,GRAZING,,,SIMULATED
990.0,tag-0016,anchor-04,-108.19,11.81,True,1.0,GRAZING,,,SIMULATED
990.0,tag-0016,anchor-05,-77.8,42.2,True,1.0,GRAZING,,,SIMULATED
990.0,tag-0016,anchor-06,-102.19,17.81,True,1.0,GRAZING,,,SIMULATED
990.0,tag-0016,anchor-07,-119.21,0.79,True,1.0,GRAZING,,,SIMULATED
990.0,tag-0016,anchor-08,-111.08,8.92,True,1.0,GRAZING,,,SIMULATED
990.0,tag-0017,anchor-01,-90.97,29.03,True,1.0,GRAZING,,,SIMULATED
990.0,tag-0017,anchor-02,-97.79,22.21,True,1.0,GRAZING,,,SIMULATED
990.0,tag-0017,anchor-03,,,False,1.0,GRAZING,,,SIMULATED
990.0,tag-0017,anchor-04,-104.76,15.24,True,1.0,GRAZING,,,SIMULATED
990.0,tag-0017,anchor-05,-79.86,40.14,True,1.0,GRAZING,,,SIMULATED
990.0,tag-0017,anchor-06,-109.95,10.05,True,1.0,GRAZING,,,SIMULATED
990.0,tag-0017,anchor-07,-125.6,-5.6,True,1.0,GRAZING,,,SIMULATED
990.0,tag-0017,anchor-08,-97.86,22.14,True,1.0,GRAZING,,,SIMULATED
990.0,tag-0018,anchor-01,-91.36,28.64,True,1.0,GRAZING,,,SIMULATED
990.0,tag-0018,anchor-02,-87.76,32.24,True,1.0,GRAZING,,,SIMULATED
990.0,tag-0018,anchor-03,,,False,1.0,GRAZING,,,SIMULATED
990.0,tag-0018,anchor-04,-104.32,15.68,True,1.0,GRAZING,,,SIMULATED
990.0,tag-0018,anchor-05,-80.85,39.15,True,1.0,GRAZING,,,SIMULATED
990.0,tag-0018,anchor-06,-97.65,22.35,True,1.0,GRAZING,,,SIMULATED
990.0,tag-0018,anchor-07,-100.8,19.2,True,1.0,GRAZING,,,SIMULATED
990.0,tag-0018,anchor-08,-105.33,14.67,True,1.0,GRAZING,,,SIMULATED
990.0,tag-0019,anchor-01,-91.37,28.63,True,1.0,GRAZING,,,SIMULATED
990.0,tag-0019,anchor-02,-100.07,19.93,True,1.0,GRAZING,,,SIMULATED
990.0,tag-0019,anchor-03,,,False,1.0,GRAZING,,,SIMULATED
990.0,tag-0019,anchor-04,-99.11,20.89,True,1.0,GRAZING,,,SIMULATED
990.0,tag-0019,anchor-05,-80.61,39.39,True,1.0,GRAZING,,,SIMULATED
990.0,tag-0019,anchor-06,-104.51,15.49,True,1.0,GRAZING,,,SIMULATED
990.0,tag-0019,anchor-07,,,False,1.0,GRAZING,,,SIMULATED
990.0,tag-0019,anchor-08,-99.82,20.18,True,1.0,GRAZING,,,SIMULATED
990.0,tag-0020,anchor-01,-105.82,14.18,True,1.0,GRAZING,,,SIMULATED
990.0,tag-0020,anchor-02,-95.04,24.96,True,1.0,GRAZING,,,SIMULATED
990.0,tag-0020,anchor-03,-126.93,-6.93,True,1.0,GRAZING,,,SIMULATED
990.0,tag-0020,anchor-04,-113.36,6.64,True,1.0,GRAZING,,,SIMULATED
990.0,tag-0020,anchor-05,,,False,1.0,GRAZING,,,SIMULATED
990.0,tag-0020,anchor-06,-94.54,25.46,True,1.0,GRAZING,,,SIMULATED
990.0,tag-0020,anchor-07,-99.63,20.37,True,1.0,GRAZING,,,SIMULATED
990.0,tag-0020,anchor-08,-100.47,19.53,True,1.0,GRAZING,,,SIMULATED
1020.0,tag-0001,anchor-01,,,False,1.0285414829109982,GRAZING,,,SIMULATED
1020.0,tag-0001,anchor-02,-90.72,29.28,True,1.0285414829109982,GRAZING,,,SIMULATED
1020.0,tag-0001,anchor-03,-126.57,-6.57,True,1.0285414829109982,GRAZING,,,SIMULATED
1020.0,tag-0001,anchor-04,-101.61,18.39,True,1.0285414829109982,GRAZING,,,SIMULATED
1020.0,tag-0001,anchor-05,-84.4,35.6,True,1.0285414829109982,GRAZING,,,SIMULATED
1020.0,tag-0001,anchor-06,-106.71,13.29,True,1.0285414829109982,GRAZING,,,SIMULATED
1020.0,tag-0001,anchor-07,-112.4,7.6,True,1.0285414829109982,GRAZING,,,SIMULATED
1020.0,tag-0001,anchor-08,-102.3,17.7,True,1.0285414829109982,GRAZING,,,SIMULATED
1020.0,tag-0002,anchor-01,-98.9,21.1,True,1.0271438317918768,WALKING,,,SIMULATED
1020.0,tag-0002,anchor-02,-92.88,27.12,True,1.0271438317918768,WALKING,,,SIMULATED
1020.0,tag-0002,anchor-03,,,False,1.0271438317918768,WALKING,,,SIMULATED
1020.0,tag-0002,anchor-04,-105.15,14.85,True,1.0271438317918768,WALKING,,,SIMULATED
1020.0,tag-0002,anchor-05,-84.51,35.49,True,1.0271438317918768,WALKING,,,SIMULATED
1020.0,tag-0002,anchor-06,-122.78,-2.78,True,1.0271438317918768,WALKING,,,SIMULATED
1020.0,tag-0002,anchor-07,-96.62,23.38,True,1.0271438317918768,WALKING,,,SIMULATED
1020.0,tag-0002,anchor-08,-97.92,22.08,True,1.0271438317918768,WALKING,,,SIMULATED
1020.0,tag-0003,anchor-01,-102.87,17.13,True,1.0262254731920268,DRINKING,,,SIMULATED
1020.0,tag-0003,anchor-02,-96.38,23.62,True,1.0262254731920268,DRINKING,,,SIMULATED
1020.0,tag-0003,anchor-03,,,False,1.0262254731920268,DRINKING,,,SIMULATED
1020.0,tag-0003,anchor-04,-101.14,18.86,True,1.0262254731920268,DRINKING,,,SIMULATED
1020.0,tag-0003,anchor-05,-93.04,26.96,True,1.0262254731920268,DRINKING,,,SIMULATED
1020.0,tag-0003,anchor-06,-95.93,24.07,True,1.0262254731920268,DRINKING,,,SIMULATED
1020.0,tag-0003,anchor-07,-116.12,3.88,True,1.0262254731920268,DRINKING,,,SIMULATED
1020.0,tag-0003,anchor-08,-100.29,19.71,True,1.0262254731920268,DRINKING,,,SIMULATED
1020.0,tag-0004,anchor-01,-96.64,23.36,True,1.0174330380385626,GRAZING,,,SIMULATED
1020.0,tag-0004,anchor-02,-86.5,33.5,True,1.0174330380385626,GRAZING,,,SIMULATED
1020.0,tag-0004,anchor-03,-126.34,-6.34,True,1.0174330380385626,GRAZING,,,SIMULATED
1020.0,tag-0004,anchor-04,-98.04,21.96,True,1.0174330380385626,GRAZING,,,SIMULATED
1020.0,tag-0004,anchor-05,-79.62,40.38,True,1.0174330380385626,GRAZING,,,SIMULATED
1020.0,tag-0004,anchor-06,,,False,1.0174330380385626,GRAZING,,,SIMULATED
1020.0,tag-0004,anchor-07,,,False,1.0174330380385626,GRAZING,,,SIMULATED
1020.0,tag-0004,anchor-08,-97.16,22.84,True,1.0174330380385626,GRAZING,,,SIMULATED
1020.0,tag-0005,anchor-01,-92.95,27.05,True,1.0028689568531208,WALKING,,,SIMULATED
1020.0,tag-0005,anchor-02,-94.75,25.25,True,1.0028689568531208,WALKING,,,SIMULATED
1020.0,tag-0005,anchor-03,,,False,1.0028689568531208,WALKING,,,SIMULATED
1020.0,tag-0005,anchor-04,,,False,1.0028689568531208,WALKING,,,SIMULATED
1020.0,tag-0005,anchor-05,-87.12,32.88,True,1.0028689568531208,WALKING,,,SIMULATED
1020.0,tag-0005,anchor-06,-97.64,22.36,True,1.0028689568531208,WALKING,,,SIMULATED
1020.0,tag-0005,anchor-07,-114.2,5.8,True,1.0028689568531208,WALKING,,,SIMULATED
1020.0,tag-0005,anchor-08,-101.97,18.03,True,1.0028689568531208,WALKING,,,SIMULATED
1020.0,tag-0006,anchor-01,-98.52,21.48,True,1.002946898533449,WALKING,,,SIMULATED
1020.0,tag-0006,anchor-02,-96.54,23.46,True,1.002946898533449,WALKING,,,SIMULATED
1020.0,tag-0006,anchor-03,,,False,1.002946898533449,WALKING,,,SIMULATED
1020.0,tag-0006,anchor-04,-108.62,11.38,True,1.002946898533449,WALKING,,,SIMULATED
1020.0,tag-0006,anchor-05,-84.61,35.39,True,1.002946898533449,WALKING,,,SIMULATED
1020.0,tag-0006,anchor-06,-118.63,1.37,True,1.002946898533449,WALKING,,,SIMULATED
1020.0,tag-0006,anchor-07,-91.78,28.22,True,1.002946898533449,WALKING,,,SIMULATED
1020.0,tag-0006,anchor-08,-94.55,25.45,True,1.002946898533449,WALKING,,,SIMULATED
1020.0,tag-0007,anchor-01,-92.3,27.7,True,1.0,GRAZING,,,SIMULATED
1020.0,tag-0007,anchor-02,-96.86,23.14,True,1.0,GRAZING,,,SIMULATED
1020.0,tag-0007,anchor-03,-119.77,0.23,True,1.0,GRAZING,,,SIMULATED
1020.0,tag-0007,anchor-04,-104.74,15.26,True,1.0,GRAZING,,,SIMULATED
1020.0,tag-0007,anchor-05,-79.03,40.97,True,1.0,GRAZING,,,SIMULATED
1020.0,tag-0007,anchor-06,-99.15,20.85,True,1.0,GRAZING,,,SIMULATED
1020.0,tag-0007,anchor-07,-123.58,-3.58,True,1.0,GRAZING,,,SIMULATED
1020.0,tag-0007,anchor-08,-104.81,15.19,True,1.0,GRAZING,,,SIMULATED
1020.0,tag-0008,anchor-01,-90.49,29.51,True,1.0,RESTING,,,SIMULATED
1020.0,tag-0008,anchor-02,-94.22,25.78,True,1.0,RESTING,,,SIMULATED
1020.0,tag-0008,anchor-03,,,False,1.0,RESTING,,,SIMULATED
1020.0,tag-0008,anchor-04,-100.45,19.55,True,1.0,RESTING,,,SIMULATED
1020.0,tag-0008,anchor-05,-95.06,24.94,True,1.0,RESTING,,,SIMULATED
1020.0,tag-0008,anchor-06,-122.01,-2.01,True,1.0,RESTING,,,SIMULATED
1020.0,tag-0008,anchor-07,-99.1,20.9,True,1.0,RESTING,,,SIMULATED
1020.0,tag-0008,anchor-08,-80.88,39.12,True,1.0,RESTING,,,SIMULATED
1020.0,tag-0009,anchor-01,-100.95,19.05,True,1.0,GRAZING,,,SIMULATED
1020.0,tag-0009,anchor-02,-90.61,29.39,True,1.0,GRAZING,,,SIMULATED
1020.0,tag-0009,anchor-03,,,False,1.0,GRAZING,,,SIMULATED
1020.0,tag-0009,anchor-04,-112.32,7.68,True,1.0,GRAZING,,,SIMULATED
1020.0,tag-0009,anchor-05,-84.05,35.95,True,1.0,GRAZING,,,SIMULATED
1020.0,tag-0009,anchor-06,-100.13,19.87,True,1.0,GRAZING,,,SIMULATED
1020.0,tag-0009,anchor-07,-114.92,5.08,True,1.0,GRAZING,,,SIMULATED
1020.0,tag-0009,anchor-08,-94.42,25.58,True,1.0,GRAZING,,,SIMULATED
1020.0,tag-0010,anchor-01,-98.83,21.17,True,1.0,GRAZING,,,SIMULATED
1020.0,tag-0010,anchor-02,-112.51,7.49,True,1.0,GRAZING,,,SIMULATED
1020.0,tag-0010,anchor-03,,,False,1.0,GRAZING,,,SIMULATED
1020.0,tag-0010,anchor-04,-114.35,5.65,True,1.0,GRAZING,,,SIMULATED
1020.0,tag-0010,anchor-05,-86.57,33.43,True,1.0,GRAZING,,,SIMULATED
1020.0,tag-0010,anchor-06,-104.28,15.72,True,1.0,GRAZING,,,SIMULATED
1020.0,tag-0010,anchor-07,-104.67,15.33,True,1.0,GRAZING,,,SIMULATED
1020.0,tag-0010,anchor-08,-98.75,21.25,True,1.0,GRAZING,,,SIMULATED
1020.0,tag-0011,anchor-01,-96.84,23.16,True,1.0266045829534876,GRAZING,,,SIMULATED
1020.0,tag-0011,anchor-02,-97.27,22.73,True,1.0266045829534876,GRAZING,,,SIMULATED
1020.0,tag-0011,anchor-03,-118.85,1.15,True,1.0266045829534876,GRAZING,,,SIMULATED
1020.0,tag-0011,anchor-04,,,False,1.0266045829534876,GRAZING,,,SIMULATED
1020.0,tag-0011,anchor-05,-84.74,35.26,True,1.0266045829534876,GRAZING,,,SIMULATED
1020.0,tag-0011,anchor-06,-103.44,16.56,True,1.0266045829534876,GRAZING,,,SIMULATED
1020.0,tag-0011,anchor-07,-96.25,23.75,True,1.0266045829534876,GRAZING,,,SIMULATED
1020.0,tag-0011,anchor-08,-95.85,24.15,True,1.0266045829534876,GRAZING,,,SIMULATED
1020.0,tag-0012,anchor-01,-90.94,29.06,True,1.008108915506091,GRAZING,,,SIMULATED
1020.0,tag-0012,anchor-02,-90.79,29.21,True,1.008108915506091,GRAZING,,,SIMULATED
1020.0,tag-0012,anchor-03,-112.65,7.35,True,1.008108915506091,GRAZING,,,SIMULATED
1020.0,tag-0012,anchor-04,-108.3,11.7,True,1.008108915506091,GRAZING,,,SIMULATED
1020.0,tag-0012,anchor-05,-64.86,55.14,True,1.008108915506091,GRAZING,,,SIMULATED
1020.0,tag-0012,anchor-06,-98.88,21.12,True,1.008108915506091,GRAZING,,,SIMULATED
1020.0,tag-0012,anchor-07,,,False,1.008108915506091,GRAZING,,,SIMULATED
1020.0,tag-0012,anchor-08,-101.97,18.03,True,1.008108915506091,GRAZING,,,SIMULATED
1020.0,tag-0013,anchor-01,-87.36,32.64,True,1.0,GRAZING,,,SIMULATED
1020.0,tag-0013,anchor-02,-95.33,24.67,True,1.0,GRAZING,,,SIMULATED
1020.0,tag-0013,anchor-03,,,False,1.0,GRAZING,,,SIMULATED
1020.0,tag-0013,anchor-04,,,False,1.0,GRAZING,,,SIMULATED
1020.0,tag-0013,anchor-05,-86.36,33.64,True,1.0,GRAZING,,,SIMULATED
1020.0,tag-0013,anchor-06,-126.33,-6.33,True,1.0,GRAZING,,,SIMULATED
1020.0,tag-0013,anchor-07,-102.83,17.17,True,1.0,GRAZING,,,SIMULATED
1020.0,tag-0013,anchor-08,-93.04,26.96,True,1.0,GRAZING,,,SIMULATED
1020.0,tag-0014,anchor-01,-89.96,30.04,True,1.0,WALKING,,,SIMULATED
1020.0,tag-0014,anchor-02,-98.96,21.04,True,1.0,WALKING,,,SIMULATED
1020.0,tag-0014,anchor-03,-105.29,14.71,True,1.0,WALKING,,,SIMULATED
1020.0,tag-0014,anchor-04,,,False,1.0,WALKING,,,SIMULATED
1020.0,tag-0014,anchor-05,-81.33,38.67,True,1.0,WALKING,,,SIMULATED
1020.0,tag-0014,anchor-06,-99.37,20.63,True,1.0,WALKING,,,SIMULATED
1020.0,tag-0014,anchor-07,-120.14,-0.14,True,1.0,WALKING,,,SIMULATED
1020.0,tag-0014,anchor-08,-110.01,9.99,True,1.0,WALKING,,,SIMULATED
1020.0,tag-0015,anchor-01,-93.47,26.53,True,1.000238832209918,GRAZING,,,SIMULATED
1020.0,tag-0015,anchor-02,-96.38,23.62,True,1.000238832209918,GRAZING,,,SIMULATED
1020.0,tag-0015,anchor-03,,,False,1.000238832209918,GRAZING,,,SIMULATED
1020.0,tag-0015,anchor-04,-104.89,15.11,True,1.000238832209918,GRAZING,,,SIMULATED
1020.0,tag-0015,anchor-05,-89.21,30.79,True,1.000238832209918,GRAZING,,,SIMULATED
1020.0,tag-0015,anchor-06,-123.33,-3.33,True,1.000238832209918,GRAZING,,,SIMULATED
1020.0,tag-0015,anchor-07,-100.57,19.43,True,1.000238832209918,GRAZING,,,SIMULATED
1020.0,tag-0015,anchor-08,-91.17,28.83,True,1.000238832209918,GRAZING,,,SIMULATED
1020.0,tag-0016,anchor-01,-81.94,38.06,True,1.0,GRAZING,,,SIMULATED
1020.0,tag-0016,anchor-02,-93.83,26.17,True,1.0,GRAZING,,,SIMULATED
1020.0,tag-0016,anchor-03,,,False,1.0,GRAZING,,,SIMULATED
1020.0,tag-0016,anchor-04,-110.55,9.45,True,1.0,GRAZING,,,SIMULATED
1020.0,tag-0016,anchor-05,,,False,1.0,GRAZING,,,SIMULATED
1020.0,tag-0016,anchor-06,-100.63,19.37,True,1.0,GRAZING,,,SIMULATED
1020.0,tag-0016,anchor-07,-124.13,-4.13,True,1.0,GRAZING,,,SIMULATED
1020.0,tag-0016,anchor-08,-104.38,15.62,True,1.0,GRAZING,,,SIMULATED
1020.0,tag-0017,anchor-01,-99.12,20.88,True,1.0,GRAZING,,,SIMULATED
1020.0,tag-0017,anchor-02,-97.2,22.8,True,1.0,GRAZING,,,SIMULATED
1020.0,tag-0017,anchor-03,,,False,1.0,GRAZING,,,SIMULATED
1020.0,tag-0017,anchor-04,,,False,1.0,GRAZING,,,SIMULATED
1020.0,tag-0017,anchor-05,,,False,1.0,GRAZING,,,SIMULATED
1020.0,tag-0017,anchor-06,-110.63,9.37,True,1.0,GRAZING,,,SIMULATED
1020.0,tag-0017,anchor-07,-123.9,-3.9,True,1.0,GRAZING,,,SIMULATED
1020.0,tag-0017,anchor-08,-100.57,19.43,True,1.0,GRAZING,,,SIMULATED
1020.0,tag-0018,anchor-01,-81.73,38.27,True,1.0,GRAZING,,,SIMULATED
1020.0,tag-0018,anchor-02,-88.94,31.06,True,1.0,GRAZING,,,SIMULATED
1020.0,tag-0018,anchor-03,,,False,1.0,GRAZING,,,SIMULATED
1020.0,tag-0018,anchor-04,,,False,1.0,GRAZING,,,SIMULATED
1020.0,tag-0018,anchor-05,-81.09,38.91,True,1.0,GRAZING,,,SIMULATED
1020.0,tag-0018,anchor-06,-99.99,20.01,True,1.0,GRAZING,,,SIMULATED
1020.0,tag-0018,anchor-07,-102.54,17.46,True,1.0,GRAZING,,,SIMULATED
1020.0,tag-0018,anchor-08,-105.69,14.31,True,1.0,GRAZING,,,SIMULATED
1020.0,tag-0019,anchor-01,-91.0,29.0,True,1.0,GRAZING,,,SIMULATED
1020.0,tag-0019,anchor-02,-91.85,28.15,True,1.0,GRAZING,,,SIMULATED
1020.0,tag-0019,anchor-03,,,False,1.0,GRAZING,,,SIMULATED
1020.0,tag-0019,anchor-04,-98.36,21.64,True,1.0,GRAZING,,,SIMULATED
1020.0,tag-0019,anchor-05,-84.19,35.81,True,1.0,GRAZING,,,SIMULATED
1020.0,tag-0019,anchor-06,,,False,1.0,GRAZING,,,SIMULATED
1020.0,tag-0019,anchor-07,-120.3,-0.3,True,1.0,GRAZING,,,SIMULATED
1020.0,tag-0019,anchor-08,-98.74,21.26,True,1.0,GRAZING,,,SIMULATED
1020.0,tag-0020,anchor-01,-104.31,15.69,True,1.0106448224691789,GRAZING,,,SIMULATED
1020.0,tag-0020,anchor-02,-103.23,16.77,True,1.0106448224691789,GRAZING,,,SIMULATED
1020.0,tag-0020,anchor-03,-124.22,-4.22,True,1.0106448224691789,GRAZING,,,SIMULATED
1020.0,tag-0020,anchor-04,-112.71,7.29,True,1.0106448224691789,GRAZING,,,SIMULATED
1020.0,tag-0020,anchor-05,-87.18,32.82,True,1.0106448224691789,GRAZING,,,SIMULATED
1020.0,tag-0020,anchor-06,-96.1,23.9,True,1.0106448224691789,GRAZING,,,SIMULATED
1020.0,tag-0020,anchor-07,-97.1,22.9,True,1.0106448224691789,GRAZING,,,SIMULATED
1020.0,tag-0020,anchor-08,-100.34,19.66,True,1.0106448224691789,GRAZING,,,SIMULATED
1050.0,tag-0001,anchor-01,-86.19,33.81,True,1.0,GRAZING,,,SIMULATED
1050.0,tag-0001,anchor-02,-90.85,29.15,True,1.0,GRAZING,,,SIMULATED
1050.0,tag-0001,anchor-03,-125.32,-5.32,True,1.0,GRAZING,,,SIMULATED
1050.0,tag-0001,anchor-04,-107.81,12.19,True,1.0,GRAZING,,,SIMULATED
1050.0,tag-0001,anchor-05,-88.55,31.45,True,1.0,GRAZING,,,SIMULATED
1050.0,tag-0001,anchor-06,,,False,1.0,GRAZING,,,SIMULATED
1050.0,tag-0001,anchor-07,-114.78,5.22,True,1.0,GRAZING,,,SIMULATED
1050.0,tag-0001,anchor-08,-100.27,19.73,True,1.0,GRAZING,,,SIMULATED
1050.0,tag-0002,anchor-01,-100.87,19.13,True,1.0,WALKING,,,SIMULATED
1050.0,tag-0002,anchor-02,-94.37,25.63,True,1.0,WALKING,,,SIMULATED
1050.0,tag-0002,anchor-03,,,False,1.0,WALKING,,,SIMULATED
1050.0,tag-0002,anchor-04,-94.72,25.28,True,1.0,WALKING,,,SIMULATED
1050.0,tag-0002,anchor-05,-87.99,32.01,True,1.0,WALKING,,,SIMULATED
1050.0,tag-0002,anchor-06,-121.66,-1.66,True,1.0,WALKING,,,SIMULATED
1050.0,tag-0002,anchor-07,-97.12,22.88,True,1.0,WALKING,,,SIMULATED
1050.0,tag-0002,anchor-08,-101.93,18.07,True,1.0,WALKING,,,SIMULATED
1050.0,tag-0003,anchor-01,,,False,1.0,DRINKING,,,SIMULATED
1050.0,tag-0003,anchor-02,-94.95,25.05,True,1.0,DRINKING,,,SIMULATED
1050.0,tag-0003,anchor-03,,,False,1.0,DRINKING,,,SIMULATED
1050.0,tag-0003,anchor-04,-110.56,9.44,True,1.0,DRINKING,,,SIMULATED
1050.0,tag-0003,anchor-05,-95.16,24.84,True,1.0,DRINKING,,,SIMULATED
1050.0,tag-0003,anchor-06,-95.53,24.47,True,1.0,DRINKING,,,SIMULATED
1050.0,tag-0003,anchor-07,-120.11,-0.11,True,1.0,DRINKING,,,SIMULATED
1050.0,tag-0003,anchor-08,-97.45,22.55,True,1.0,DRINKING,,,SIMULATED
1050.0,tag-0004,anchor-01,-102.26,17.74,True,1.0140249243277517,GRAZING,,,SIMULATED
1050.0,tag-0004,anchor-02,-88.84,31.16,True,1.0140249243277517,GRAZING,,,SIMULATED
1050.0,tag-0004,anchor-03,-125.2,-5.2,True,1.0140249243277517,GRAZING,,,SIMULATED
1050.0,tag-0004,anchor-04,-102.28,17.72,True,1.0140249243277517,GRAZING,,,SIMULATED
1050.0,tag-0004,anchor-05,-86.77,33.23,True,1.0140249243277517,GRAZING,,,SIMULATED
1050.0,tag-0004,anchor-06,,,False,1.0140249243277517,GRAZING,,,SIMULATED
1050.0,tag-0004,anchor-07,-118.36,1.64,True,1.0140249243277517,GRAZING,,,SIMULATED
1050.0,tag-0004,anchor-08,-94.42,25.58,True,1.0140249243277517,GRAZING,,,SIMULATED
1050.0,tag-0005,anchor-01,-97.3,22.7,True,1.0,WALKING,,,SIMULATED
1050.0,tag-0005,anchor-02,-95.61,24.39,True,1.0,WALKING,,,SIMULATED
1050.0,tag-0005,anchor-03,,,False,1.0,WALKING,,,SIMULATED
1050.0,tag-0005,anchor-04,,,False,1.0,WALKING,,,SIMULATED
1050.0,tag-0005,anchor-05,-86.24,33.76,True,1.0,WALKING,,,SIMULATED
1050.0,tag-0005,anchor-06,-98.66,21.34,True,1.0,WALKING,,,SIMULATED
1050.0,tag-0005,anchor-07,-113.78,6.22,True,1.0,WALKING,,,SIMULATED
1050.0,tag-0005,anchor-08,,,False,1.0,WALKING,,,SIMULATED
1050.0,tag-0006,anchor-01,-98.3,21.7,True,1.016652863555447,WALKING,,,SIMULATED
1050.0,tag-0006,anchor-02,-98.12,21.88,True,1.016652863555447,WALKING,,,SIMULATED
1050.0,tag-0006,anchor-03,,,False,1.016652863555447,WALKING,,,SIMULATED
1050.0,tag-0006,anchor-04,-101.98,18.02,True,1.016652863555447,WALKING,,,SIMULATED
1050.0,tag-0006,anchor-05,-86.67,33.33,True,1.016652863555447,WALKING,,,SIMULATED
1050.0,tag-0006,anchor-06,-120.5,-0.5,True,1.016652863555447,WALKING,,,SIMULATED
1050.0,tag-0006,anchor-07,-93.25,26.75,True,1.016652863555447,WALKING,,,SIMULATED
1050.0,tag-0006,anchor-08,-96.48,23.52,True,1.016652863555447,WALKING,,,SIMULATED
1050.0,tag-0007,anchor-01,-94.43,25.57,True,1.0,GRAZING,,,SIMULATED
1050.0,tag-0007,anchor-02,-96.85,23.15,True,1.0,GRAZING,,,SIMULATED
1050.0,tag-0007,anchor-03,,,False,1.0,GRAZING,,,SIMULATED
1050.0,tag-0007,anchor-04,-101.93,18.07,True,1.0,GRAZING,,,SIMULATED
1050.0,tag-0007,anchor-05,-86.43,33.57,True,1.0,GRAZING,,,SIMULATED
1050.0,tag-0007,anchor-06,-98.82,21.18,True,1.0,GRAZING,,,SIMULATED
1050.0,tag-0007,anchor-07,,,False,1.0,GRAZING,,,SIMULATED
1050.0,tag-0007,anchor-08,-111.83,8.17,True,1.0,GRAZING,,,SIMULATED
1050.0,tag-0008,anchor-01,-94.41,25.59,True,1.0,RESTING,,,SIMULATED
1050.0,tag-0008,anchor-02,-98.59,21.41,True,1.0,RESTING,,,SIMULATED
1050.0,tag-0008,anchor-03,,,False,1.0,RESTING,,,SIMULATED
1050.0,tag-0008,anchor-04,-98.99,21.01,True,1.0,RESTING,,,SIMULATED
1050.0,tag-0008,anchor-05,-101.84,18.16,True,1.0,RESTING,,,SIMULATED
1050.0,tag-0008,anchor-06,-119.21,0.79,True,1.0,RESTING,,,SIMULATED
1050.0,tag-0008,anchor-07,-98.92,21.08,True,1.0,RESTING,,,SIMULATED
1050.0,tag-0008,anchor-08,-85.12,34.88,True,1.0,RESTING,,,SIMULATED
1050.0,tag-0009,anchor-01,-103.1,16.9,True,1.0043412536226053,GRAZING,,,SIMULATED
1050.0,tag-0009,anchor-02,-96.29,23.71,True,1.0043412536226053,GRAZING,,,SIMULATED
1050.0,tag-0009,anchor-03,,,False,1.0043412536226053,GRAZING,,,SIMULATED
1050.0,tag-0009,anchor-04,-106.38,13.62,True,1.0043412536226053,GRAZING,,,SIMULATED
1050.0,tag-0009,anchor-05,-82.74,37.26,True,1.0043412536226053,GRAZING,,,SIMULATED
1050.0,tag-0009,anchor-06,-101.83,18.17,True,1.0043412536226053,GRAZING,,,SIMULATED
1050.0,tag-0009,anchor-07,-114.9,5.1,True,1.0043412536226053,GRAZING,,,SIMULATED
1050.0,tag-0009,anchor-08,-95.18,24.82,True,1.0043412536226053,GRAZING,,,SIMULATED
1050.0,tag-0010,anchor-01,-98.11,21.89,True,1.0,GRAZING,,,SIMULATED
1050.0,tag-0010,anchor-02,-105.28,14.72,True,1.0,GRAZING,,,SIMULATED
1050.0,tag-0010,anchor-03,,,False,1.0,GRAZING,,,SIMULATED
1050.0,tag-0010,anchor-04,-109.47,10.53,True,1.0,GRAZING,,,SIMULATED
1050.0,tag-0010,anchor-05,-87.81,32.19,True,1.0,GRAZING,,,SIMULATED
1050.0,tag-0010,anchor-06,-106.02,13.98,True,1.0,GRAZING,,,SIMULATED
1050.0,tag-0010,anchor-07,-101.32,18.68,True,1.0,GRAZING,,,SIMULATED
1050.0,tag-0010,anchor-08,-101.93,18.07,True,1.0,GRAZING,,,SIMULATED
1050.0,tag-0011,anchor-01,-100.04,19.96,True,1.0129158395970812,GRAZING,,,SIMULATED
1050.0,tag-0011,anchor-02,-89.75,30.25,True,1.0129158395970812,GRAZING,,,SIMULATED
1050.0,tag-0011,anchor-03,-116.95,3.05,True,1.0129158395970812,GRAZING,,,SIMULATED
1050.0,tag-0011,anchor-04,-95.62,24.38,True,1.0129158395970812,GRAZING,,,SIMULATED
1050.0,tag-0011,anchor-05,-87.88,32.12,True,1.0129158395970812,GRAZING,,,SIMULATED
1050.0,tag-0011,anchor-06,-104.11,15.89,True,1.0129158395970812,GRAZING,,,SIMULATED
1050.0,tag-0011,anchor-07,-92.24,27.76,True,1.0129158395970812,GRAZING,,,SIMULATED
1050.0,tag-0011,anchor-08,,,False,1.0129158395970812,GRAZING,,,SIMULATED
1050.0,tag-0012,anchor-01,-90.44,29.56,True,1.0004278795022299,GRAZING,,,SIMULATED
1050.0,tag-0012,anchor-02,-96.76,23.24,True,1.0004278795022299,GRAZING,,,SIMULATED
1050.0,tag-0012,anchor-03,-110.82,9.18,True,1.0004278795022299,GRAZING,,,SIMULATED
1050.0,tag-0012,anchor-04,,,False,1.0004278795022299,GRAZING,,,SIMULATED
1050.0,tag-0012,anchor-05,-67.51,52.49,True,1.0004278795022299,GRAZING,,,SIMULATED
1050.0,tag-0012,anchor-06,-102.53,17.47,True,1.0004278795022299,GRAZING,,,SIMULATED
1050.0,tag-0012,anchor-07,-121.36,-1.36,True,1.0004278795022299,GRAZING,,,SIMULATED
1050.0,tag-0012,anchor-08,-106.6,13.4,True,1.0004278795022299,GRAZING,,,SIMULATED
1050.0,tag-0013,anchor-01,-90.94,29.06,True,1.0,GRAZING,,,SIMULATED
1050.0,tag-0013,anchor-02,-93.6,26.4,True,1.0,GRAZING,,,SIMULATED
1050.0,tag-0013,anchor-03,,,False,1.0,GRAZING,,,SIMULATED
1050.0,tag-0013,anchor-04,-98.61,21.39,True,1.0,GRAZING,,,SIMULATED
1050.0,tag-0013,anchor-05,-85.36,34.64,True,1.0,GRAZING,,,SIMULATED
1050.0,tag-0013,anchor-06,,,False,1.0,GRAZING,,,SIMULATED
1050.0,tag-0013,anchor-07,-93.65,26.35,True,1.0,GRAZING,,,SIMULATED
1050.0,tag-0013,anchor-08,-93.11,26.89,True,1.0,GRAZING,,,SIMULATED
1050.0,tag-0014,anchor-01,-92.99,27.01,True,1.010201934487203,WALKING,,,SIMULATED
1050.0,tag-0014,anchor-02,-96.93,23.07,True,1.010201934487203,WALKING,,,SIMULATED
1050.0,tag-0014,anchor-03,-107.02,12.98,True,1.010201934487203,WALKING,,,SIMULATED
1050.0,tag-0014,anchor-04,,,False,1.010201934487203,WALKING,,,SIMULATED
1050.0,tag-0014,anchor-05,-80.58,39.42,True,1.010201934487203,WALKING,,,SIMULATED
1050.0,tag-0014,anchor-06,-99.97,20.03,True,1.010201934487203,WALKING,,,SIMULATED
1050.0,tag-0014,anchor-07,-111.11,8.89,True,1.010201934487203,WALKING,,,SIMULATED
1050.0,tag-0014,anchor-08,-108.05,11.95,True,1.010201934487203,WALKING,,,SIMULATED
1050.0,tag-0015,anchor-01,-87.5,32.5,True,1.0128111369134352,GRAZING,,,SIMULATED
1050.0,tag-0015,anchor-02,-92.13,27.87,True,1.0128111369134352,GRAZING,,,SIMULATED
1050.0,tag-0015,anchor-03,,,False,1.0128111369134352,GRAZING,,,SIMULATED
1050.0,tag-0015,anchor-04,-103.63,16.37,True,1.0128111369134352,GRAZING,,,SIMULATED
1050.0,tag-0015,anchor-05,-92.46,27.54,True,1.0128111369134352,GRAZING,,,SIMULATED
1050.0,tag-0015,anchor-06,-118.84,1.16,True,1.0128111369134352,GRAZING,,,SIMULATED
1050.0,tag-0015,anchor-07,,,False,1.0128111369134352,GRAZING,,,SIMULATED
1050.0,tag-0015,anchor-08,-91.0,29.0,True,1.0128111369134352,GRAZING,,,SIMULATED
1050.0,tag-0016,anchor-01,-80.99,39.01,True,1.0,GRAZING,,,SIMULATED
1050.0,tag-0016,anchor-02,-90.63,29.37,True,1.0,GRAZING,,,SIMULATED
1050.0,tag-0016,anchor-03,,,False,1.0,GRAZING,,,SIMULATED
1050.0,tag-0016,anchor-04,-109.47,10.53,True,1.0,GRAZING,,,SIMULATED
1050.0,tag-0016,anchor-05,-78.62,41.38,True,1.0,GRAZING,,,SIMULATED
1050.0,tag-0016,anchor-06,-96.64,23.36,True,1.0,GRAZING,,,SIMULATED
1050.0,tag-0016,anchor-07,-114.53,5.47,True,1.0,GRAZING,,,SIMULATED
1050.0,tag-0016,anchor-08,-103.97,16.03,True,1.0,GRAZING,,,SIMULATED
1050.0,tag-0017,anchor-01,-96.64,23.36,True,1.030286041307923,GRAZING,,,SIMULATED
1050.0,tag-0017,anchor-02,-94.79,25.21,True,1.030286041307923,GRAZING,,,SIMULATED
1050.0,tag-0017,anchor-03,,,False,1.030286041307923,GRAZING,,,SIMULATED
1050.0,tag-0017,anchor-04,-108.97,11.03,True,1.030286041307923,GRAZING,,,SIMULATED
1050.0,tag-0017,anchor-05,-84.59,35.41,True,1.030286041307923,GRAZING,,,SIMULATED
1050.0,tag-0017,anchor-06,-104.8,15.2,True,1.030286041307923,GRAZING,,,SIMULATED
1050.0,tag-0017,anchor-07,-117.71,2.29,True,1.030286041307923,GRAZING,,,SIMULATED
1050.0,tag-0017,anchor-08,-100.93,19.07,True,1.030286041307923,GRAZING,,,SIMULATED
1050.0,tag-0018,anchor-01,-83.35,36.65,True,1.0078489476853016,GRAZING,,,SIMULATED
1050.0,tag-0018,anchor-02,-88.55,31.45,True,1.0078489476853016,GRAZING,,,SIMULATED
1050.0,tag-0018,anchor-03,,,False,1.0078489476853016,GRAZING,,,SIMULATED
1050.0,tag-0018,anchor-04,-107.12,12.88,True,1.0078489476853016,GRAZING,,,SIMULATED
1050.0,tag-0018,anchor-05,-84.71,35.29,True,1.0078489476853016,GRAZING,,,SIMULATED
1050.0,tag-0018,anchor-06,-97.98,22.02,True,1.0078489476853016,GRAZING,,,SIMULATED
1050.0,tag-0018,anchor-07,-103.8,16.2,True,1.0078489476853016,GRAZING,,,SIMULATED
1050.0,tag-0018,anchor-08,-103.35,16.65,True,1.0078489476853016,GRAZING,,,SIMULATED
1050.0,tag-0019,anchor-01,-94.74,25.26,True,1.0124073299671654,GRAZING,,,SIMULATED
1050.0,tag-0019,anchor-02,-94.75,25.25,True,1.0124073299671654,GRAZING,,,SIMULATED
1050.0,tag-0019,anchor-03,,,False,1.0124073299671654,GRAZING,,,SIMULATED
1050.0,tag-0019,anchor-04,-101.77,18.23,True,1.0124073299671654,GRAZING,,,SIMULATED
1050.0,tag-0019,anchor-05,-87.87,32.13,True,1.0124073299671654,GRAZING,,,SIMULATED
1050.0,tag-0019,anchor-06,-100.56,19.44,True,1.0124073299671654,GRAZING,,,SIMULATED
1050.0,tag-0019,anchor-07,-121.14,-1.14,True,1.0124073299671654,GRAZING,,,SIMULATED
1050.0,tag-0019,anchor-08,-95.03,24.97,True,1.0124073299671654,GRAZING,,,SIMULATED
1050.0,tag-0020,anchor-01,-94.15,25.85,True,1.0,GRAZING,,,SIMULATED
1050.0,tag-0020,anchor-02,-97.76,22.24,True,1.0,GRAZING,,,SIMULATED
1050.0,tag-0020,anchor-03,-124.38,-4.38,True,1.0,GRAZING,,,SIMULATED
1050.0,tag-0020,anchor-04,-114.21,5.79,True,1.0,GRAZING,,,SIMULATED
1050.0,tag-0020,anchor-05,-80.98,39.02,True,1.0,GRAZING,,,SIMULATED
1050.0,tag-0020,anchor-06,-94.88,25.12,True,1.0,GRAZING,,,SIMULATED
1050.0,tag-0020,anchor-07,-99.34,20.66,True,1.0,GRAZING,,,SIMULATED
1050.0,tag-0020,anchor-08,-99.62,20.38,True,1.0,GRAZING,,,SIMULATED
1080.0,tag-0001,anchor-01,-82.75,37.25,True,1.0148786744039293,GRAZING,,,SIMULATED
1080.0,tag-0001,anchor-02,-84.89,35.11,True,1.0148786744039293,GRAZING,,,SIMULATED
1080.0,tag-0001,anchor-03,,,False,1.0148786744039293,GRAZING,,,SIMULATED
1080.0,tag-0001,anchor-04,-107.89,12.11,True,1.0148786744039293,GRAZING,,,SIMULATED
1080.0,tag-0001,anchor-05,-88.6,31.4,True,1.0148786744039293,GRAZING,,,SIMULATED
1080.0,tag-0001,anchor-06,-104.2,15.8,True,1.0148786744039293,GRAZING,,,SIMULATED
1080.0,tag-0001,anchor-07,-117.71,2.29,True,1.0148786744039293,GRAZING,,,SIMULATED
1080.0,tag-0001,anchor-08,-100.38,19.62,True,1.0148786744039293,GRAZING,,,SIMULATED
1080.0,tag-0002,anchor-01,-98.95,21.05,True,1.0124572974067119,WALKING,,,SIMULATED
1080.0,tag-0002,anchor-02,-101.63,18.37,True,1.0124572974067119,WALKING,,,SIMULATED
1080.0,tag-0002,anchor-03,,,False,1.0124572974067119,WALKING,,,SIMULATED
1080.0,tag-0002,anchor-04,,,False,1.0124572974067119,WALKING,,,SIMULATED
1080.0,tag-0002,anchor-05,,,False,1.0124572974067119,WALKING,,,SIMULATED
1080.0,tag-0002,anchor-06,-117.04,2.96,True,1.0124572974067119,WALKING,,,SIMULATED
1080.0,tag-0002,anchor-07,-100.36,19.64,True,1.0124572974067119,WALKING,,,SIMULATED
1080.0,tag-0002,anchor-08,-100.11,19.89,True,1.0124572974067119,WALKING,,,SIMULATED
1080.0,tag-0003,anchor-01,-102.22,17.78,True,1.0197303532095334,GRAZING,,,SIMULATED
1080.0,tag-0003,anchor-02,-95.53,24.47,True,1.0197303532095334,GRAZING,,,SIMULATED
1080.0,tag-0003,anchor-03,-126.79,-6.79,True,1.0197303532095334,GRAZING,,,SIMULATED
1080.0,tag-0003,anchor-04,,,False,1.0197303532095334,GRAZING,,,SIMULATED
1080.0,tag-0003,anchor-05,-93.25,26.75,True,1.0197303532095334,GRAZING,,,SIMULATED
1080.0,tag-0003,anchor-06,-92.9,27.1,True,1.0197303532095334,GRAZING,,,SIMULATED
1080.0,tag-0003,anchor-07,-114.67,5.33,True,1.0197303532095334,GRAZING,,,SIMULATED
1080.0,tag-0003,anchor-08,-91.44,28.56,True,1.0197303532095334,GRAZING,,,SIMULATED
1080.0,tag-0004,anchor-01,-102.49,17.51,True,1.014384055254481,GRAZING,,,SIMULATED
1080.0,tag-0004,anchor-02,-93.6,26.4,True,1.014384055254481,GRAZING,,,SIMULATED
1080.0,tag-0004,anchor-03,-120.43,-0.43,True,1.014384055254481,GRAZING,,,SIMULATED
1080.0,tag-0004,anchor-04,-96.41,23.59,True,1.014384055254481,GRAZING,,,SIMULATED
1080.0,tag-0004,anchor-05,-80.44,39.56,True,1.014384055254481,GRAZING,,,SIMULATED
1080.0,tag-0004,anchor-06,-94.14,25.86,True,1.014384055254481,GRAZING,,,SIMULATED
1080.0,tag-0004,anchor-07,-116.3,3.7,True,1.014384055254481,GRAZING,,,SIMULATED
1080.0,tag-0004,anchor-08,-98.9,21.1,True,1.014384055254481,GRAZING,,,SIMULATED
1080.0,tag-0005,anchor-01,-101.16,18.84,True,1.0037813875213415,WALKING,,,SIMULATED
1080.0,tag-0005,anchor-02,,,False,1.0037813875213415,WALKING,,,SIMULATED
1080.0,tag-0005,anchor-03,-126.51,-6.51,True,1.0037813875213415,WALKING,,,SIMULATED
1080.0,tag-0005,anchor-04,,,False,1.0037813875213415,WALKING,,,SIMULATED
1080.0,tag-0005,anchor-05,-86.95,33.05,True,1.0037813875213415,WALKING,,,SIMULATED
1080.0,tag-0005,anchor-06,-125.6,-5.6,True,1.0037813875213415,WALKING,,,SIMULATED
1080.0,tag-0005,anchor-07,-112.42,7.58,True,1.0037813875213415,WALKING,,,SIMULATED
1080.0,tag-0005,anchor-08,-99.27,20.73,True,1.0037813875213415,WALKING,,,SIMULATED
1080.0,tag-0006,anchor-01,-98.65,21.35,True,1.0,WALKING,,,SIMULATED
1080.0,tag-0006,anchor-02,-95.73,24.27,True,1.0,WALKING,,,SIMULATED
1080.0,tag-0006,anchor-03,,,False,1.0,WALKING,,,SIMULATED
1080.0,tag-0006,anchor-04,-106.17,13.83,True,1.0,WALKING,,,SIMULATED
1080.0,tag-0006,anchor-05,-85.31,34.69,True,1.0,WALKING,,,SIMULATED
1080.0,tag-0006,anchor-06,-112.72,7.28,True,1.0,WALKING,,,SIMULATED
1080.0,tag-0006,anchor-07,-92.71,27.29,True,1.0,WALKING,,,SIMULATED
1080.0,tag-0006,anchor-08,-95.5,24.5,True,1.0,WALKING,,,SIMULATED
1080.0,tag-0007,anchor-01,-94.87,25.13,True,1.0,GRAZING,,,SIMULATED
1080.0,tag-0007,anchor-02,-98.96,21.04,True,1.0,GRAZING,,,SIMULATED
1080.0,tag-0007,anchor-03,-121.99,-1.99,True,1.0,GRAZING,,,SIMULATED
1080.0,tag-0007,anchor-04,-107.16,12.84,True,1.0,GRAZING,,,SIMULATED
1080.0,tag-0007,anchor-05,-92.24,27.76,True,1.0,GRAZING,,,SIMULATED
1080.0,tag-0007,anchor-06,-97.27,22.73,True,1.0,GRAZING,,,SIMULATED
1080.0,tag-0007,anchor-07,-123.12,-3.12,True,1.0,GRAZING,,,SIMULATED
1080.0,tag-0007,anchor-08,-107.4,12.6,True,1.0,GRAZING,,,SIMULATED
1080.0,tag-0008,anchor-01,-97.82,22.18,True,1.0,RESTING,,,SIMULATED
1080.0,tag-0008,anchor-02,-99.59,20.41,True,1.0,RESTING,,,SIMULATED
1080.0,tag-0008,anchor-03,,,False,1.0,RESTING,,,SIMULATED
1080.0,tag-0008,anchor-04,,,False,1.0,RESTING,,,SIMULATED
1080.0,tag-0008,anchor-05,-94.23,25.77,True,1.0,RESTING,,,SIMULATED
1080.0,tag-0008,anchor-06,-123.71,-3.71,True,1.0,RESTING,,,SIMULATED
1080.0,tag-0008,anchor-07,-99.56,20.44,True,1.0,RESTING,,,SIMULATED
1080.0,tag-0008,anchor-08,-88.45,31.55,True,1.0,RESTING,,,SIMULATED
1080.0,tag-0009,anchor-01,-98.54,21.46,True,1.0,GRAZING,,,SIMULATED
1080.0,tag-0009,anchor-02,-91.76,28.24,True,1.0,GRAZING,,,SIMULATED
1080.0,tag-0009,anchor-03,,,False,1.0,GRAZING,,,SIMULATED
1080.0,tag-0009,anchor-04,-104.4,15.6,True,1.0,GRAZING,,,SIMULATED
1080.0,tag-0009,anchor-05,-78.07,41.93,True,1.0,GRAZING,,,SIMULATED
1080.0,tag-0009,anchor-06,-106.04,13.96,True,1.0,GRAZING,,,SIMULATED
1080.0,tag-0009,anchor-07,,,False,1.0,GRAZING,,,SIMULATED
1080.0,tag-0009,anchor-08,-96.49,23.51,True,1.0,GRAZING,,,SIMULATED
1080.0,tag-0010,anchor-01,-101.81,18.19,True,1.001444564954399,GRAZING,,,SIMULATED
1080.0,tag-0010,anchor-02,-109.66,10.34,True,1.001444564954399,GRAZING,,,SIMULATED
1080.0,tag-0010,anchor-03,,,False,1.001444564954399,GRAZING,,,SIMULATED
1080.0,tag-0010,anchor-04,-106.65,13.35,True,1.001444564954399,GRAZING,,,SIMULATED
1080.0,tag-0010,anchor-05,-90.17,29.83,True,1.001444564954399,GRAZING,,,SIMULATED
1080.0,tag-0010,anchor-06,-105.27,14.73,True,1.001444564954399,GRAZING,,,SIMULATED
1080.0,tag-0010,anchor-07,-101.59,18.41,True,1.001444564954399,GRAZING,,,SIMULATED
1080.0,tag-0010,anchor-08,-96.99,23.01,True,1.001444564954399,GRAZING,,,SIMULATED
1080.0,tag-0011,anchor-01,-97.81,22.19,True,1.0451510863446605,GRAZING,,,SIMULATED
1080.0,tag-0011,anchor-02,-90.64,29.36,True,1.0451510863446605,GRAZING,,,SIMULATED
1080.0,tag-0011,anchor-03,,,False,1.0451510863446605,GRAZING,,,SIMULATED
1080.0,tag-0011,anchor-04,-100.14,19.86,True,1.0451510863446605,GRAZING,,,SIMULATED
1080.0,tag-0011,anchor-05,-95.18,24.82,True,1.0451510863446605,GRAZING,,,SIMULATED
1080.0,tag-0011,anchor-06,-99.64,20.36,True,1.0451510863446605,GRAZING,,,SIMULATED
1080.0,tag-0011,anchor-07,-93.93,26.07,True,1.0451510863446605,GRAZING,,,SIMULATED
1080.0,tag-0011,anchor-08,-93.94,26.06,True,1.0451510863446605,GRAZING,,,SIMULATED
1080.0,tag-0012,anchor-01,-92.2,27.8,True,1.0110481922321837,GRAZING,,,SIMULATED
1080.0,tag-0012,anchor-02,-96.29,23.71,True,1.0110481922321837,GRAZING,,,SIMULATED
1080.0,tag-0012,anchor-03,-110.76,9.24,True,1.0110481922321837,GRAZING,,,SIMULATED
1080.0,tag-0012,anchor-04,-103.2,16.8,True,1.0110481922321837,GRAZING,,,SIMULATED
1080.0,tag-0012,anchor-05,-65.77,54.23,True,1.0110481922321837,GRAZING,,,SIMULATED
1080.0,tag-0012,anchor-06,-100.97,19.03,True,1.0110481922321837,GRAZING,,,SIMULATED
1080.0,tag-0012,anchor-07,-123.23,-3.23,True,1.0110481922321837,GRAZING,,,SIMULATED
1080.0,tag-0012,anchor-08,,,False,1.0110481922321837,GRAZING,,,SIMULATED
1080.0,tag-0013,anchor-01,-89.1,30.9,True,1.0122937044755909,GRAZING,,,SIMULATED
1080.0,tag-0013,anchor-02,-92.33,27.67,True,1.0122937044755909,GRAZING,,,SIMULATED
1080.0,tag-0013,anchor-03,,,False,1.0122937044755909,GRAZING,,,SIMULATED
1080.0,tag-0013,anchor-04,-102.88,17.12,True,1.0122937044755909,GRAZING,,,SIMULATED
1080.0,tag-0013,anchor-05,-92.11,27.89,True,1.0122937044755909,GRAZING,,,SIMULATED
1080.0,tag-0013,anchor-06,,,False,1.0122937044755909,GRAZING,,,SIMULATED
1080.0,tag-0013,anchor-07,-99.07,20.93,True,1.0122937044755909,GRAZING,,,SIMULATED
1080.0,tag-0013,anchor-08,-93.31,26.69,True,1.0122937044755909,GRAZING,,,SIMULATED
1080.0,tag-0014,anchor-01,-100.19,19.81,True,1.0,WALKING,,,SIMULATED
1080.0,tag-0014,anchor-02,-91.47,28.53,True,1.0,WALKING,,,SIMULATED
1080.0,tag-0014,anchor-03,-107.05,12.95,True,1.0,WALKING,,,SIMULATED
1080.0,tag-0014,anchor-04,,,False,1.0,WALKING,,,SIMULATED
1080.0,tag-0014,anchor-05,-82.09,37.91,True,1.0,WALKING,,,SIMULATED
1080.0,tag-0014,anchor-06,-98.27,21.73,True,1.0,WALKING,,,SIMULATED
1080.0,tag-0014,anchor-07,-113.61,6.39,True,1.0,WALKING,,,SIMULATED
1080.0,tag-0014,anchor-08,-101.0,19.0,True,1.0,WALKING,,,SIMULATED
1080.0,tag-0015,anchor-01,,,False,1.0,GRAZING,,,SIMULATED
1080.0,tag-0015,anchor-02,-95.62,24.38,True,1.0,GRAZING,,,SIMULATED
1080.0,tag-0015,anchor-03,,,False,1.0,GRAZING,,,SIMULATED
1080.0,tag-0015,anchor-04,,,False,1.0,GRAZING,,,SIMULATED
1080.0,tag-0015,anchor-05,-91.96,28.04,True,1.0,GRAZING,,,SIMULATED
1080.0,tag-0015,anchor-06,-124.41,-4.41,True,1.0,GRAZING,,,SIMULATED
1080.0,tag-0015,anchor-07,-91.89,28.11,True,1.0,GRAZING,,,SIMULATED
1080.0,tag-0015,anchor-08,-89.13,30.87,True,1.0,GRAZING,,,SIMULATED
1080.0,tag-0016,anchor-01,-87.51,32.49,True,1.0,GRAZING,,,SIMULATED
1080.0,tag-0016,anchor-02,-90.12,29.88,True,1.0,GRAZING,,,SIMULATED
1080.0,tag-0016,anchor-03,-126.89,-6.89,True,1.0,GRAZING,,,SIMULATED
1080.0,tag-0016,anchor-04,-105.63,14.37,True,1.0,GRAZING,,,SIMULATED
1080.0,tag-0016,anchor-05,-81.77,38.23,True,1.0,GRAZING,,,SIMULATED
1080.0,tag-0016,anchor-06,-91.11,28.89,True,1.0,GRAZING,,,SIMULATED
1080.0,tag-0016,anchor-07,-113.91,6.09,True,1.0,GRAZING,,,SIMULATED
1080.0,tag-0016,anchor-08,-100.38,19.62,True,1.0,GRAZING,,,SIMULATED
1080.0,tag-0017,anchor-01,-99.91,20.09,True,1.0042700390120534,GRAZING,,,SIMULATED
1080.0,tag-0017,anchor-02,-93.82,26.18,True,1.0042700390120534,GRAZING,,,SIMULATED
1080.0,tag-0017,anchor-03,,,False,1.0042700390120534,GRAZING,,,SIMULATED
1080.0,tag-0017,anchor-04,-110.08,9.92,True,1.0042700390120534,GRAZING,,,SIMULATED
1080.0,tag-0017,anchor-05,-85.1,34.9,True,1.0042700390120534,GRAZING,,,SIMULATED
1080.0,tag-0017,anchor-06,-106.82,13.18,True,1.0042700390120534,GRAZING,,,SIMULATED
1080.0,tag-0017,anchor-07,-126.11,-6.11,True,1.0042700390120534,GRAZING,,,SIMULATED
1080.0,tag-0017,anchor-08,-99.81,20.19,True,1.0042700390120534,GRAZING,,,SIMULATED
1080.0,tag-0018,anchor-01,-85.16,34.84,True,1.0,GRAZING,,,SIMULATED
1080.0,tag-0018,anchor-02,-92.14,27.86,True,1.0,GRAZING,,,SIMULATED
1080.0,tag-0018,anchor-03,,,False,1.0,GRAZING,,,SIMULATED
1080.0,tag-0018,anchor-04,-106.97,13.03,True,1.0,GRAZING,,,SIMULATED
1080.0,tag-0018,anchor-05,-86.2,33.8,True,1.0,GRAZING,,,SIMULATED
1080.0,tag-0018,anchor-06,-97.28,22.72,True,1.0,GRAZING,,,SIMULATED
1080.0,tag-0018,anchor-07,-103.43,16.57,True,1.0,GRAZING,,,SIMULATED
1080.0,tag-0018,anchor-08,-105.14,14.86,True,1.0,GRAZING,,,SIMULATED
1080.0,tag-0019,anchor-01,-92.33,27.67,True,1.024481556454558,GRAZING,,,SIMULATED
1080.0,tag-0019,anchor-02,-92.23,27.77,True,1.024481556454558,GRAZING,,,SIMULATED
1080.0,tag-0019,anchor-03,,,False,1.024481556454558,GRAZING,,,SIMULATED
1080.0,tag-0019,anchor-04,-100.43,19.57,True,1.024481556454558,GRAZING,,,SIMULATED
1080.0,tag-0019,anchor-05,-84.03,35.97,True,1.024481556454558,GRAZING,,,SIMULATED
1080.0,tag-0019,anchor-06,-103.44,16.56,True,1.024481556454558,GRAZING,,,SIMULATED
1080.0,tag-0019,anchor-07,-115.97,4.03,True,1.024481556454558,GRAZING,,,SIMULATED
1080.0,tag-0019,anchor-08,-96.75,23.25,True,1.024481556454558,GRAZING,,,SIMULATED
1080.0,tag-0020,anchor-01,-100.11,19.89,True,1.0,GRAZING,,,SIMULATED
1080.0,tag-0020,anchor-02,-94.89,25.11,True,1.0,GRAZING,,,SIMULATED
1080.0,tag-0020,anchor-03,,,False,1.0,GRAZING,,,SIMULATED
1080.0,tag-0020,anchor-04,-112.13,7.87,True,1.0,GRAZING,,,SIMULATED
1080.0,tag-0020,anchor-05,,,False,1.0,GRAZING,,,SIMULATED
1080.0,tag-0020,anchor-06,-91.08,28.92,True,1.0,GRAZING,,,SIMULATED
1080.0,tag-0020,anchor-07,-97.0,23.0,True,1.0,GRAZING,,,SIMULATED
1080.0,tag-0020,anchor-08,-100.26,19.74,True,1.0,GRAZING,,,SIMULATED
1110.0,tag-0001,anchor-01,-84.92,35.08,True,1.0023796464580728,GRAZING,,,SIMULATED
1110.0,tag-0001,anchor-02,-92.97,27.03,True,1.0023796464580728,GRAZING,,,SIMULATED
1110.0,tag-0001,anchor-03,,,False,1.0023796464580728,GRAZING,,,SIMULATED
1110.0,tag-0001,anchor-04,-109.62,10.38,True,1.0023796464580728,GRAZING,,,SIMULATED
1110.0,tag-0001,anchor-05,-84.21,35.79,True,1.0023796464580728,GRAZING,,,SIMULATED
1110.0,tag-0001,anchor-06,-105.49,14.51,True,1.0023796464580728,GRAZING,,,SIMULATED
1110.0,tag-0001,anchor-07,-110.56,9.44,True,1.0023796464580728,GRAZING,,,SIMULATED
1110.0,tag-0001,anchor-08,-95.09,24.91,True,1.0023796464580728,GRAZING,,,SIMULATED
1110.0,tag-0002,anchor-01,-99.92,20.08,True,1.0,WALKING,,,SIMULATED
1110.0,tag-0002,anchor-02,-103.01,16.99,True,1.0,WALKING,,,SIMULATED
1110.0,tag-0002,anchor-03,,,False,1.0,WALKING,,,SIMULATED
1110.0,tag-0002,anchor-04,,,False,1.0,WALKING,,,SIMULATED
1110.0,tag-0002,anchor-05,-91.14,28.86,True,1.0,WALKING,,,SIMULATED
1110.0,tag-0002,anchor-06,-119.23,0.77,True,1.0,WALKING,,,SIMULATED
1110.0,tag-0002,anchor-07,-96.17,23.83,True,1.0,WALKING,,,SIMULATED
1110.0,tag-0002,anchor-08,-100.46,19.54,True,1.0,WALKING,,,SIMULATED
1110.0,tag-0003,anchor-01,-102.87,17.13,True,1.0,GRAZING,,,SIMULATED
1110.0,tag-0003,anchor-02,-94.19,25.81,True,1.0,GRAZING,,,SIMULATED
1110.0,tag-0003,anchor-03,,,False,1.0,GRAZING,,,SIMULATED
1110.0,tag-0003,anchor-04,-104.31,15.69,True,1.0,GRAZING,,,SIMULATED
1110.0,tag-0003,anchor-05,-89.65,30.35,True,1.0,GRAZING,,,SIMULATED
1110.0,tag-0003,anchor-06,-96.25,23.75,True,1.0,GRAZING,,,SIMULATED
1110.0,tag-0003,anchor-07,-119.34,0.66,True,1.0,GRAZING,,,SIMULATED
1110.0,tag-0003,anchor-08,-92.36,27.64,True,1.0,GRAZING,,,SIMULATED
1110.0,tag-0004,anchor-01,-100.19,19.81,True,1.0,GRAZING,,,SIMULATED
1110.0,tag-0004,anchor-02,-88.28,31.72,True,1.0,GRAZING,,,SIMULATED
1110.0,tag-0004,anchor-03,-117.24,2.76,True,1.0,GRAZING,,,SIMULATED
1110.0,tag-0004,anchor-04,-102.34,17.66,True,1.0,GRAZING,,,SIMULATED
1110.0,tag-0004,anchor-05,-78.12,41.88,True,1.0,GRAZING,,,SIMULATED
1110.0,tag-0004,anchor-06,-101.05,18.95,True,1.0,GRAZING,,,SIMULATED
1110.0,tag-0004,anchor-07,-120.92,-0.92,True,1.0,GRAZING,,,SIMULATED
1110.0,tag-0004,anchor-08,-97.05,22.95,True,1.0,GRAZING,,,SIMULATED
1110.0,tag-0005,anchor-01,-93.18,26.82,True,1.0,WALKING,,,SIMULATED
1110.0,tag-0005,anchor-02,-97.71,22.29,True,1.0,WALKING,,,SIMULATED
1110.0,tag-0005,anchor-03,,,False,1.0,WALKING,,,SIMULATED
1110.0,tag-0005,anchor-04,,,False,1.0,WALKING,,,SIMULATED
1110.0,tag-0005,anchor-05,-88.88,31.12,True,1.0,WALKING,,,SIMULATED
1110.0,tag-0005,anchor-06,-123.36,-3.36,True,1.0,WALKING,,,SIMULATED
1110.0,tag-0005,anchor-07,-112.76,7.24,True,1.0,WALKING,,,SIMULATED
1110.0,tag-0005,anchor-08,-122.68,-2.68,True,1.0,WALKING,,,SIMULATED
1110.0,tag-0006,anchor-01,-101.67,18.33,True,1.0,WALKING,,,SIMULATED
1110.0,tag-0006,anchor-02,-87.94,32.06,True,1.0,WALKING,,,SIMULATED
1110.0,tag-0006,anchor-03,,,False,1.0,WALKING,,,SIMULATED
1110.0,tag-0006,anchor-04,-116.27,3.73,True,1.0,WALKING,,,SIMULATED
1110.0,tag-0006,anchor-05,-90.83,29.17,True,1.0,WALKING,,,SIMULATED
1110.0,tag-0006,anchor-06,-117.65,2.35,True,1.0,WALKING,,,SIMULATED
1110.0,tag-0006,anchor-07,-113.64,6.36,True,1.0,WALKING,,,SIMULATED
1110.0,tag-0006,anchor-08,-101.01,18.99,True,1.0,WALKING,,,SIMULATED
1110.0,tag-0007,anchor-01,-98.8,21.2,True,1.0111571121522593,GRAZING,,,SIMULATED
1110.0,tag-0007,anchor-02,-97.8,22.2,True,1.0111571121522593,GRAZING,,,SIMULATED
1110.0,tag-0007,anchor-03,-124.27,-4.27,True,1.0111571121522593,GRAZING,,,SIMULATED
1110.0,tag-0007,anchor-04,-102.6,17.4,True,1.0111571121522593,GRAZING,,,SIMULATED
1110.0,tag-0007,anchor-05,,,False,1.0111571121522593,GRAZING,,,SIMULATED
1110.0,tag-0007,anchor-06,-96.66,23.34,True,1.0111571121522593,GRAZING,,,SIMULATED
1110.0,tag-0007,anchor-07,,,False,1.0111571121522593,GRAZING,,,SIMULATED
1110.0,tag-0007,anchor-08,-107.96,12.04,True,1.0111571121522593,GRAZING,,,SIMULATED
1110.0,tag-0008,anchor-01,-100.16,19.84,True,1.008162206852453,RESTING,,,SIMULATED
1110.0,tag-0008,anchor-02,-99.53,20.47,True,1.008162206852453,RESTING,,,SIMULATED
1110.0,tag-0008,anchor-03,,,False,1.008162206852453,RESTING,,,SIMULATED
1110.0,tag-0008,anchor-04,-98.63,21.37,True,1.008162206852453,RESTING,,,SIMULATED
1110.0,tag-0008,anchor-05,-95.14,24.86,True,1.008162206852453,RESTING,,,SIMULATED
1110.0,tag-0008,anchor-06,,,False,1.008162206852453,RESTING,,,SIMULATED
1110.0,tag-0008,anchor-07,,,False,1.008162206852453,RESTING,,,SIMULATED
1110.0,tag-0008,anchor-08,,,False,1.008162206852453,RESTING,,,SIMULATED
1110.0,tag-0009,anchor-01,-99.18,20.82,True,1.0,GRAZING,,,SIMULATED
1110.0,tag-0009,anchor-02,-97.15,22.85,True,1.0,GRAZING,,,SIMULATED
1110.0,tag-0009,anchor-03,,,False,1.0,GRAZING,,,SIMULATED
1110.0,tag-0009,anchor-04,-101.91,18.09,True,1.0,GRAZING,,,SIMULATED
1110.0,tag-0009,anchor-05,-78.29,41.71,True,1.0,GRAZING,,,SIMULATED
1110.0,tag-0009,anchor-06,-95.92,24.08,True,1.0,GRAZING,,,SIMULATED
1110.0,tag-0009,anchor-07,-121.43,-1.43,True,1.0,GRAZING,,,SIMULATED
1110.0,tag-0009,anchor-08,-97.12,22.88,True,1.0,GRAZING,,,SIMULATED
1110.0,tag-0010,anchor-01,-102.84,17.16,True,1.0079849379743866,GRAZING,,,SIMULATED
1110.0,tag-0010,anchor-02,-103.92,16.08,True,1.0079849379743866,GRAZING,,,SIMULATED
1110.0,tag-0010,anchor-03,,,False,1.0079849379743866,GRAZING,,,SIMULATED
1110.0,tag-0010,anchor-04,-104.37,15.63,True,1.0079849379743866,GRAZING,,,SIMULATED
1110.0,tag-0010,anchor-05,-85.84,34.16,True,1.0079849379743866,GRAZING,,,SIMULATED
1110.0,tag-0010,anchor-06,-104.04,15.96,True,1.0079849379743866,GRAZING,,,SIMULATED
1110.0,tag-0010,anchor-07,-104.84,15.16,True,1.0079849379743866,GRAZING,,,SIMULATED
1110.0,tag-0010,anchor-08,-97.08,22.92,True,1.0079849379743866,GRAZING,,,SIMULATED
1110.0,tag-0011,anchor-01,-99.01,20.99,True,1.0,GRAZING,,,SIMULATED
1110.0,tag-0011,anchor-02,-99.84,20.16,True,1.0,GRAZING,,,SIMULATED
1110.0,tag-0011,anchor-03,,,False,1.0,GRAZING,,,SIMULATED
1110.0,tag-0011,anchor-04,-99.96,20.04,True,1.0,GRAZING,,,SIMULATED
1110.0,tag-0011,anchor-05,-87.61,32.39,True,1.0,GRAZING,,,SIMULATED
1110.0,tag-0011,anchor-06,-93.94,26.06,True,1.0,GRAZING,,,SIMULATED
1110.0,tag-0011,anchor-07,-91.52,28.48,True,1.0,GRAZING,,,SIMULATED
1110.0,tag-0011,anchor-08,-96.18,23.82,True,1.0,GRAZING,,,SIMULATED
1110.0,tag-0012,anchor-01,-89.47,30.53,True,1.001778436749443,GRAZING,,,SIMULATED
1110.0,tag-0012,anchor-02,-94.77,25.23,True,1.001778436749443,GRAZING,,,SIMULATED
1110.0,tag-0012,anchor-03,,,False,1.001778436749443,GRAZING,,,SIMULATED
1110.0,tag-0012,anchor-04,-104.08,15.92,True,1.001778436749443,GRAZING,,,SIMULATED
1110.0,tag-0012,anchor-05,-65.14,54.86,True,1.001778436749443,GRAZING,,,SIMULATED
1110.0,tag-0012,anchor-06,-102.42,17.58,True,1.001778436749443,GRAZING,,,SIMULATED
1110.0,tag-0012,anchor-07,-120.81,-0.81,True,1.001778436749443,GRAZING,,,SIMULATED
1110.0,tag-0012,anchor-08,-99.6,20.4,True,1.001778436749443,GRAZING,,,SIMULATED
1110.0,tag-0013,anchor-01,-90.63,29.37,True,1.0039941570610686,GRAZING,,,SIMULATED
1110.0,tag-0013,anchor-02,-94.82,25.18,True,1.0039941570610686,GRAZING,,,SIMULATED
1110.0,tag-0013,anchor-03,,,False,1.0039941570610686,GRAZING,,,SIMULATED
1110.0,tag-0013,anchor-04,-98.6,21.4,True,1.0039941570610686,GRAZING,,,SIMULATED
1110.0,tag-0013,anchor-05,-87.05,32.95,True,1.0039941570610686,GRAZING,,,SIMULATED
1110.0,tag-0013,anchor-06,,,False,1.0039941570610686,GRAZING,,,SIMULATED
1110.0,tag-0013,anchor-07,-98.51,21.49,True,1.0039941570610686,GRAZING,,,SIMULATED
1110.0,tag-0013,anchor-08,-90.0,30.0,True,1.0039941570610686,GRAZING,,,SIMULATED
1110.0,tag-0014,anchor-01,-100.5,19.5,True,1.0087631423887673,WALKING,,,SIMULATED
1110.0,tag-0014,anchor-02,-92.49,27.51,True,1.0087631423887673,WALKING,,,SIMULATED
1110.0,tag-0014,anchor-03,-97.82,22.18,True,1.0087631423887673,WALKING,,,SIMULATED
1110.0,tag-0014,anchor-04,,,False,1.0087631423887673,WALKING,,,SIMULATED
1110.0,tag-0014,anchor-05,-83.86,36.14,True,1.0087631423887673,WALKING,,,SIMULATED
1110.0,tag-0014,anchor-06,-88.58,31.42,True,1.0087631423887673,WALKING,,,SIMULATED
1110.0,tag-0014,anchor-07,-118.89,1.11,True,1.0087631423887673,WALKING,,,SIMULATED
1110.0,tag-0014,anchor-08,-101.54,18.46,True,1.0087631423887673,WALKING,,,SIMULATED
1110.0,tag-0015,anchor-01,-95.02,24.98,True,1.0,GRAZING,,,SIMULATED
1110.0,tag-0015,anchor-02,-90.95,29.05,True,1.0,GRAZING,,,SIMULATED
1110.0,tag-0015,anchor-03,,,False,1.0,GRAZING,,,SIMULATED
1110.0,tag-0015,anchor-04,-104.84,15.16,True,1.0,GRAZING,,,SIMULATED
1110.0,tag-0015,anchor-05,-93.82,26.18,True,1.0,GRAZING,,,SIMULATED
1110.0,tag-0015,anchor-06,-125.11,-5.11,True,1.0,GRAZING,,,SIMULATED
1110.0,tag-0015,anchor-07,-94.85,25.15,True,1.0,GRAZING,,,SIMULATED
1110.0,tag-0015,anchor-08,-93.98,26.02,True,1.0,GRAZING,,,SIMULATED
1110.0,tag-0016,anchor-01,-84.11,35.89,True,1.0,GRAZING,,,SIMULATED
1110.0,tag-0016,anchor-02,-92.21,27.79,True,1.0,GRAZING,,,SIMULATED
1110.0,tag-0016,anchor-03,-122.16,-2.16,True,1.0,GRAZING,,,SIMULATED
1110.0,tag-0016,anchor-04,-116.11,3.89,True,1.0,GRAZING,,,SIMULATED
1110.0,tag-0016,anchor-05,-81.06,38.94,True,1.0,GRAZING,,,SIMULATED
1110.0,tag-0016,anchor-06,-95.1,24.9,True,1.0,GRAZING,,,SIMULATED
1110.0,tag-0016,anchor-07,-116.1,3.9,True,1.0,GRAZING,,,SIMULATED
1110.0,tag-0016,anchor-08,-99.72,20.28,True,1.0,GRAZING,,,SIMULATED
1110.0,tag-0017,anchor-01,-97.3,22.7,True,1.0,GRAZING,,,SIMULATED
1110.0,tag-0017,anchor-02,-95.92,24.08,True,1.0,GRAZING,,,SIMULATED
1110.0,tag-0017,anchor-03,,,False,1.0,GRAZING,,,SIMULATED
1110.0,tag-0017,anchor-04,-110.96,9.04,True,1.0,GRAZING,,,SIMULATED
1110.0,tag-0017,anchor-05,-91.43,28.57,True,1.0,GRAZING,,,SIMULATED
1110.0,tag-0017,anchor-06,-101.06,18.94,True,1.0,GRAZING,,,SIMULATED
1110.0,tag-0017,anchor-07,-125.58,-5.58,True,1.0,GRAZING,,,SIMULATED
1110.0,tag-0017,anchor-08,,,False,1.0,GRAZING,,,SIMULATED
1110.0,tag-0018,anchor-01,-88.51,31.49,True,1.0,GRAZING,,,SIMULATED
1110.0,tag-0018,anchor-02,-90.23,29.77,True,1.0,GRAZING,,,SIMULATED
1110.0,tag-0018,anchor-03,,,False,1.0,GRAZING,,,SIMULATED
1110.0,tag-0018,anchor-04,,,False,1.0,GRAZING,,,SIMULATED
1110.0,tag-0018,anchor-05,-84.3,35.7,True,1.0,GRAZING,,,SIMULATED
1110.0,tag-0018,anchor-06,-102.57,17.43,True,1.0,GRAZING,,,SIMULATED
1110.0,tag-0018,anchor-07,-103.05,16.95,True,1.0,GRAZING,,,SIMULATED
1110.0,tag-0018,anchor-08,-108.18,11.82,True,1.0,GRAZING,,,SIMULATED
1110.0,tag-0019,anchor-01,-88.94,31.06,True,1.035212636750431,GRAZING,,,SIMULATED
1110.0,tag-0019,anchor-02,-90.73,29.27,True,1.035212636750431,GRAZING,,,SIMULATED
1110.0,tag-0019,anchor-03,,,False,1.035212636750431,GRAZING,,,SIMULATED
1110.0,tag-0019,anchor-04,-100.96,19.04,True,1.035212636750431,GRAZING,,,SIMULATED
1110.0,tag-0019,anchor-05,-82.18,37.82,True,1.035212636750431,GRAZING,,,SIMULATED
1110.0,tag-0019,anchor-06,-100.39,19.61,True,1.035212636750431,GRAZING,,,SIMULATED
1110.0,tag-0019,anchor-07,-119.36,0.64,True,1.035212636750431,GRAZING,,,SIMULATED
1110.0,tag-0019,anchor-08,-92.13,27.87,True,1.035212636750431,GRAZING,,,SIMULATED
1110.0,tag-0020,anchor-01,-94.27,25.73,True,1.0078105726741213,GRAZING,,,SIMULATED
1110.0,tag-0020,anchor-02,-97.12,22.88,True,1.0078105726741213,GRAZING,,,SIMULATED
1110.0,tag-0020,anchor-03,-124.74,-4.74,True,1.0078105726741213,GRAZING,,,SIMULATED
1110.0,tag-0020,anchor-04,-111.26,8.74,True,1.0078105726741213,GRAZING,,,SIMULATED
1110.0,tag-0020,anchor-05,-82.31,37.69,True,1.0078105726741213,GRAZING,,,SIMULATED
1110.0,tag-0020,anchor-06,-93.7,26.3,True,1.0078105726741213,GRAZING,,,SIMULATED
1110.0,tag-0020,anchor-07,-101.29,18.71,True,1.0078105726741213,GRAZING,,,SIMULATED
1110.0,tag-0020,anchor-08,-96.18,23.82,True,1.0078105726741213,GRAZING,,,SIMULATED
1140.0,tag-0001,anchor-01,-84.12,35.88,True,1.0,GRAZING,,,SIMULATED
1140.0,tag-0001,anchor-02,-92.97,27.03,True,1.0,GRAZING,,,SIMULATED
1140.0,tag-0001,anchor-03,,,False,1.0,GRAZING,,,SIMULATED
1140.0,tag-0001,anchor-04,-108.34,11.66,True,1.0,GRAZING,,,SIMULATED
1140.0,tag-0001,anchor-05,-86.5,33.5,True,1.0,GRAZING,,,SIMULATED
1140.0,tag-0001,anchor-06,-108.98,11.02,True,1.0,GRAZING,,,SIMULATED
1140.0,tag-0001,anchor-07,-109.18,10.82,True,1.0,GRAZING,,,SIMULATED
1140.0,tag-0001,anchor-08,-99.22,20.78,True,1.0,GRAZING,,,SIMULATED
1140.0,tag-0002,anchor-01,-102.34,17.66,True,1.0147681245318005,WALKING,,,SIMULATED
1140.0,tag-0002,anchor-02,-104.94,15.06,True,1.0147681245318005,WALKING,,,SIMULATED
1140.0,tag-0002,anchor-03,,,False,1.0147681245318005,WALKING,,,SIMULATED
1140.0,tag-0002,anchor-04,-100.26,19.74,True,1.0147681245318005,WALKING,,,SIMULATED
1140.0,tag-0002,anchor-05,-90.52,29.48,True,1.0147681245318005,WALKING,,,SIMULATED
1140.0,tag-0002,anchor-06,-116.1,3.9,True,1.0147681245318005,WALKING,,,SIMULATED
1140.0,tag-0002,anchor-07,-93.48,26.52,True,1.0147681245318005,WALKING,,,SIMULATED
1140.0,tag-0002,anchor-08,-98.95,21.05,True,1.0147681245318005,WALKING,,,SIMULATED
1140.0,tag-0003,anchor-01,,,False,1.0,GRAZING,,,SIMULATED
1140.0,tag-0003,anchor-02,-95.75,24.25,True,1.0,GRAZING,,,SIMULATED
1140.0,tag-0003,anchor-03,,,False,1.0,GRAZING,,,SIMULATED
1140.0,tag-0003,anchor-04,-106.88,13.12,True,1.0,GRAZING,,,SIMULATED
1140.0,tag-0003,anchor-05,-98.57,21.43,True,1.0,GRAZING,,,SIMULATED
1140.0,tag-0003,anchor-06,-91.07,28.93,True,1.0,GRAZING,,,SIMULATED
1140.0,tag-0003,anchor-07,-123.73,-3.73,True,1.0,GRAZING,,,SIMULATED
1140.0,tag-0003,anchor-08,-99.12,20.88,True,1.0,GRAZING,,,SIMULATED
1140.0,tag-0004,anchor-01,-99.24,20.76,True,1.0117010771681425,GRAZING,,,SIMULATED
1140.0,tag-0004,anchor-02,-87.46,32.54,True,1.0117010771681425,GRAZING,,,SIMULATED
1140.0,tag-0004,anchor-03,-121.34,-1.34,True,1.0117010771681425,GRAZING,,,SIMULATED
1140.0,tag-0004,anchor-04,-101.34,18.66,True,1.0117010771681425,GRAZING,,,SIMULATED
1140.0,tag-0004,anchor-05,-86.0,34.0,True,1.0117010771681425,GRAZING,,,SIMULATED
1140.0,tag-0004,anchor-06,-106.34,13.66,True,1.0117010771681425,GRAZING,,,SIMULATED
1140.0,tag-0004,anchor-07,-120.98,-0.98,True,1.0117010771681425,GRAZING,,,SIMULATED
1140.0,tag-0004,anchor-08,-96.12,23.88,True,1.0117010771681425,GRAZING,,,SIMULATED
1140.0,tag-0005,anchor-01,-96.07,23.93,True,1.0,WALKING,,,SIMULATED
1140.0,tag-0005,anchor-02,-94.47,25.53,True,1.0,WALKING,,,SIMULATED
1140.0,tag-0005,anchor-03,,,False,1.0,WALKING,,,SIMULATED
1140.0,tag-0005,anchor-04,,,False,1.0,WALKING,,,SIMULATED
1140.0,tag-0005,anchor-05,-86.44,33.56,True,1.0,WALKING,,,SIMULATED
1140.0,tag-0005,anchor-06,-122.34,-2.34,True,1.0,WALKING,,,SIMULATED
1140.0,tag-0005,anchor-07,-118.61,1.39,True,1.0,WALKING,,,SIMULATED
1140.0,tag-0005,anchor-08,-104.72,15.28,True,1.0,WALKING,,,SIMULATED
1140.0,tag-0006,anchor-01,,,False,1.0349773407052427,WALKING,,,SIMULATED
1140.0,tag-0006,anchor-02,-90.91,29.09,True,1.0349773407052427,WALKING,,,SIMULATED
1140.0,tag-0006,anchor-03,-124.42,-4.42,True,1.0349773407052427,WALKING,,,SIMULATED
1140.0,tag-0006,anchor-04,-112.39,7.61,True,1.0349773407052427,WALKING,,,SIMULATED
1140.0,tag-0006,anchor-05,-91.16,28.84,True,1.0349773407052427,WALKING,,,SIMULATED
1140.0,tag-0006,anchor-06,-93.13,26.87,True,1.0349773407052427,WALKING,,,SIMULATED
1140.0,tag-0006,anchor-07,-117.18,2.82,True,1.0349773407052427,WALKING,,,SIMULATED
1140.0,tag-0006,anchor-08,-98.34,21.66,True,1.0349773407052427,WALKING,,,SIMULATED
1140.0,tag-0007,anchor-01,-98.47,21.53,True,1.0361572772551635,GRAZING,,,SIMULATED
1140.0,tag-0007,anchor-02,-100.37,19.63,True,1.0361572772551635,GRAZING,,,SIMULATED
1140.0,tag-0007,anchor-03,,,False,1.0361572772551635,GRAZING,,,SIMULATED
1140.0,tag-0007,anchor-04,-108.1,11.9,True,1.0361572772551635,GRAZING,,,SIMULATED
1140.0,tag-0007,anchor-05,-89.6,30.4,True,1.0361572772551635,GRAZING,,,SIMULATED
1140.0,tag-0007,anchor-06,-92.08,27.92,True,1.0361572772551635,GRAZING,,,SIMULATED
1140.0,tag-0007,anchor-07,-126.39,-6.39,True,1.0361572772551635,GRAZING,,,SIMULATED
1140.0,tag-0007,anchor-08,-103.38,16.62,True,1.0361572772551635,GRAZING,,,SIMULATED
1140.0,tag-0008,anchor-01,-98.25,21.75,True,1.0,RESTING,,,SIMULATED
1140.0,tag-0008,anchor-02,-96.24,23.76,True,1.0,RESTING,,,SIMULATED
1140.0,tag-0008,anchor-03,,,False,1.0,RESTING,,,SIMULATED
1140.0,tag-0008,anchor-04,-96.53,23.47,True,1.0,RESTING,,,SIMULATED
1140.0,tag-0008,anchor-05,-101.48,18.52,True,1.0,RESTING,,,SIMULATED
1140.0,tag-0008,anchor-06,-125.12,-5.12,True,1.0,RESTING,,,SIMULATED
1140.0,tag-0008,anchor-07,-99.66,20.34,True,1.0,RESTING,,,SIMULATED
1140.0,tag-0008,anchor-08,-83.29,36.71,True,1.0,RESTING,,,SIMULATED
1140.0,tag-0009,anchor-01,-101.78,18.22,True,1.011545455632625,GRAZING,,,SIMULATED
1140.0,tag-0009,anchor-02,-95.71,24.29,True,1.011545455632625,GRAZING,,,SIMULATED
1140.0,tag-0009,anchor-03,-126.55,-6.55,True,1.011545455632625,GRAZING,,,SIMULATED
1140.0,tag-0009,anchor-04,-99.35,20.65,True,1.011545455632625,GRAZING,,,SIMULATED
1140.0,tag-0009,anchor-05,-85.2,34.8,True,1.011545455632625,GRAZING,,,SIMULATED
1140.0,tag-0009,anchor-06,,,False,1.011545455632625,GRAZING,,,SIMULATED
1140.0,tag-0009,anchor-07,-117.15,2.85,True,1.011545455632625,GRAZING,,,SIMULATED
1140.0,tag-0009,anchor-08,-100.4,19.6,True,1.011545455632625,GRAZING,,,SIMULATED
1140.0,tag-0010,anchor-01,-100.78,19.22,True,1.0080438199726323,GRAZING,,,SIMULATED
1140.0,tag-0010,anchor-02,,,False,1.0080438199726323,GRAZING,,,SIMULATED
1140.0,tag-0010,anchor-03,,,False,1.0080438199726323,GRAZING,,,SIMULATED
1140.0,tag-0010,anchor-04,-106.63,13.37,True,1.0080438199726323,GRAZING,,,SIMULATED
1140.0,tag-0010,anchor-05,-81.51,38.49,True,1.0080438199726323,GRAZING,,,SIMULATED
1140.0,tag-0010,anchor-06,-102.55,17.45,True,1.0080438199726323,GRAZING,,,SIMULATED
1140.0,tag-0010,anchor-07,-97.72,22.28,True,1.0080438199726323,GRAZING,,,SIMULATED
1140.0,tag-0010,anchor-08,-94.82,25.18,True,1.0080438199726323,GRAZING,,,SIMULATED
1140.0,tag-0011,anchor-01,-97.9,22.1,True,1.0044416311992599,GRAZING,,,SIMULATED
1140.0,tag-0011,anchor-02,-99.85,20.15,True,1.0044416311992599,GRAZING,,,SIMULATED
1140.0,tag-0011,anchor-03,,,False,1.0044416311992599,GRAZING,,,SIMULATED
1140.0,tag-0011,anchor-04,-101.68,18.32,True,1.0044416311992599,GRAZING,,,SIMULATED
1140.0,tag-0011,anchor-05,-94.87,25.13,True,1.0044416311992599,GRAZING,,,SIMULATED
1140.0,tag-0011,anchor-06,-94.75,25.25,True,1.0044416311992599,GRAZING,,,SIMULATED
1140.0,tag-0011,anchor-07,-101.27,18.73,True,1.0044416311992599,GRAZING,,,SIMULATED
1140.0,tag-0011,anchor-08,-89.3,30.7,True,1.0044416311992599,GRAZING,,,SIMULATED
1140.0,tag-0012,anchor-01,-88.83,31.17,True,1.0,GRAZING,,,SIMULATED
1140.0,tag-0012,anchor-02,-100.33,19.67,True,1.0,GRAZING,,,SIMULATED
1140.0,tag-0012,anchor-03,-103.29,16.71,True,1.0,GRAZING,,,SIMULATED
1140.0,tag-0012,anchor-04,-104.9,15.1,True,1.0,GRAZING,,,SIMULATED
1140.0,tag-0012,anchor-05,-68.3,51.7,True,1.0,GRAZING,,,SIMULATED
1140.0,tag-0012,anchor-06,-101.5,18.5,True,1.0,GRAZING,,,SIMULATED
1140.0,tag-0012,anchor-07,-120.27,-0.27,True,1.0,GRAZING,,,SIMULATED
1140.0,tag-0012,anchor-08,-102.92,17.08,True,1.0,GRAZING,,,SIMULATED
1140.0,tag-0013,anchor-01,-93.31,26.69,True,1.0,GRAZING,,,SIMULATED
1140.0,tag-0013,anchor-02,-90.96,29.04,True,1.0,GRAZING,,,SIMULATED
1140.0,tag-0013,anchor-03,,,False,1.0,GRAZING,,,SIMULATED
1140.0,tag-0013,anchor-04,-96.72,23.28,True,1.0,GRAZING,,,SIMULATED
1140.0,tag-0013,anchor-05,-88.96,31.04,True,1.0,GRAZING,,,SIMULATED
1140.0,tag-0013,anchor-06,-125.3,-5.3,True,1.0,GRAZING,,,SIMULATED
1140.0,tag-0013,anchor-07,-104.86,15.14,True,1.0,GRAZING,,,SIMULATED
1140.0,tag-0013,anchor-08,-89.11,30.89,True,1.0,GRAZING,,,SIMULATED
1140.0,tag-0014,anchor-01,,,False,1.0,WALKING,,,SIMULATED
1140.0,tag-0014,anchor-02,-92.89,27.11,True,1.0,WALKING,,,SIMULATED
1140.0,tag-0014,anchor-03,-106.01,13.99,True,1.0,WALKING,,,SIMULATED
1140.0,tag-0014,anchor-04,,,False,1.0,WALKING,,,SIMULATED
1140.0,tag-0014,anchor-05,-86.6,33.4,True,1.0,WALKING,,,SIMULATED
1140.0,tag-0014,anchor-06,-91.63,28.37,True,1.0,WALKING,,,SIMULATED
1140.0,tag-0014,anchor-07,-97.44,22.56,True,1.0,WALKING,,,SIMULATED
1140.0,tag-0014,anchor-08,-102.4,17.6,True,1.0,WALKING,,,SIMULATED
1140.0,tag-0015,anchor-01,-92.31,27.69,True,1.0041367774476888,GRAZING,,,SIMULATED
1140.0,tag-0015,anchor-02,-96.62,23.38,True,1.0041367774476888,GRAZING,,,SIMULATED
1140.0,tag-0015,anchor-03,,,False,1.0041367774476888,GRAZING,,,SIMULATED
1140.0,tag-0015,anchor-04,-110.24,9.76,True,1.0041367774476888,GRAZING,,,SIMULATED
1140.0,tag-0015,anchor-05,-90.48,29.52,True,1.0041367774476888,GRAZING,,,SIMULATED
1140.0,tag-0015,anchor-06,,,False,1.0041367774476888,GRAZING,,,SIMULATED
1140.0,tag-0015,anchor-07,-91.79,28.21,True,1.0041367774476888,GRAZING,,,SIMULATED
1140.0,tag-0015,anchor-08,-93.24,26.76,True,1.0041367774476888,GRAZING,,,SIMULATED
1140.0,tag-0016,anchor-01,-92.54,27.46,True,1.0013777324302626,GRAZING,,,SIMULATED
1140.0,tag-0016,anchor-02,-91.45,28.55,True,1.0013777324302626,GRAZING,,,SIMULATED
1140.0,tag-0016,anchor-03,-122.38,-2.38,True,1.0013777324302626,GRAZING,,,SIMULATED
1140.0,tag-0016,anchor-04,-110.14,9.86,True,1.0013777324302626,GRAZING,,,SIMULATED
1140.0,tag-0016,anchor-05,-82.24,37.76,True,1.0013777324302626,GRAZING,,,SIMULATED
1140.0,tag-0016,anchor-06,-99.56,20.44,True,1.0013777324302626,GRAZING,,,SIMULATED
1140.0,tag-0016,anchor-07,-117.9,2.1,True,1.0013777324302626,GRAZING,,,SIMULATED
1140.0,tag-0016,anchor-08,-100.83,19.17,True,1.0013777324302626,GRAZING,,,SIMULATED
1140.0,tag-0017,anchor-01,-98.08,21.92,True,1.0063196654804734,GRAZING,,,SIMULATED
1140.0,tag-0017,anchor-02,-96.48,23.52,True,1.0063196654804734,GRAZING,,,SIMULATED
1140.0,tag-0017,anchor-03,,,False,1.0063196654804734,GRAZING,,,SIMULATED
1140.0,tag-0017,anchor-04,-112.21,7.79,True,1.0063196654804734,GRAZING,,,SIMULATED
1140.0,tag-0017,anchor-05,-82.93,37.07,True,1.0063196654804734,GRAZING,,,SIMULATED
1140.0,tag-0017,anchor-06,-108.44,11.56,True,1.0063196654804734,GRAZING,,,SIMULATED
1140.0,tag-0017,anchor-07,-125.96,-5.96,True,1.0063196654804734,GRAZING,,,SIMULATED
1140.0,tag-0017,anchor-08,-100.74,19.26,True,1.0063196654804734,GRAZING,,,SIMULATED
1140.0,tag-0018,anchor-01,-93.41,26.59,True,1.0,GRAZING,,,SIMULATED
1140.0,tag-0018,anchor-02,-94.22,25.78,True,1.0,GRAZING,,,SIMULATED
1140.0,tag-0018,anchor-03,,,False,1.0,GRAZING,,,SIMULATED
1140.0,tag-0018,anchor-04,-102.05,17.95,True,1.0,GRAZING,,,SIMULATED
1140.0,tag-0018,anchor-05,-81.24,38.76,True,1.0,GRAZING,,,SIMULATED
1140.0,tag-0018,anchor-06,-99.99,20.01,True,1.0,GRAZING,,,SIMULATED
1140.0,tag-0018,anchor-07,-101.79,18.21,True,1.0,GRAZING,,,SIMULATED
1140.0,tag-0018,anchor-08,-102.19,17.81,True,1.0,GRAZING,,,SIMULATED
1140.0,tag-0019,anchor-01,,,False,1.0020751472436171,GRAZING,,,SIMULATED
1140.0,tag-0019,anchor-02,-95.89,24.11,True,1.0020751472436171,GRAZING,,,SIMULATED
1140.0,tag-0019,anchor-03,,,False,1.0020751472436171,GRAZING,,,SIMULATED
1140.0,tag-0019,anchor-04,-99.98,20.02,True,1.0020751472436171,GRAZING,,,SIMULATED
1140.0,tag-0019,anchor-05,-82.06,37.94,True,1.0020751472436171,GRAZING,,,SIMULATED
1140.0,tag-0019,anchor-06,-100.14,19.86,True,1.0020751472436171,GRAZING,,,SIMULATED
1140.0,tag-0019,anchor-07,-119.29,0.71,True,1.0020751472436171,GRAZING,,,SIMULATED
1140.0,tag-0019,anchor-08,-96.66,23.34,True,1.0020751472436171,GRAZING,,,SIMULATED
1140.0,tag-0020,anchor-01,-97.37,22.63,True,1.0016348504983108,GRAZING,,,SIMULATED
1140.0,tag-0020,anchor-02,-97.61,22.39,True,1.0016348504983108,GRAZING,,,SIMULATED
1140.0,tag-0020,anchor-03,-120.9,-0.9,True,1.0016348504983108,GRAZING,,,SIMULATED
1140.0,tag-0020,anchor-04,-104.32,15.68,True,1.0016348504983108,GRAZING,,,SIMULATED
1140.0,tag-0020,anchor-05,-84.1,35.9,True,1.0016348504983108,GRAZING,,,SIMULATED
1140.0,tag-0020,anchor-06,,,False,1.0016348504983108,GRAZING,,,SIMULATED
1140.0,tag-0020,anchor-07,-97.81,22.19,True,1.0016348504983108,GRAZING,,,SIMULATED
1140.0,tag-0020,anchor-08,-98.9,21.1,True,1.0016348504983108,GRAZING,,,SIMULATED
1170.0,tag-0001,anchor-01,-81.58,38.42,True,1.0120774602353022,GRAZING,,,SIMULATED
1170.0,tag-0001,anchor-02,-92.8,27.2,True,1.0120774602353022,GRAZING,,,SIMULATED
1170.0,tag-0001,anchor-03,,,False,1.0120774602353022,GRAZING,,,SIMULATED
1170.0,tag-0001,anchor-04,-114.28,5.72,True,1.0120774602353022,GRAZING,,,SIMULATED
1170.0,tag-0001,anchor-05,,,False,1.0120774602353022,GRAZING,,,SIMULATED
1170.0,tag-0001,anchor-06,-109.9,10.1,True,1.0120774602353022,GRAZING,,,SIMULATED
1170.0,tag-0001,anchor-07,-107.84,12.16,True,1.0120774602353022,GRAZING,,,SIMULATED
1170.0,tag-0001,anchor-08,-98.42,21.58,True,1.0120774602353022,GRAZING,,,SIMULATED
1170.0,tag-0002,anchor-01,-98.86,21.14,True,1.0270313327969376,WALKING,,,SIMULATED
1170.0,tag-0002,anchor-02,-106.09,13.91,True,1.0270313327969376,WALKING,,,SIMULATED
1170.0,tag-0002,anchor-03,,,False,1.0270313327969376,WALKING,,,SIMULATED
1170.0,tag-0002,anchor-04,-99.39,20.61,True,1.0270313327969376,WALKING,,,SIMULATED
1170.0,tag-0002,anchor-05,-93.3,26.7,True,1.0270313327969376,WALKING,,,SIMULATED
1170.0,tag-0002,anchor-06,-121.88,-1.88,True,1.0270313327969376,WALKING,,,SIMULATED
1170.0,tag-0002,anchor-07,-98.27,21.73,True,1.0270313327969376,WALKING,,,SIMULATED
1170.0,tag-0002,anchor-08,-98.76,21.24,True,1.0270313327969376,WALKING,,,SIMULATED
1170.0,tag-0003,anchor-01,-94.89,25.11,True,1.0,GRAZING,,,SIMULATED
1170.0,tag-0003,anchor-02,-92.26,27.74,True,1.0,GRAZING,,,SIMULATED
1170.0,tag-0003,anchor-03,,,False,1.0,GRAZING,,,SIMULATED
1170.0,tag-0003,anchor-04,-103.87,16.13,True,1.0,GRAZING,,,SIMULATED
1170.0,tag-0003,anchor-05,-87.9,32.1,True,1.0,GRAZING,,,SIMULATED
1170.0,tag-0003,anchor-06,-98.18,21.82,True,1.0,GRAZING,,,SIMULATED
1170.0,tag-0003,anchor-07,-122.64,-2.64,True,1.0,GRAZING,,,SIMULATED
1170.0,tag-0003,anchor-08,-98.72,21.28,True,1.0,GRAZING,,,SIMULATED
1170.0,tag-0004,anchor-01,-100.99,19.01,True,1.0090040079215685,GRAZING,,,SIMULATED
1170.0,tag-0004,anchor-02,-89.14,30.86,True,1.0090040079215685,GRAZING,,,SIMULATED
1170.0,tag-0004,anchor-03,-121.26,-1.26,True,1.0090040079215685,GRAZING,,,SIMULATED
1170.0,tag-0004,anchor-04,-105.97,14.03,True,1.0090040079215685,GRAZING,,,SIMULATED
1170.0,tag-0004,anchor-05,-85.46,34.54,True,1.0090040079215685,GRAZING,,,SIMULATED
1170.0,tag-0004,anchor-06,-104.48,15.52,True,1.0090040079215685,GRAZING,,,SIMULATED
1170.0,tag-0004,anchor-07,-119.82,0.18,True,1.0090040079215685,GRAZING,,,SIMULATED
1170.0,tag-0004,anchor-08,-91.78,28.22,True,1.0090040079215685,GRAZING,,,SIMULATED
1170.0,tag-0005,anchor-01,-96.44,23.56,True,1.0,WALKING,,,SIMULATED
1170.0,tag-0005,anchor-02,-100.03,19.97,True,1.0,WALKING,,,SIMULATED
1170.0,tag-0005,anchor-03,,,False,1.0,WALKING,,,SIMULATED
1170.0,tag-0005,anchor-04,,,False,1.0,WALKING,,,SIMULATED
1170.0,tag-0005,anchor-05,-90.87,29.13,True,1.0,WALKING,,,SIMULATED
1170.0,tag-0005,anchor-06,-118.06,1.94,True,1.0,WALKING,,,SIMULATED
1170.0,tag-0005,anchor-07,-117.3,2.7,True,1.0,WALKING,,,SIMULATED
1170.0,tag-0005,anchor-08,-103.69,16.31,True,1.0,WALKING,,,SIMULATED
1170.0,tag-0006,anchor-01,-100.58,19.42,True,1.015425348021829,WALKING,,,SIMULATED
1170.0,tag-0006,anchor-02,-91.54,28.46,True,1.015425348021829,WALKING,,,SIMULATED
1170.0,tag-0006,anchor-03,-125.86,-5.86,True,1.015425348021829,WALKING,,,SIMULATED
1170.0,tag-0006,anchor-04,-112.85,7.15,True,1.015425348021829,WALKING,,,SIMULATED
1170.0,tag-0006,anchor-05,-89.09,30.91,True,1.015425348021829,WALKING,,,SIMULATED
1170.0,tag-0006,anchor-06,-98.16,21.84,True,1.015425348021829,WALKING,,,SIMULATED
1170.0,tag-0006,anchor-07,-116.51,3.49,True,1.015425348021829,WALKING,,,SIMULATED
1170.0,tag-0006,anchor-08,-102.08,17.92,True,1.015425348021829,WALKING,,,SIMULATED
1170.0,tag-0007,anchor-01,-97.37,22.63,True,1.019145927003882,GRAZING,,,SIMULATED
1170.0,tag-0007,anchor-02,-94.77,25.23,True,1.019145927003882,GRAZING,,,SIMULATED
1170.0,tag-0007,anchor-03,-125.53,-5.53,True,1.019145927003882,GRAZING,,,SIMULATED
1170.0,tag-0007,anchor-04,-109.84,10.16,True,1.019145927003882,GRAZING,,,SIMULATED
1170.0,tag-0007,anchor-05,-93.25,26.75,True,1.019145927003882,GRAZING,,,SIMULATED
1170.0,tag-0007,anchor-06,-93.34,26.66,True,1.019145927003882,GRAZING,,,SIMULATED
1170.0,tag-0007,anchor-07,-123.78,-3.78,True,1.019145927003882,GRAZING,,,SIMULATED
1170.0,tag-0007,anchor-08,-99.6,20.4,True,1.019145927003882,GRAZING,,,SIMULATED
1170.0,tag-0008,anchor-01,-98.19,21.81,True,1.000529571184983,RESTING,,,SIMULATED
1170.0,tag-0008,anchor-02,,,False,1.000529571184983,RESTING,,,SIMULATED
1170.0,tag-0008,anchor-03,,,False,1.000529571184983,RESTING,,,SIMULATED
1170.0,tag-0008,anchor-04,-95.43,24.57,True,1.000529571184983,RESTING,,,SIMULATED
1170.0,tag-0008,anchor-05,-96.68,23.32,True,1.000529571184983,RESTING,,,SIMULATED
1170.0,tag-0008,anchor-06,-123.4,-3.4,True,1.000529571184983,RESTING,,,SIMULATED
1170.0,tag-0008,anchor-07,-97.45,22.55,True,1.000529571184983,RESTING,,,SIMULATED
1170.0,tag-0008,anchor-08,-81.98,38.02,True,1.000529571184983,RESTING,,,SIMULATED
1170.0,tag-0009,anchor-01,-94.99,25.01,True,1.0,GRAZING,,,SIMULATED
1170.0,tag-0009,anchor-02,-91.37,28.63,True,1.0,GRAZING,,,SIMULATED
1170.0,tag-0009,anchor-03,-126.6,-6.6,True,1.0,GRAZING,,,SIMULATED
1170.0,tag-0009,anchor-04,-100.53,19.47,True,1.0,GRAZING,,,SIMULATED
1170.0,tag-0009,anchor-05,-88.72,31.28,True,1.0,GRAZING,,,SIMULATED
1170.0,tag-0009,anchor-06,-101.2,18.8,True,1.0,GRAZING,,,SIMULATED
1170.0,tag-0009,anchor-07,-112.11,7.89,True,1.0,GRAZING,,,SIMULATED
1170.0,tag-0009,anchor-08,,,False,1.0,GRAZING,,,SIMULATED
1170.0,tag-0010,anchor-01,-101.66,18.34,True,1.007782746159468,GRAZING,,,SIMULATED
1170.0,tag-0010,anchor-02,-103.89,16.11,True,1.007782746159468,GRAZING,,,SIMULATED
1170.0,tag-0010,anchor-03,,,False,1.007782746159468,GRAZING,,,SIMULATED
1170.0,tag-0010,anchor-04,-105.64,14.36,True,1.007782746159468,GRAZING,,,SIMULATED
1170.0,tag-0010,anchor-05,-87.23,32.77,True,1.007782746159468,GRAZING,,,SIMULATED
1170.0,tag-0010,anchor-06,-106.57,13.43,True,1.007782746159468,GRAZING,,,SIMULATED
1170.0,tag-0010,anchor-07,-105.75,14.25,True,1.007782746159468,GRAZING,,,SIMULATED
1170.0,tag-0010,anchor-08,-97.13,22.87,True,1.007782746159468,GRAZING,,,SIMULATED
1170.0,tag-0011,anchor-01,-97.01,22.99,True,1.01787545373362,GRAZING,,,SIMULATED
1170.0,tag-0011,anchor-02,-97.83,22.17,True,1.01787545373362,GRAZING,,,SIMULATED
1170.0,tag-0011,anchor-03,,,False,1.01787545373362,GRAZING,,,SIMULATED
1170.0,tag-0011,anchor-04,-104.24,15.76,True,1.01787545373362,GRAZING,,,SIMULATED
1170.0,tag-0011,anchor-05,,,False,1.01787545373362,GRAZING,,,SIMULATED
1170.0,tag-0011,anchor-06,,,False,1.01787545373362,GRAZING,,,SIMULATED
1170.0,tag-0011,anchor-07,-100.13,19.87,True,1.01787545373362,GRAZING,,,SIMULATED
1170.0,tag-0011,anchor-08,,,False,1.01787545373362,GRAZING,,,SIMULATED
1170.0,tag-0012,anchor-01,-92.11,27.89,True,1.0187748786491586,GRAZING,,,SIMULATED
1170.0,tag-0012,anchor-02,-88.29,31.71,True,1.0187748786491586,GRAZING,,,SIMULATED
1170.0,tag-0012,anchor-03,-104.55,15.45,True,1.0187748786491586,GRAZING,,,SIMULATED
1170.0,tag-0012,anchor-04,-102.88,17.12,True,1.0187748786491586,GRAZING,,,SIMULATED
1170.0,tag-0012,anchor-05,-68.25,51.75,True,1.0187748786491586,GRAZING,,,SIMULATED
1170.0,tag-0012,anchor-06,-97.25,22.75,True,1.0187748786491586,GRAZING,,,SIMULATED
1170.0,tag-0012,anchor-07,,,False,1.0187748786491586,GRAZING,,,SIMULATED
1170.0,tag-0012,anchor-08,-100.86,19.14,True,1.0187748786491586,GRAZING,,,SIMULATED
1170.0,tag-0013,anchor-01,-92.32,27.68,True,1.0125282739306463,GRAZING,,,SIMULATED
1170.0,tag-0013,anchor-02,-93.91,26.09,True,1.0125282739306463,GRAZING,,,SIMULATED
1170.0,tag-0013,anchor-03,,,False,1.0125282739306463,GRAZING,,,SIMULATED
1170.0,tag-0013,anchor-04,-100.25,19.75,True,1.0125282739306463,GRAZING,,,SIMULATED
1170.0,tag-0013,anchor-05,-81.17,38.83,True,1.0125282739306463,GRAZING,,,SIMULATED
1170.0,tag-0013,anchor-06,-124.31,-4.31,True,1.0125282739306463,GRAZING,,,SIMULATED
1170.0,tag-0013,anchor-07,-101.05,18.95,True,1.0125282739306463,GRAZING,,,SIMULATED
1170.0,tag-0013,anchor-08,-88.09,31.91,True,1.0125282739306463,GRAZING,,,SIMULATED
1170.0,tag-0014,anchor-01,-92.56,27.44,True,1.0,WALKING,,,SIMULATED
1170.0,tag-0014,anchor-02,-89.23,30.77,True,1.0,WALKING,,,SIMULATED
1170.0,tag-0014,anchor-03,-103.44,16.56,True,1.0,WALKING,,,SIMULATED
1170.0,tag-0014,anchor-04,,,False,1.0,WALKING,,,SIMULATED
1170.0,tag-0014,anchor-05,-86.94,33.06,True,1.0,WALKING,,,SIMULATED
1170.0,tag-0014,anchor-06,-94.39,25.61,True,1.0,WALKING,,,SIMULATED
1170.0,tag-0014,anchor-07,-98.49,21.51,True,1.0,WALKING,,,SIMULATED
1170.0,tag-0014,anchor-08,,,False,1.0,WALKING,,,SIMULATED
1170.0,tag-0015,anchor-01,-97.19,22.81,True,1.0,GRAZING,,,SIMULATED
1170.0,tag-0015,anchor-02,-90.59,29.41,True,1.0,GRAZING,,,SIMULATED
1170.0,tag-0015,anchor-03,,,False,1.0,GRAZING,,,SIMULATED
1170.0,tag-0015,anchor-04,-111.22,8.78,True,1.0,GRAZING,,,SIMULATED
1170.0,tag-0015,anchor-05,-93.42,26.58,True,1.0,GRAZING,,,SIMULATED
1170.0,tag-0015,anchor-06,,,False,1.0,GRAZING,,,SIMULATED
1170.0,tag-0015,anchor-07,-90.72,29.28,True,1.0,GRAZING,,,SIMULATED
1170.0,tag-0015,anchor-08,-88.21,31.79,True,1.0,GRAZING,,,SIMULATED
1170.0,tag-0016,anchor-01,-95.59,24.41,True,1.0228574940518893,GRAZING,,,SIMULATED
1170.0,tag-0016,anchor-02,-96.0,24.0,True,1.0228574940518893,GRAZING,,,SIMULATED
1170.0,tag-0016,anchor-03,-119.39,0.61,True,1.0228574940518893,GRAZING,,,SIMULATED
1170.0,tag-0016,anchor-04,,,False,1.0228574940518893,GRAZING,,,SIMULATED
1170.0,tag-0016,anchor-05,-81.3,38.7,True,1.0228574940518893,GRAZING,,,SIMULATED
1170.0,tag-0016,anchor-06,-97.55,22.45,True,1.0228574940518893,GRAZING,,,SIMULATED
1170.0,tag-0016,anchor-07,-121.45,-1.45,True,1.0228574940518893,GRAZING,,,SIMULATED
1170.0,tag-0016,anchor-08,-96.17,23.83,True,1.0228574940518893,GRAZING,,,SIMULATED
1170.0,tag-0017,anchor-01,,,False,1.0,GRAZING,,,SIMULATED
1170.0,tag-0017,anchor-02,-90.62,29.38,True,1.0,GRAZING,,,SIMULATED
1170.0,tag-0017,anchor-03,,,False,1.0,GRAZING,,,SIMULATED
1170.0,tag-0017,anchor-04,-114.1,5.9,True,1.0,GRAZING,,,SIMULATED
1170.0,tag-0017,anchor-05,-93.49,26.51,True,1.0,GRAZING,,,SIMULATED
1170.0,tag-0017,anchor-06,-105.3,14.7,True,1.0,GRAZING,,,SIMULATED
1170.0,tag-0017,anchor-07,-117.48,2.52,True,1.0,GRAZING,,,SIMULATED
1170.0,tag-0017,anchor-08,,,False,1.0,GRAZING,,,SIMULATED
1170.0,tag-0018,anchor-01,-93.3,26.7,True,1.0188180334005341,GRAZING,,,SIMULATED
1170.0,tag-0018,anchor-02,-92.82,27.18,True,1.0188180334005341,GRAZING,,,SIMULATED
1170.0,tag-0018,anchor-03,,,False,1.0188180334005341,GRAZING,,,SIMULATED
1170.0,tag-0018,anchor-04,-107.32,12.68,True,1.0188180334005341,GRAZING,,,SIMULATED
1170.0,tag-0018,anchor-05,,,False,1.0188180334005341,GRAZING,,,SIMULATED
1170.0,tag-0018,anchor-06,-104.02,15.98,True,1.0188180334005341,GRAZING,,,SIMULATED
1170.0,tag-0018,anchor-07,-101.11,18.89,True,1.0188180334005341,GRAZING,,,SIMULATED
1170.0,tag-0018,anchor-08,-103.64,16.36,True,1.0188180334005341,GRAZING,,,SIMULATED
1170.0,tag-0019,anchor-01,-87.57,32.43,True,1.0294226153132342,GRAZING,,,SIMULATED
1170.0,tag-0019,anchor-02,-98.24,21.76,True,1.0294226153132342,GRAZING,,,SIMULATED
1170.0,tag-0019,anchor-03,-126.65,-6.65,True,1.0294226153132342,GRAZING,,,SIMULATED
1170.0,tag-0019,anchor-04,-103.3,16.7,True,1.0294226153132342,GRAZING,,,SIMULATED
1170.0,tag-0019,anchor-05,-86.11,33.89,True,1.0294226153132342,GRAZING,,,SIMULATED
1170.0,tag-0019,anchor-06,-99.08,20.92,True,1.0294226153132342,GRAZING,,,SIMULATED
1170.0,tag-0019,anchor-07,-114.5,5.5,True,1.0294226153132342,GRAZING,,,SIMULATED
1170.0,tag-0019,anchor-08,-95.46,24.54,True,1.0294226153132342,GRAZING,,,SIMULATED
1170.0,tag-0020,anchor-01,-96.07,23.93,True,1.0118181392565901,GRAZING,,,SIMULATED
1170.0,tag-0020,anchor-02,-97.2,22.8,True,1.0118181392565901,GRAZING,,,SIMULATED
1170.0,tag-0020,anchor-03,-124.96,-4.96,True,1.0118181392565901,GRAZING,,,SIMULATED
1170.0,tag-0020,anchor-04,-104.27,15.73,True,1.0118181392565901,GRAZING,,,SIMULATED
1170.0,tag-0020,anchor-05,-84.1,35.9,True,1.0118181392565901,GRAZING,,,SIMULATED
1170.0,tag-0020,anchor-06,-95.32,24.68,True,1.0118181392565901,GRAZING,,,SIMULATED
1170.0,tag-0020,anchor-07,-91.8,28.2,True,1.0118181392565901,GRAZING,,,SIMULATED
1170.0,tag-0020,anchor-08,-98.26,21.74,True,1.0118181392565901,GRAZING,,,SIMULATED
1200.0,tag-0001,anchor-01,-79.76,40.24,True,1.001950358613477,GRAZING,,,SIMULATED
1200.0,tag-0001,anchor-02,-92.23,27.77,True,1.001950358613477,GRAZING,,,SIMULATED
1200.0,tag-0001,anchor-03,-125.66,-5.66,True,1.001950358613477,GRAZING,,,SIMULATED
1200.0,tag-0001,anchor-04,-109.56,10.44,True,1.001950358613477,GRAZING,,,SIMULATED
1200.0,tag-0001,anchor-05,-81.47,38.53,True,1.001950358613477,GRAZING,,,SIMULATED
1200.0,tag-0001,anchor-06,-106.47,13.53,True,1.001950358613477,GRAZING,,,SIMULATED
1200.0,tag-0001,anchor-07,-112.79,7.21,True,1.001950358613477,GRAZING,,,SIMULATED
1200.0,tag-0001,anchor-08,-100.98,19.02,True,1.001950358613477,GRAZING,,,SIMULATED
1200.0,tag-0002,anchor-01,-98.43,21.57,True,1.0255204622537626,WALKING,,,SIMULATED
1200.0,tag-0002,anchor-02,-102.16,17.84,True,1.0255204622537626,WALKING,,,SIMULATED
1200.0,tag-0002,anchor-03,,,False,1.0255204622537626,WALKING,,,SIMULATED
1200.0,tag-0002,anchor-04,-100.62,19.38,True,1.0255204622537626,WALKING,,,SIMULATED
1200.0,tag-0002,anchor-05,-92.72,27.28,True,1.0255204622537626,WALKING,,,SIMULATED
1200.0,tag-0002,anchor-06,-122.21,-2.21,True,1.0255204622537626,WALKING,,,SIMULATED
1200.0,tag-0002,anchor-07,-94.65,25.35,True,1.0255204622537626,WALKING,,,SIMULATED
1200.0,tag-0002,anchor-08,-105.57,14.43,True,1.0255204622537626,WALKING,,,SIMULATED
1200.0,tag-0003,anchor-01,-94.94,25.06,True,1.0,GRAZING,,,SIMULATED
1200.0,tag-0003,anchor-02,-96.52,23.48,True,1.0,GRAZING,,,SIMULATED
1200.0,tag-0003,anchor-03,,,False,1.0,GRAZING,,,SIMULATED
1200.0,tag-0003,anchor-04,-108.0,12.0,True,1.0,GRAZING,,,SIMULATED
1200.0,tag-0003,anchor-05,-93.79,26.21,True,1.0,GRAZING,,,SIMULATED
1200.0,tag-0003,anchor-06,-98.65,21.35,True,1.0,GRAZING,,,SIMULATED
1200.0,tag-0003,anchor-07,-114.97,5.03,True,1.0,GRAZING,,,SIMULATED
1200.0,tag-0003,anchor-08,-98.15,21.85,True,1.0,GRAZING,,,SIMULATED
1200.0,tag-0004,anchor-01,-103.15,16.85,True,1.0181049251320908,GRAZING,,,SIMULATED
1200.0,tag-0004,anchor-02,-95.64,24.36,True,1.0181049251320908,GRAZING,,,SIMULATED
1200.0,tag-0004,anchor-03,-124.17,-4.17,True,1.0181049251320908,GRAZING,,,SIMULATED
1200.0,tag-0004,anchor-04,-104.32,15.68,True,1.0181049251320908,GRAZING,,,SIMULATED
1200.0,tag-0004,anchor-05,-82.4,37.6,True,1.0181049251320908,GRAZING,,,SIMULATED
1200.0,tag-0004,anchor-06,-101.37,18.63,True,1.0181049251320908,GRAZING,,,SIMULATED
1200.0,tag-0004,anchor-07,-120.64,-0.64,True,1.0181049251320908,GRAZING,,,SIMULATED
1200.0,tag-0004,anchor-08,-99.2,20.8,True,1.0181049251320908,GRAZING,,,SIMULATED
1200.0,tag-0005,anchor-01,-92.52,27.48,True,1.0223557045031337,WALKING,,,SIMULATED
1200.0,tag-0005,anchor-02,-95.64,24.36,True,1.0223557045031337,WALKING,,,SIMULATED
1200.0,tag-0005,anchor-03,,,False,1.0223557045031337,WALKING,,,SIMULATED
1200.0,tag-0005,anchor-04,-124.74,-4.74,True,1.0223557045031337,WALKING,,,SIMULATED
1200.0,tag-0005,anchor-05,-90.62,29.38,True,1.0223557045031337,WALKING,,,SIMULATED
1200.0,tag-0005,anchor-06,-126.87,-6.87,True,1.0223557045031337,WALKING,,,SIMULATED
1200.0,tag-0005,anchor-07,-120.49,-0.49,True,1.0223557045031337,WALKING,,,SIMULATED
1200.0,tag-0005,anchor-08,-120.24,-0.24,True,1.0223557045031337,WALKING,,,SIMULATED
1200.0,tag-0006,anchor-01,-101.65,18.35,True,1.0,WALKING,,,SIMULATED
1200.0,tag-0006,anchor-02,-91.72,28.28,True,1.0,WALKING,,,SIMULATED
1200.0,tag-0006,anchor-03,,,False,1.0,WALKING,,,SIMULATED
1200.0,tag-0006,anchor-04,-113.31,6.69,True,1.0,WALKING,,,SIMULATED
1200.0,tag-0006,anchor-05,-90.18,29.82,True,1.0,WALKING,,,SIMULATED
1200.0,tag-0006,anchor-06,-97.42,22.58,True,1.0,WALKING,,,SIMULATED
1200.0,tag-0006,anchor-07,-118.36,1.64,True,1.0,WALKING,,,SIMULATED
1200.0,tag-0006,anchor-08,-93.77,26.23,True,1.0,WALKING,,,SIMULATED
1200.0,tag-0007,anchor-01,-97.19,22.81,True,1.0128316452575628,GRAZING,,,SIMULATED
1200.0,tag-0007,anchor-02,-91.77,28.23,True,1.0128316452575628,GRAZING,,,SIMULATED
1200.0,tag-0007,anchor-03,-124.2,-4.2,True,1.0128316452575628,GRAZING,,,SIMULATED
1200.0,tag-0007,anchor-04,-106.03,13.97,True,1.0128316452575628,GRAZING,,,SIMULATED
1200.0,tag-0007,anchor-05,-85.69,34.31,True,1.0128316452575628,GRAZING,,,SIMULATED
1200.0,tag-0007,anchor-06,-92.96,27.04,True,1.0128316452575628,GRAZING,,,SIMULATED
1200.0,tag-0007,anchor-07,,,False,1.0128316452575628,GRAZING,,,SIMULATED
1200.0,tag-0007,anchor-08,-101.29,18.71,True,1.0128316452575628,GRAZING,,,SIMULATED
1200.0,tag-0008,anchor-01,-96.57,23.43,True,1.0,RESTING,,,SIMULATED
1200.0,tag-0008,anchor-02,-92.51,27.49,True,1.0,RESTING,,,SIMULATED
1200.0,tag-0008,anchor-03,,,False,1.0,RESTING,,,SIMULATED
1200.0,tag-0008,anchor-04,-97.1,22.9,True,1.0,RESTING,,,SIMULATED
1200.0,tag-0008,anchor-05,,,False,1.0,RESTING,,,SIMULATED
1200.0,tag-0008,anchor-06,-126.3,-6.3,True,1.0,RESTING,,,SIMULATED
1200.0,tag-0008,anchor-07,-94.61,25.39,True,1.0,RESTING,,,SIMULATED
1200.0,tag-0008,anchor-08,-83.46,36.54,True,1.0,RESTING,,,SIMULATED
1200.0,tag-0009,anchor-01,-89.67,30.33,True,1.0178070910154393,GRAZING,,,SIMULATED
1200.0,tag-0009,anchor-02,-96.52,23.48,True,1.0178070910154393,GRAZING,,,SIMULATED
1200.0,tag-0009,anchor-03,,,False,1.0178070910154393,GRAZING,,,SIMULATED
1200.0,tag-0009,anchor-04,-100.59,19.41,True,1.0178070910154393,GRAZING,,,SIMULATED
1200.0,tag-0009,anchor-05,-88.05,31.95,True,1.0178070910154393,GRAZING,,,SIMULATED
1200.0,tag-0009,anchor-06,-122.36,-2.36,True,1.0178070910154393,GRAZING,,,SIMULATED
1200.0,tag-0009,anchor-07,-117.57,2.43,True,1.0178070910154393,GRAZING,,,SIMULATED
1200.0,tag-0009,anchor-08,-98.86,21.14,True,1.0178070910154393,GRAZING,,,SIMULATED
1200.0,tag-0010,anchor-01,,,False,1.0060530554348739,GRAZING,,,SIMULATED
1200.0,tag-0010,anchor-02,-101.74,18.26,True,1.0060530554348739,GRAZING,,,SIMULATED
1200.0,tag-0010,anchor-03,,,False,1.0060530554348739,GRAZING,,,SIMULATED
1200.0,tag-0010,anchor-04,-102.32,17.68,True,1.0060530554348739,GRAZING,,,SIMULATED
1200.0,tag-0010,anchor-05,-77.76,42.24,True,1.0060530554348739,GRAZING,,,SIMULATED
1200.0,tag-0010,anchor-06,-107.95,12.05,True,1.0060530554348739,GRAZING,,,SIMULATED
1200.0,tag-0010,anchor-07,-100.19,19.81,True,1.0060530554348739,GRAZING,,,SIMULATED
1200.0,tag-0010,anchor-08,-98.81,21.19,True,1.0060530554348739,GRAZING,,,SIMULATED
1200.0,tag-0011,anchor-01,-99.78,20.22,True,1.0343046746202826,GRAZING,,,SIMULATED
1200.0,tag-0011,anchor-02,-97.02,22.98,True,1.0343046746202826,GRAZING,,,SIMULATED
1200.0,tag-0011,anchor-03,,,False,1.0343046746202826,GRAZING,,,SIMULATED
1200.0,tag-0011,anchor-04,-107.02,12.98,True,1.0343046746202826,GRAZING,,,SIMULATED
1200.0,tag-0011,anchor-05,,,False,1.0343046746202826,GRAZING,,,SIMULATED
1200.0,tag-0011,anchor-06,-116.98,3.02,True,1.0343046746202826,GRAZING,,,SIMULATED
1200.0,tag-0011,anchor-07,-102.21,17.79,True,1.0343046746202826,GRAZING,,,SIMULATED
1200.0,tag-0011,anchor-08,-84.58,35.42,True,1.0343046746202826,GRAZING,,,SIMULATED
1200.0,tag-0012,anchor-01,-93.92,26.08,True,1.0,GRAZING,,,SIMULATED
1200.0,tag-0012,anchor-02,-92.67,27.33,True,1.0,GRAZING,,,SIMULATED
1200.0,tag-0012,anchor-03,-103.56,16.44,True,1.0,GRAZING,,,SIMULATED
1200.0,tag-0012,anchor-04,-104.6,15.4,True,1.0,GRAZING,,,SIMULATED
1200.0,tag-0012,anchor-05,-69.01,50.99,True,1.0,GRAZING,,,SIMULATED
1200.0,tag-0012,anchor-06,-99.08,20.92,True,1.0,GRAZING,,,SIMULATED
1200.0,tag-0012,anchor-07,-123.04,-3.04,True,1.0,GRAZING,,,SIMULATED
1200.0,tag-0012,anchor-08,-99.16,20.84,True,1.0,GRAZING,,,SIMULATED
1200.0,tag-0013,anchor-01,-91.38,28.62,True,1.0019245789827438,GRAZING,,,SIMULATED
1200.0,tag-0013,anchor-02,-92.43,27.57,True,1.0019245789827438,GRAZING,,,SIMULATED
1200.0,tag-0013,anchor-03,,,False,1.0019245789827438,GRAZING,,,SIMULATED
1200.0,tag-0013,anchor-04,-100.04,19.96,True,1.0019245789827438,GRAZING,,,SIMULATED
1200.0,tag-0013,anchor-05,-78.02,41.98,True,1.0019245789827438,GRAZING,,,SIMULATED
1200.0,tag-0013,anchor-06,,,False,1.0019245789827438,GRAZING,,,SIMULATED
1200.0,tag-0013,anchor-07,,,False,1.0019245789827438,GRAZING,,,SIMULATED
1200.0,tag-0013,anchor-08,,,False,1.0019245789827438,GRAZING,,,SIMULATED
1200.0,tag-0014,anchor-01,-97.44,22.56,True,1.0169099207165315,WALKING,,,SIMULATED
1200.0,tag-0014,anchor-02,-98.56,21.44,True,1.0169099207165315,WALKING,,,SIMULATED
1200.0,tag-0014,anchor-03,-110.41,9.59,True,1.0169099207165315,WALKING,,,SIMULATED
1200.0,tag-0014,anchor-04,,,False,1.0169099207165315,WALKING,,,SIMULATED
1200.0,tag-0014,anchor-05,-85.2,34.8,True,1.0169099207165315,WALKING,,,SIMULATED
1200.0,tag-0014,anchor-06,-86.72,33.28,True,1.0169099207165315,WALKING,,,SIMULATED
1200.0,tag-0014,anchor-07,-96.86,23.14,True,1.0169099207165315,WALKING,,,SIMULATED
1200.0,tag-0014,anchor-08,,,False,1.0169099207165315,WALKING,,,SIMULATED
1200.0,tag-0015,anchor-01,-93.2,26.8,True,1.0,GRAZING,,,SIMULATED
1200.0,tag-0015,anchor-02,-92.95,27.05,True,1.0,GRAZING,,,SIMULATED
1200.0,tag-0015,anchor-03,,,False,1.0,GRAZING,,,SIMULATED
1200.0,tag-0015,anchor-04,-107.22,12.78,True,1.0,GRAZING,,,SIMULATED
1200.0,tag-0015,anchor-05,-97.31,22.69,True,1.0,GRAZING,,,SIMULATED
1200.0,tag-0015,anchor-06,-125.14,-5.14,True,1.0,GRAZING,,,SIMULATED
1200.0,tag-0015,anchor-07,-95.72,24.28,True,1.0,GRAZING,,,SIMULATED
1200.0,tag-0015,anchor-08,-95.3,24.7,True,1.0,GRAZING,,,SIMULATED
1200.0,tag-0016,anchor-01,-94.77,25.23,True,1.0,GRAZING,,,SIMULATED
1200.0,tag-0016,anchor-02,-89.98,30.02,True,1.0,GRAZING,,,SIMULATED
1200.0,tag-0016,anchor-03,-121.46,-1.46,True,1.0,GRAZING,,,SIMULATED
1200.0,tag-0016,anchor-04,-107.69,12.31,True,1.0,GRAZING,,,SIMULATED
1200.0,tag-0016,anchor-05,-79.79,40.21,True,1.0,GRAZING,,,SIMULATED
1200.0,tag-0016,anchor-06,-98.64,21.36,True,1.0,GRAZING,,,SIMULATED
1200.0,tag-0016,anchor-07,-120.57,-0.57,True,1.0,GRAZING,,,SIMULATED
1200.0,tag-0016,anchor-08,-94.11,25.89,True,1.0,GRAZING,,,SIMULATED
1200.0,tag-0017,anchor-01,-99.58,20.42,True,1.0,GRAZING,,,SIMULATED
1200.0,tag-0017,anchor-02,-90.78,29.22,True,1.0,GRAZING,,,SIMULATED
1200.0,tag-0017,anchor-03,,,False,1.0,GRAZING,,,SIMULATED
1200.0,tag-0017,anchor-04,-113.7,6.3,True,1.0,GRAZING,,,SIMULATED
1200.0,tag-0017,anchor-05,-88.6,31.4,True,1.0,GRAZING,,,SIMULATED
1200.0,tag-0017,anchor-06,-103.64,16.36,True,1.0,GRAZING,,,SIMULATED
1200.0,tag-0017,anchor-07,-122.16,-2.16,True,1.0,GRAZING,,,SIMULATED
1200.0,tag-0017,anchor-08,-99.49,20.51,True,1.0,GRAZING,,,SIMULATED
1200.0,tag-0018,anchor-01,-95.3,24.7,True,1.0,GRAZING,,,SIMULATED
1200.0,tag-0018,anchor-02,-94.38,25.62,True,1.0,GRAZING,,,SIMULATED
1200.0,tag-0018,anchor-03,,,False,1.0,GRAZING,,,SIMULATED
1200.0,tag-0018,anchor-04,-104.87,15.13,True,1.0,GRAZING,,,SIMULATED
1200.0,tag-0018,anchor-05,,,False,1.0,GRAZING,,,SIMULATED
1200.0,tag-0018,anchor-06,-104.92,15.08,True,1.0,GRAZING,,,SIMULATED
1200.0,tag-0018,anchor-07,-95.43,24.57,True,1.0,GRAZING,,,SIMULATED
1200.0,tag-0018,anchor-08,-97.88,22.12,True,1.0,GRAZING,,,SIMULATED
1200.0,tag-0019,anchor-01,-89.63,30.37,True,1.0,GRAZING,,,SIMULATED
1200.0,tag-0019,anchor-02,-101.76,18.24,True,1.0,GRAZING,,,SIMULATED
1200.0,tag-0019,anchor-03,-125.66,-5.66,True,1.0,GRAZING,,,SIMULATED
1200.0,tag-0019,anchor-04,-99.78,20.22,True,1.0,GRAZING,,,SIMULATED
1200.0,tag-0019,anchor-05,-85.46,34.54,True,1.0,GRAZING,,,SIMULATED
1200.0,tag-0019,anchor-06,-100.1,19.9,True,1.0,GRAZING,,,SIMULATED
1200.0,tag-0019,anchor-07,-113.78,6.22,True,1.0,GRAZING,,,SIMULATED
1200.0,tag-0019,anchor-08,-99.76,20.24,True,1.0,GRAZING,,,SIMULATED
1200.0,tag-0020,anchor-01,-102.0,18.0,True,1.0076750577382114,GRAZING,,,SIMULATED
1200.0,tag-0020,anchor-02,-98.46,21.54,True,1.0076750577382114,GRAZING,,,SIMULATED
1200.0,tag-0020,anchor-03,-120.66,-0.66,True,1.0076750577382114,GRAZING,,,SIMULATED
1200.0,tag-0020,anchor-04,-107.91,12.09,True,1.0076750577382114,GRAZING,,,SIMULATED
1200.0,tag-0020,anchor-05,-78.83,41.17,True,1.0076750577382114,GRAZING,,,SIMULATED
1200.0,tag-0020,anchor-06,,,False,1.0076750577382114,GRAZING,,,SIMULATED
1200.0,tag-0020,anchor-07,-97.98,22.02,True,1.0076750577382114,GRAZING,,,SIMULATED
1200.0,tag-0020,anchor-08,-94.93,25.07,True,1.0076750577382114,GRAZING,,,SIMULATED
1230.0,tag-0001,anchor-01,-83.78,36.22,True,1.0,GRAZING,,,SIMULATED
1230.0,tag-0001,anchor-02,-89.51,30.49,True,1.0,GRAZING,,,SIMULATED
1230.0,tag-0001,anchor-03,,,False,1.0,GRAZING,,,SIMULATED
1230.0,tag-0001,anchor-04,,,False,1.0,GRAZING,,,SIMULATED
1230.0,tag-0001,anchor-05,-86.16,33.84,True,1.0,GRAZING,,,SIMULATED
1230.0,tag-0001,anchor-06,-108.23,11.77,True,1.0,GRAZING,,,SIMULATED
1230.0,tag-0001,anchor-07,-117.25,2.75,True,1.0,GRAZING,,,SIMULATED
1230.0,tag-0001,anchor-08,-97.63,22.37,True,1.0,GRAZING,,,SIMULATED
1230.0,tag-0002,anchor-01,-104.07,15.93,True,1.010729637272756,WALKING,,,SIMULATED
1230.0,tag-0002,anchor-02,-124.27,-4.27,True,1.010729637272756,WALKING,,,SIMULATED
1230.0,tag-0002,anchor-03,,,False,1.010729637272756,WALKING,,,SIMULATED
1230.0,tag-0002,anchor-04,-98.65,21.35,True,1.010729637272756,WALKING,,,SIMULATED
1230.0,tag-0002,anchor-05,-94.78,25.22,True,1.010729637272756,WALKING,,,SIMULATED
1230.0,tag-0002,anchor-06,-118.2,1.8,True,1.010729637272756,WALKING,,,SIMULATED
1230.0,tag-0002,anchor-07,-93.7,26.3,True,1.010729637272756,WALKING,,,SIMULATED
1230.0,tag-0002,anchor-08,-101.83,18.17,True,1.010729637272756,WALKING,,,SIMULATED
1230.0,tag-0003,anchor-01,-93.27,26.73,True,1.0032347427327428,GRAZING,,,SIMULATED
1230.0,tag-0003,anchor-02,-94.47,25.53,True,1.0032347427327428,GRAZING,,,SIMULATED
1230.0,tag-0003,anchor-03,,,False,1.0032347427327428,GRAZING,,,SIMULATED
1230.0,tag-0003,anchor-04,-102.03,17.97,True,1.0032347427327428,GRAZING,,,SIMULATED
1230.0,tag-0003,anchor-05,-94.18,25.82,True,1.0032347427327428,GRAZING,,,SIMULATED
1230.0,tag-0003,anchor-06,-101.4,18.6,True,1.0032347427327428,GRAZING,,,SIMULATED
1230.0,tag-0003,anchor-07,-116.98,3.02,True,1.0032347427327428,GRAZING,,,SIMULATED
1230.0,tag-0003,anchor-08,-99.71,20.29,True,1.0032347427327428,GRAZING,,,SIMULATED
1230.0,tag-0004,anchor-01,-101.07,18.93,True,1.0188582701954234,GRAZING,,,SIMULATED
1230.0,tag-0004,anchor-02,-92.24,27.76,True,1.0188582701954234,GRAZING,,,SIMULATED
1230.0,tag-0004,anchor-03,-123.55,-3.55,True,1.0188582701954234,GRAZING,,,SIMULATED
1230.0,tag-0004,anchor-04,-101.86,18.14,True,1.0188582701954234,GRAZING,,,SIMULATED
1230.0,tag-0004,anchor-05,-78.73,41.27,True,1.0188582701954234,GRAZING,,,SIMULATED
1230.0,tag-0004,anchor-06,-100.63,19.37,True,1.0188582701954234,GRAZING,,,SIMULATED
1230.0,tag-0004,anchor-07,-120.23,-0.23,True,1.0188582701954234,GRAZING,,,SIMULATED
1230.0,tag-0004,anchor-08,-98.95,21.05,True,1.0188582701954234,GRAZING,,,SIMULATED
1230.0,tag-0005,anchor-01,-96.86,23.14,True,1.0,WALKING,,,SIMULATED
1230.0,tag-0005,anchor-02,-93.53,26.47,True,1.0,WALKING,,,SIMULATED
1230.0,tag-0005,anchor-03,,,False,1.0,WALKING,,,SIMULATED
1230.0,tag-0005,anchor-04,,,False,1.0,WALKING,,,SIMULATED
1230.0,tag-0005,anchor-05,-89.99,30.01,True,1.0,WALKING,,,SIMULATED
1230.0,tag-0005,anchor-06,-117.8,2.2,True,1.0,WALKING,,,SIMULATED
1230.0,tag-0005,anchor-07,-118.63,1.37,True,1.0,WALKING,,,SIMULATED
1230.0,tag-0005,anchor-08,-105.06,14.94,True,1.0,WALKING,,,SIMULATED
1230.0,tag-0006,anchor-01,-103.89,16.11,True,1.0148810079473438,WALKING,,,SIMULATED
1230.0,tag-0006,anchor-02,-93.39,26.61,True,1.0148810079473438,WALKING,,,SIMULATED
1230.0,tag-0006,anchor-03,-120.15,-0.15,True,1.0148810079473438,WALKING,,,SIMULATED
1230.0,tag-0006,anchor-04,-109.87,10.13,True,1.0148810079473438,WALKING,,,SIMULATED
1230.0,tag-0006,anchor-05,-92.27,27.73,True,1.0148810079473438,WALKING,,,SIMULATED
1230.0,tag-0006,anchor-06,-98.43,21.57,True,1.0148810079473438,WALKING,,,SIMULATED
1230.0,tag-0006,anchor-07,-123.01,-3.01,True,1.0148810079473438,WALKING,,,SIMULATED
1230.0,tag-0006,anchor-08,-94.67,25.33,True,1.0148810079473438,WALKING,,,SIMULATED
1230.0,tag-0007,anchor-01,-100.54,19.46,True,1.0150334831127132,GRAZING,,,SIMULATED
1230.0,tag-0007,anchor-02,-96.0,24.0,True,1.0150334831127132,GRAZING,,,SIMULATED
1230.0,tag-0007,anchor-03,,,False,1.0150334831127132,GRAZING,,,SIMULATED
1230.0,tag-0007,anchor-04,-110.33,9.67,True,1.0150334831127132,GRAZING,,,SIMULATED
1230.0,tag-0007,anchor-05,-87.79,32.21,True,1.0150334831127132,GRAZING,,,SIMULATED
1230.0,tag-0007,anchor-06,-95.5,24.5,True,1.0150334831127132,GRAZING,,,SIMULATED
1230.0,tag-0007,anchor-07,-106.36,13.64,True,1.0150334831127132,GRAZING,,,SIMULATED
1230.0,tag-0007,anchor-08,-99.89,20.11,True,1.0150334831127132,GRAZING,,,SIMULATED
1230.0,tag-0008,anchor-01,-94.29,25.71,True,1.001043068017647,RESTING,,,SIMULATED
1230.0,tag-0008,anchor-02,-97.03,22.97,True,1.001043068017647,RESTING,,,SIMULATED
1230.0,tag-0008,anchor-03,,,False,1.001043068017647,RESTING,,,SIMULATED
1230.0,tag-0008,anchor-04,-100.31,19.69,True,1.001043068017647,RESTING,,,SIMULATED
1230.0,tag-0008,anchor-05,-102.28,17.72,True,1.001043068017647,RESTING,,,SIMULATED
1230.0,tag-0008,anchor-06,,,False,1.001043068017647,RESTING,,,SIMULATED
1230.0,tag-0008,anchor-07,-100.69,19.31,True,1.001043068017647,RESTING,,,SIMULATED
1230.0,tag-0008,anchor-08,-76.94,43.06,True,1.001043068017647,RESTING,,,SIMULATED
1230.0,tag-0009,anchor-01,-94.4,25.6,True,1.0073594198179638,GRAZING,,,SIMULATED
1230.0,tag-0009,anchor-02,-92.16,27.84,True,1.0073594198179638,GRAZING,,,SIMULATED
1230.0,tag-0009,anchor-03,-121.55,-1.55,True,1.0073594198179638,GRAZING,,,SIMULATED
1230.0,tag-0009,anchor-04,-101.27,18.73,True,1.0073594198179638,GRAZING,,,SIMULATED
1230.0,tag-0009,anchor-05,-82.63,37.37,True,1.0073594198179638,GRAZING,,,SIMULATED
1230.0,tag-0009,anchor-06,-124.56,-4.56,True,1.0073594198179638,GRAZING,,,SIMULATED
1230.0,tag-0009,anchor-07,-116.29,3.71,True,1.0073594198179638,GRAZING,,,SIMULATED
1230.0,tag-0009,anchor-08,-95.34,24.66,True,1.0073594198179638,GRAZING,,,SIMULATED
1230.0,tag-0010,anchor-01,,,False,1.0,GRAZING,,,SIMULATED
1230.0,tag-0010,anchor-02,-107.94,12.06,True,1.0,GRAZING,,,SIMULATED
1230.0,tag-0010,anchor-03,,,False,1.0,GRAZING,,,SIMULATED
1230.0,tag-0010,anchor-04,-107.35,12.65,True,1.0,GRAZING,,,SIMULATED
1230.0,tag-0010,anchor-05,-80.25,39.75,True,1.0,GRAZING,,,SIMULATED
1230.0,tag-0010,anchor-06,-109.09,10.91,True,1.0,GRAZING,,,SIMULATED
1230.0,tag-0010,anchor-07,-99.42,20.58,True,1.0,GRAZING,,,SIMULATED
1230.0,tag-0010,anchor-08,-91.78,28.22,True,1.0,GRAZING,,,SIMULATED
1230.0,tag-0011,anchor-01,-103.33,16.67,True,1.0,GRAZING,,,SIMULATED
1230.0,tag-0011,anchor-02,-96.35,23.65,True,1.0,GRAZING,,,SIMULATED
1230.0,tag-0011,anchor-03,,,False,1.0,GRAZING,,,SIMULATED
1230.0,tag-0011,anchor-04,-103.58,16.42,True,1.0,GRAZING,,,SIMULATED
1230.0,tag-0011,anchor-05,-90.5,29.5,True,1.0,GRAZING,,,SIMULATED
1230.0,tag-0011,anchor-06,-115.07,4.93,True,1.0,GRAZING,,,SIMULATED
1230.0,tag-0011,anchor-07,-100.69,19.31,True,1.0,GRAZING,,,SIMULATED
1230.0,tag-0011,anchor-08,-90.47,29.53,True,1.0,GRAZING,,,SIMULATED
1230.0,tag-0012,anchor-01,-93.89,26.11,True,1.0,GRAZING,,,SIMULATED
1230.0,tag-0012,anchor-02,-87.27,32.73,True,1.0,GRAZING,,,SIMULATED
1230.0,tag-0012,anchor-03,-104.25,15.75,True,1.0,GRAZING,,,SIMULATED
1230.0,tag-0012,anchor-04,-103.32,16.68,True,1.0,GRAZING,,,SIMULATED
1230.0,tag-0012,anchor-05,-68.33,51.67,True,1.0,GRAZING,,,SIMULATED
1230.0,tag-0012,anchor-06,-101.96,18.04,True,1.0,GRAZING,,,SIMULATED
1230.0,tag-0012,anchor-07,-126.88,-6.88,True,1.0,GRAZING,,,SIMULATED
1230.0,tag-0012,anchor-08,-105.0,15.0,True,1.0,GRAZING,,,SIMULATED
1230.0,tag-0013,anchor-01,-95.98,24.02,True,1.0,GRAZING,,,SIMULATED
1230.0,tag-0013,anchor-02,-91.27,28.73,True,1.0,GRAZING,,,SIMULATED
1230.0,tag-0013,anchor-03,,,False,1.0,GRAZING,,,SIMULATED
1230.0,tag-0013,anchor-04,-97.36,22.64,True,1.0,GRAZING,,,SIMULATED
1230.0,tag-0013,anchor-05,-85.1,34.9,True,1.0,GRAZING,,,SIMULATED
1230.0,tag-0013,anchor-06,,,False,1.0,GRAZING,,,SIMULATED
1230.0,tag-0013,anchor-07,-99.3,20.7,True,1.0,GRAZING,,,SIMULATED
1230.0,tag-0013,anchor-08,-95.06,24.94,True,1.0,GRAZING,,,SIMULATED
1230.0,tag-0014,anchor-01,-92.32,27.68,True,1.067859272243897,DRINKING,,,SIMULATED
1230.0,tag-0014,anchor-02,-95.63,24.37,True,1.067859272243897,DRINKING,,,SIMULATED
1230.0,tag-0014,anchor-03,-102.07,17.93,True,1.067859272243897,DRINKING,,,SIMULATED
1230.0,tag-0014,anchor-04,,,False,1.067859272243897,DRINKING,,,SIMULATED
1230.0,tag-0014,anchor-05,-87.03,32.97,True,1.067859272243897,DRINKING,,,SIMULATED
1230.0,tag-0014,anchor-06,-86.43,33.57,True,1.067859272243897,DRINKING,,,SIMULATED
1230.0,tag-0014,anchor-07,-95.28,24.72,True,1.067859272243897,DRINKING,,,SIMULATED
1230.0,tag-0014,anchor-08,,,False,1.067859272243897,DRINKING,,,SIMULATED
1230.0,tag-0015,anchor-01,-96.5,23.5,True,1.0,GRAZING,,,SIMULATED
1230.0,tag-0015,anchor-02,,,False,1.0,GRAZING,,,SIMULATED
1230.0,tag-0015,anchor-03,,,False,1.0,GRAZING,,,SIMULATED
1230.0,tag-0015,anchor-04,-107.8,12.2,True,1.0,GRAZING,,,SIMULATED
1230.0,tag-0015,anchor-05,-88.21,31.79,True,1.0,GRAZING,,,SIMULATED
1230.0,tag-0015,anchor-06,-124.94,-4.94,True,1.0,GRAZING,,,SIMULATED
1230.0,tag-0015,anchor-07,,,False,1.0,GRAZING,,,SIMULATED
1230.0,tag-0015,anchor-08,-95.75,24.25,True,1.0,GRAZING,,,SIMULATED
1230.0,tag-0016,anchor-01,-96.38,23.62,True,1.0255039114640583,GRAZING,,,SIMULATED
1230.0,tag-0016,anchor-02,-96.1,23.9,True,1.0255039114640583,GRAZING,,,SIMULATED
1230.0,tag-0016,anchor-03,-123.38,-3.38,True,1.0255039114640583,GRAZING,,,SIMULATED
1230.0,tag-0016,anchor-04,-103.45,16.55,True,1.0255039114640583,GRAZING,,,SIMULATED
1230.0,tag-0016,anchor-05,-84.34,35.66,True,1.0255039114640583,GRAZING,,,SIMULATED
1230.0,tag-0016,anchor-06,-100.86,19.14,True,1.0255039114640583,GRAZING,,,SIMULATED
1230.0,tag-0016,anchor-07,-121.09,-1.09,True,1.0255039114640583,GRAZING,,,SIMULATED
1230.0,tag-0016,anchor-08,-95.48,24.52,True,1.0255039114640583,GRAZING,,,SIMULATED
1230.0,tag-0017,anchor-01,-98.82,21.18,True,1.0032108916323308,GRAZING,,,SIMULATED
1230.0,tag-0017,anchor-02,-90.63,29.37,True,1.0032108916323308,GRAZING,,,SIMULATED
1230.0,tag-0017,anchor-03,-125.99,-5.99,True,1.0032108916323308,GRAZING,,,SIMULATED
1230.0,tag-0017,anchor-04,-114.03,5.97,True,1.0032108916323308,GRAZING,,,SIMULATED
1230.0,tag-0017,anchor-05,-92.12,27.88,True,1.0032108916323308,GRAZING,,,SIMULATED
1230.0,tag-0017,anchor-06,-102.09,17.91,True,1.0032108916323308,GRAZING,,,SIMULATED
1230.0,tag-0017,anchor-07,-112.51,7.49,True,1.0032108916323308,GRAZING,,,SIMULATED
1230.0,tag-0017,anchor-08,-94.16,25.84,True,1.0032108916323308,GRAZING,,,SIMULATED
1230.0,tag-0018,anchor-01,-91.72,28.28,True,1.0051265212620168,GRAZING,,,SIMULATED
1230.0,tag-0018,anchor-02,-94.35,25.65,True,1.0051265212620168,GRAZING,,,SIMULATED
1230.0,tag-0018,anchor-03,,,False,1.0051265212620168,GRAZING,,,SIMULATED
1230.0,tag-0018,anchor-04,-108.42,11.58,True,1.0051265212620168,GRAZING,,,SIMULATED
1230.0,tag-0018,anchor-05,-85.78,34.22,True,1.0051265212620168,GRAZING,,,SIMULATED
1230.0,tag-0018,anchor-06,-106.47,13.53,True,1.0051265212620168,GRAZING,,,SIMULATED
1230.0,tag-0018,anchor-07,-102.29,17.71,True,1.0051265212620168,GRAZING,,,SIMULATED
1230.0,tag-0018,anchor-08,-99.8,20.2,True,1.0051265212620168,GRAZING,,,SIMULATED
1230.0,tag-0019,anchor-01,-92.55,27.45,True,1.0122524865329914,GRAZING,,,SIMULATED
1230.0,tag-0019,anchor-02,-96.77,23.23,True,1.0122524865329914,GRAZING,,,SIMULATED
1230.0,tag-0019,anchor-03,-123.78,-3.78,True,1.0122524865329914,GRAZING,,,SIMULATED
1230.0,tag-0019,anchor-04,-100.33,19.67,True,1.0122524865329914,GRAZING,,,SIMULATED
1230.0,tag-0019,anchor-05,-86.16,33.84,True,1.0122524865329914,GRAZING,,,SIMULATED
1230.0,tag-0019,anchor-06,-102.24,17.76,True,1.0122524865329914,GRAZING,,,SIMULATED
1230.0,tag-0019,anchor-07,-112.67,7.33,True,1.0122524865329914,GRAZING,,,SIMULATED
1230.0,tag-0019,anchor-08,-103.35,16.65,True,1.0122524865329914,GRAZING,,,SIMULATED
1230.0,tag-0020,anchor-01,-101.94,18.06,True,1.0,GRAZING,,,SIMULATED
1230.0,tag-0020,anchor-02,-94.28,25.72,True,1.0,GRAZING,,,SIMULATED
1230.0,tag-0020,anchor-03,-123.44,-3.44,True,1.0,GRAZING,,,SIMULATED
1230.0,tag-0020,anchor-04,-102.12,17.88,True,1.0,GRAZING,,,SIMULATED
1230.0,tag-0020,anchor-05,-74.72,45.28,True,1.0,GRAZING,,,SIMULATED
1230.0,tag-0020,anchor-06,-99.37,20.63,True,1.0,GRAZING,,,SIMULATED
1230.0,tag-0020,anchor-07,-96.76,23.24,True,1.0,GRAZING,,,SIMULATED
1230.0,tag-0020,anchor-08,-100.96,19.04,True,1.0,GRAZING,,,SIMULATED
1260.0,tag-0001,anchor-01,-83.33,36.67,True,1.0,GRAZING,,,SIMULATED
1260.0,tag-0001,anchor-02,,,False,1.0,GRAZING,,,SIMULATED
1260.0,tag-0001,anchor-03,-121.52,-1.52,True,1.0,GRAZING,,,SIMULATED
1260.0,tag-0001,anchor-04,-109.78,10.22,True,1.0,GRAZING,,,SIMULATED
1260.0,tag-0001,anchor-05,-83.87,36.13,True,1.0,GRAZING,,,SIMULATED
1260.0,tag-0001,anchor-06,-106.99,13.01,True,1.0,GRAZING,,,SIMULATED
1260.0,tag-0001,anchor-07,-111.74,8.26,True,1.0,GRAZING,,,SIMULATED
1260.0,tag-0001,anchor-08,-97.09,22.91,True,1.0,GRAZING,,,SIMULATED
1260.0,tag-0002,anchor-01,-102.1,17.9,True,1.009661374136771,WALKING,,,SIMULATED
1260.0,tag-0002,anchor-02,,,False,1.009661374136771,WALKING,,,SIMULATED
1260.0,tag-0002,anchor-03,,,False,1.009661374136771,WALKING,,,SIMULATED
1260.0,tag-0002,anchor-04,-101.08,18.92,True,1.009661374136771,WALKING,,,SIMULATED
1260.0,tag-0002,anchor-05,-95.33,24.67,True,1.009661374136771,WALKING,,,SIMULATED
1260.0,tag-0002,anchor-06,-118.66,1.34,True,1.009661374136771,WALKING,,,SIMULATED
1260.0,tag-0002,anchor-07,-96.52,23.48,True,1.009661374136771,WALKING,,,SIMULATED
1260.0,tag-0002,anchor-08,-102.55,17.45,True,1.009661374136771,WALKING,,,SIMULATED
1260.0,tag-0003,anchor-01,-95.08,24.92,True,1.0076326786573855,GRAZING,,,SIMULATED
1260.0,tag-0003,anchor-02,-90.32,29.68,True,1.0076326786573855,GRAZING,,,SIMULATED
1260.0,tag-0003,anchor-03,,,False,1.0076326786573855,GRAZING,,,SIMULATED
1260.0,tag-0003,anchor-04,,,False,1.0076326786573855,GRAZING,,,SIMULATED
1260.0,tag-0003,anchor-05,-93.29,26.71,True,1.0076326786573855,GRAZING,,,SIMULATED
1260.0,tag-0003,anchor-06,-94.36,25.64,True,1.0076326786573855,GRAZING,,,SIMULATED
1260.0,tag-0003,anchor-07,-119.37,0.63,True,1.0076326786573855,GRAZING,,,SIMULATED
1260.0,tag-0003,anchor-08,-103.17,16.83,True,1.0076326786573855,GRAZING,,,SIMULATED
1260.0,tag-0004,anchor-01,-87.54,32.46,True,1.0,GRAZING,,,SIMULATED
1260.0,tag-0004,anchor-02,-84.46,35.54,True,1.0,GRAZING,,,SIMULATED
1260.0,tag-0004,anchor-03,-121.6,-1.6,True,1.0,GRAZING,,,SIMULATED
1260.0,tag-0004,anchor-04,-105.78,14.22,True,1.0,GRAZING,,,SIMULATED
1260.0,tag-0004,anchor-05,-77.59,42.41,True,1.0,GRAZING,,,SIMULATED
1260.0,tag-0004,anchor-06,-101.42,18.58,True,1.0,GRAZING,,,SIMULATED
1260.0,tag-0004,anchor-07,-120.37,-0.37,True,1.0,GRAZING,,,SIMULATED
1260.0,tag-0004,anchor-08,-99.15,20.85,True,1.0,GRAZING,,,SIMULATED
1260.0,tag-0005,anchor-01,-101.75,18.25,True,1.0,DRINKING,,,SIMULATED
1260.0,tag-0005,anchor-02,-102.92,17.08,True,1.0,DRINKING,,,SIMULATED
1260.0,tag-0005,anchor-03,-121.22,-1.22,True,1.0,DRINKING,,,SIMULATED
1260.0,tag-0005,anchor-04,,,False,1.0,DRINKING,,,SIMULATED
1260.0,tag-0005,anchor-05,-87.35,32.65,True,1.0,DRINKING,,,SIMULATED
1260.0,tag-0005,anchor-06,-123.05,-3.05,True,1.0,DRINKING,,,SIMULATED
1260.0,tag-0005,anchor-07,-118.84,1.16,True,1.0,DRINKING,,,SIMULATED
1260.0,tag-0005,anchor-08,-103.6,16.4,True,1.0,DRINKING,,,SIMULATED
1260.0,tag-0006,anchor-01,-106.97,13.03,True,1.0022938108865034,WALKING,,,SIMULATED
1260.0,tag-0006,anchor-02,-86.85,33.15,True,1.0022938108865034,WALKING,,,SIMULATED
1260.0,tag-0006,anchor-03,,,False,1.0022938108865034,WALKING,,,SIMULATED
1260.0,tag-0006,anchor-04,-110.9,9.1,True,1.0022938108865034,WALKING,,,SIMULATED
1260.0,tag-0006,anchor-05,-89.39,30.61,True,1.0022938108865034,WALKING,,,SIMULATED
1260.0,tag-0006,anchor-06,-95.15,24.85,True,1.0022938108865034,WALKING,,,SIMULATED
1260.0,tag-0006,anchor-07,,,False,1.0022938108865034,WALKING,,,SIMULATED
1260.0,tag-0006,anchor-08,-97.64,22.36,True,1.0022938108865034,WALKING,,,SIMULATED
1260.0,tag-0007,anchor-01,-95.92,24.08,True,1.0060957581107273,GRAZING,,,SIMULATED
1260.0,tag-0007,anchor-02,-96.89,23.11,True,1.0060957581107273,GRAZING,,,SIMULATED
1260.0,tag-0007,anchor-03,-125.64,-5.64,True,1.0060957581107273,GRAZING,,,SIMULATED
1260.0,tag-0007,anchor-04,-105.85,14.15,True,1.0060957581107273,GRAZING,,,SIMULATED
1260.0,tag-0007,anchor-05,-88.91,31.09,True,1.0060957581107273,GRAZING,,,SIMULATED
1260.0,tag-0007,anchor-06,-98.27,21.73,True,1.0060957581107273,GRAZING,,,SIMULATED
1260.0,tag-0007,anchor-07,-108.79,11.21,True,1.0060957581107273,GRAZING,,,SIMULATED
1260.0,tag-0007,anchor-08,-99.76,20.24,True,1.0060957581107273,GRAZING,,,SIMULATED
1260.0,tag-0008,anchor-01,-97.95,22.05,True,1.0116955632718274,RESTING,,,SIMULATED
1260.0,tag-0008,anchor-02,-94.45,25.55,True,1.0116955632718274,RESTING,,,SIMULATED
1260.0,tag-0008,anchor-03,,,False,1.0116955632718274,RESTING,,,SIMULATED
1260.0,tag-0008,anchor-04,-99.38,20.62,True,1.0116955632718274,RESTING,,,SIMULATED
1260.0,tag-0008,anchor-05,-97.65,22.35,True,1.0116955632718274,RESTING,,,SIMULATED
1260.0,tag-0008,anchor-06,,,False,1.0116955632718274,RESTING,,,SIMULATED
1260.0,tag-0008,anchor-07,-98.45,21.55,True,1.0116955632718274,RESTING,,,SIMULATED
1260.0,tag-0008,anchor-08,-87.64,32.36,True,1.0116955632718274,RESTING,,,SIMULATED
1260.0,tag-0009,anchor-01,-85.8,34.2,True,1.0129286930068921,GRAZING,,,SIMULATED
1260.0,tag-0009,anchor-02,,,False,1.0129286930068921,GRAZING,,,SIMULATED
1260.0,tag-0009,anchor-03,,,False,1.0129286930068921,GRAZING,,,SIMULATED
1260.0,tag-0009,anchor-04,-107.54,12.46,True,1.0129286930068921,GRAZING,,,SIMULATED
1260.0,tag-0009,anchor-05,-84.62,35.38,True,1.0129286930068921,GRAZING,,,SIMULATED
1260.0,tag-0009,anchor-06,,,False,1.0129286930068921,GRAZING,,,SIMULATED
1260.0,tag-0009,anchor-07,-115.23,4.77,True,1.0129286930068921,GRAZING,,,SIMULATED
1260.0,tag-0009,anchor-08,-97.63,22.37,True,1.0129286930068921,GRAZING,,,SIMULATED
1260.0,tag-0010,anchor-01,-96.72,23.28,True,1.0176256362203833,GRAZING,,,SIMULATED
1260.0,tag-0010,anchor-02,-114.95,5.05,True,1.0176256362203833,GRAZING,,,SIMULATED
1260.0,tag-0010,anchor-03,,,False,1.0176256362203833,GRAZING,,,SIMULATED
1260.0,tag-0010,anchor-04,,,False,1.0176256362203833,GRAZING,,,SIMULATED
1260.0,tag-0010,anchor-05,-79.64,40.36,True,1.0176256362203833,GRAZING,,,SIMULATED
1260.0,tag-0010,anchor-06,-107.16,12.84,True,1.0176256362203833,GRAZING,,,SIMULATED
1260.0,tag-0010,anchor-07,-96.51,23.49,True,1.0176256362203833,GRAZING,,,SIMULATED
1260.0,tag-0010,anchor-08,-96.94,23.06,True,1.0176256362203833,GRAZING,,,SIMULATED
1260.0,tag-0011,anchor-01,-102.78,17.22,True,1.0,GRAZING,,,SIMULATED
1260.0,tag-0011,anchor-02,-97.0,23.0,True,1.0,GRAZING,,,SIMULATED
1260.0,tag-0011,anchor-03,,,False,1.0,GRAZING,,,SIMULATED
1260.0,tag-0011,anchor-04,-99.46,20.54,True,1.0,GRAZING,,,SIMULATED
1260.0,tag-0011,anchor-05,-93.76,26.24,True,1.0,GRAZING,,,SIMULATED
1260.0,tag-0011,anchor-06,-124.79,-4.79,True,1.0,GRAZING,,,SIMULATED
1260.0,tag-0011,anchor-07,-101.58,18.42,True,1.0,GRAZING,,,SIMULATED
1260.0,tag-0011,anchor-08,-92.51,27.49,True,1.0,GRAZING,,,SIMULATED
1260.0,tag-0012,anchor-01,-91.71,28.29,True,1.0,GRAZING,,,SIMULATED
1260.0,tag-0012,anchor-02,-87.51,32.49,True,1.0,GRAZING,,,SIMULATED
1260.0,tag-0012,anchor-03,-104.49,15.51,True,1.0,GRAZING,,,SIMULATED
1260.0,tag-0012,anchor-04,-102.66,17.34,True,1.0,GRAZING,,,SIMULATED
1260.0,tag-0012,anchor-05,-74.86,45.14,True,1.0,GRAZING,,,SIMULATED
1260.0,tag-0012,anchor-06,-99.15,20.85,True,1.0,GRAZING,,,SIMULATED
1260.0,tag-0012,anchor-07,-117.84,2.16,True,1.0,GRAZING,,,SIMULATED
1260.0,tag-0012,anchor-08,-106.25,13.75,True,1.0,GRAZING,,,SIMULATED
1260.0,tag-0013,anchor-01,-97.71,22.29,True,1.0118811473164204,GRAZING,,,SIMULATED
1260.0,tag-0013,anchor-02,-93.21,26.79,True,1.0118811473164204,GRAZING,,,SIMULATED
1260.0,tag-0013,anchor-03,,,False,1.0118811473164204,GRAZING,,,SIMULATED
1260.0,tag-0013,anchor-04,-106.05,13.95,True,1.0118811473164204,GRAZING,,,SIMULATED
1260.0,tag-0013,anchor-05,-84.76,35.24,True,1.0118811473164204,GRAZING,,,SIMULATED
1260.0,tag-0013,anchor-06,,,False,1.0118811473164204,GRAZING,,,SIMULATED
1260.0,tag-0013,anchor-07,-101.39,18.61,True,1.0118811473164204,GRAZING,,,SIMULATED
1260.0,tag-0013,anchor-08,-90.13,29.87,True,1.0118811473164204,GRAZING,,,SIMULATED
1260.0,tag-0014,anchor-01,-94.74,25.26,True,1.0,DRINKING,,,SIMULATED
1260.0,tag-0014,anchor-02,-100.64,19.36,True,1.0,DRINKING,,,SIMULATED
1260.0,tag-0014,anchor-03,-105.59,14.41,True,1.0,DRINKING,,,SIMULATED
1260.0,tag-0014,anchor-04,,,False,1.0,DRINKING,,,SIMULATED
1260.0,tag-0014,anchor-05,-87.29,32.71,True,1.0,DRINKING,,,SIMULATED
1260.0,tag-0014,anchor-06,-91.72,28.28,True,1.0,DRINKING,,,SIMULATED
1260.0,tag-0014,anchor-07,-99.73,20.27,True,1.0,DRINKING,,,SIMULATED
1260.0,tag-0014,anchor-08,,,False,1.0,DRINKING,,,SIMULATED
1260.0,tag-0015,anchor-01,-101.1,18.9,True,1.0159632426457623,GRAZING,,,SIMULATED
1260.0,tag-0015,anchor-02,,,False,1.0159632426457623,GRAZING,,,SIMULATED
1260.0,tag-0015,anchor-03,,,False,1.0159632426457623,GRAZING,,,SIMULATED
1260.0,tag-0015,anchor-04,-112.06,7.94,True,1.0159632426457623,GRAZING,,,SIMULATED
1260.0,tag-0015,anchor-05,-89.39,30.61,True,1.0159632426457623,GRAZING,,,SIMULATED
1260.0,tag-0015,anchor-06,-123.28,-3.28,True,1.0159632426457623,GRAZING,,,SIMULATED
1260.0,tag-0015,anchor-07,-96.06,23.94,True,1.0159632426457623,GRAZING,,,SIMULATED
1260.0,tag-0015,anchor-08,-88.97,31.03,True,1.0159632426457623,GRAZING,,,SIMULATED
1260.0,tag-0016,anchor-01,-92.53,27.47,True,1.0,GRAZING,,,SIMULATED
1260.0,tag-0016,anchor-02,-98.3,21.7,True,1.0,GRAZING,,,SIMULATED
1260.0,tag-0016,anchor-03,-120.49,-0.49,True,1.0,GRAZING,,,SIMULATED
1260.0,tag-0016,anchor-04,-115.83,4.17,True,1.0,GRAZING,,,SIMULATED
1260.0,tag-0016,anchor-05,-82.71,37.29,True,1.0,GRAZING,,,SIMULATED
1260.0,tag-0016,anchor-06,-108.75,11.25,True,1.0,GRAZING,,,SIMULATED
1260.0,tag-0016,anchor-07,,,False,1.0,GRAZING,,,SIMULATED
1260.0,tag-0016,anchor-08,-93.64,26.36,True,1.0,GRAZING,,,SIMULATED
1260.0,tag-0017,anchor-01,-96.18,23.82,True,1.0102579245217311,GRAZING,,,SIMULATED
1260.0,tag-0017,anchor-02,-89.9,30.1,True,1.0102579245217311,GRAZING,,,SIMULATED
1260.0,tag-0017,anchor-03,-119.74,0.26,True,1.0102579245217311,GRAZING,,,SIMULATED
1260.0,tag-0017,anchor-04,-108.91,11.09,True,1.0102579245217311,GRAZING,,,SIMULATED
1260.0,tag-0017,anchor-05,-87.42,32.58,True,1.0102579245217311,GRAZING,,,SIMULATED
1260.0,tag-0017,anchor-06,-100.92,19.08,True,1.0102579245217311,GRAZING,,,SIMULATED
1260.0,tag-0017,anchor-07,-93.88,26.12,True,1.0102579245217311,GRAZING,,,SIMULATED
1260.0,tag-0017,anchor-08,-94.34,25.66,True,1.0102579245217311,GRAZING,,,SIMULATED
1260.0,tag-0018,anchor-01,-86.67,33.33,True,1.0,GRAZING,,,SIMULATED
1260.0,tag-0018,anchor-02,-99.8,20.2,True,1.0,GRAZING,,,SIMULATED
1260.0,tag-0018,anchor-03,,,False,1.0,GRAZING,,,SIMULATED
1260.0,tag-0018,anchor-04,-103.76,16.24,True,1.0,GRAZING,,,SIMULATED
1260.0,tag-0018,anchor-05,-90.18,29.82,True,1.0,GRAZING,,,SIMULATED
1260.0,tag-0018,anchor-06,-105.83,14.17,True,1.0,GRAZING,,,SIMULATED
1260.0,tag-0018,anchor-07,-125.14,-5.14,True,1.0,GRAZING,,,SIMULATED
1260.0,tag-0018,anchor-08,-97.73,22.27,True,1.0,GRAZING,,,SIMULATED
1260.0,tag-0019,anchor-01,-91.09,28.91,True,1.0,GRAZING,,,SIMULATED
1260.0,tag-0019,anchor-02,-94.72,25.28,True,1.0,GRAZING,,,SIMULATED
1260.0,tag-0019,anchor-03,-126.06,-6.06,True,1.0,GRAZING,,,SIMULATED
1260.0,tag-0019,anchor-04,-98.86,21.14,True,1.0,GRAZING,,,SIMULATED
1260.0,tag-0019,anchor-05,-94.9,25.1,True,1.0,GRAZING,,,SIMULATED
1260.0,tag-0019,anchor-06,-103.8,16.2,True,1.0,GRAZING,,,SIMULATED
1260.0,tag-0019,anchor-07,,,False,1.0,GRAZING,,,SIMULATED
1260.0,tag-0019,anchor-08,-100.64,19.36,True,1.0,GRAZING,,,SIMULATED
1260.0,tag-0020,anchor-01,-107.91,12.09,True,1.01590968207632,GRAZING,,,SIMULATED
1260.0,tag-0020,anchor-02,-102.8,17.2,True,1.01590968207632,GRAZING,,,SIMULATED
1260.0,tag-0020,anchor-03,,,False,1.01590968207632,GRAZING,,,SIMULATED
1260.0,tag-0020,anchor-04,-103.37,16.63,True,1.01590968207632,GRAZING,,,SIMULATED
1260.0,tag-0020,anchor-05,,,False,1.01590968207632,GRAZING,,,SIMULATED
1260.0,tag-0020,anchor-06,-97.18,22.82,True,1.01590968207632,GRAZING,,,SIMULATED
1260.0,tag-0020,anchor-07,-92.97,27.03,True,1.01590968207632,GRAZING,,,SIMULATED
1260.0,tag-0020,anchor-08,-99.3,20.7,True,1.01590968207632,GRAZING,,,SIMULATED
1290.0,tag-0001,anchor-01,-82.47,37.53,True,1.0123047653529982,GRAZING,,,SIMULATED
1290.0,tag-0001,anchor-02,-89.46,30.54,True,1.0123047653529982,GRAZING,,,SIMULATED
1290.0,tag-0001,anchor-03,,,False,1.0123047653529982,GRAZING,,,SIMULATED
1290.0,tag-0001,anchor-04,-102.02,17.98,True,1.0123047653529982,GRAZING,,,SIMULATED
1290.0,tag-0001,anchor-05,-81.9,38.1,True,1.0123047653529982,GRAZING,,,SIMULATED
1290.0,tag-0001,anchor-06,-106.79,13.21,True,1.0123047653529982,GRAZING,,,SIMULATED
1290.0,tag-0001,anchor-07,-115.74,4.26,True,1.0123047653529982,GRAZING,,,SIMULATED
1290.0,tag-0001,anchor-08,-98.31,21.69,True,1.0123047653529982,GRAZING,,,SIMULATED
1290.0,tag-0002,anchor-01,-103.06,16.94,True,1.0,WALKING,,,SIMULATED
1290.0,tag-0002,anchor-02,-123.33,-3.33,True,1.0,WALKING,,,SIMULATED
1290.0,tag-0002,anchor-03,,,False,1.0,WALKING,,,SIMULATED
1290.0,tag-0002,anchor-04,-100.6,19.4,True,1.0,WALKING,,,SIMULATED
1290.0,tag-0002,anchor-05,-94.3,25.7,True,1.0,WALKING,,,SIMULATED
1290.0,tag-0002,anchor-06,,,False,1.0,WALKING,,,SIMULATED
1290.0,tag-0002,anchor-07,-95.28,24.72,True,1.0,WALKING,,,SIMULATED
1290.0,tag-0002,anchor-08,-102.16,17.84,True,1.0,WALKING,,,SIMULATED
1290.0,tag-0003,anchor-01,-97.83,22.17,True,1.008027821167191,GRAZING,,,SIMULATED
1290.0,tag-0003,anchor-02,-91.82,28.18,True,1.008027821167191,GRAZING,,,SIMULATED
1290.0,tag-0003,anchor-03,,,False,1.008027821167191,GRAZING,,,SIMULATED
1290.0,tag-0003,anchor-04,-112.81,7.19,True,1.008027821167191,GRAZING,,,SIMULATED
1290.0,tag-0003,anchor-05,-97.58,22.42,True,1.008027821167191,GRAZING,,,SIMULATED
1290.0,tag-0003,anchor-06,-90.79,29.21,True,1.008027821167191,GRAZING,,,SIMULATED
1290.0,tag-0003,anchor-07,-119.41,0.59,True,1.008027821167191,GRAZING,,,SIMULATED
1290.0,tag-0003,anchor-08,-96.94,23.06,True,1.008027821167191,GRAZING,,,SIMULATED
1290.0,tag-0004,anchor-01,-96.26,23.74,True,1.0134172608032184,GRAZING,,,SIMULATED
1290.0,tag-0004,anchor-02,-86.28,33.72,True,1.0134172608032184,GRAZING,,,SIMULATED
1290.0,tag-0004,anchor-03,,,False,1.0134172608032184,GRAZING,,,SIMULATED
1290.0,tag-0004,anchor-04,-106.25,13.75,True,1.0134172608032184,GRAZING,,,SIMULATED
1290.0,tag-0004,anchor-05,-78.77,41.23,True,1.0134172608032184,GRAZING,,,SIMULATED
1290.0,tag-0004,anchor-06,-98.1,21.9,True,1.0134172608032184,GRAZING,,,SIMULATED
1290.0,tag-0004,anchor-07,-113.38,6.62,True,1.0134172608032184,GRAZING,,,SIMULATED
1290.0,tag-0004,anchor-08,-104.15,15.85,True,1.0134172608032184,GRAZING,,,SIMULATED
1290.0,tag-0005,anchor-01,-100.99,19.01,True,1.0,DRINKING,,,SIMULATED
1290.0,tag-0005,anchor-02,-96.28,23.72,True,1.0,DRINKING,,,SIMULATED
1290.0,tag-0005,anchor-03,-122.67,-2.67,True,1.0,DRINKING,,,SIMULATED
1290.0,tag-0005,anchor-04,,,False,1.0,DRINKING,,,SIMULATED
1290.0,tag-0005,anchor-05,-89.81,30.19,True,1.0,DRINKING,,,SIMULATED
1290.0,tag-0005,anchor-06,,,False,1.0,DRINKING,,,SIMULATED
1290.0,tag-0005,anchor-07,-116.64,3.36,True,1.0,DRINKING,,,SIMULATED
1290.0,tag-0005,anchor-08,-104.39,15.61,True,1.0,DRINKING,,,SIMULATED
1290.0,tag-0006,anchor-01,-96.07,23.93,True,1.0,WALKING,,,SIMULATED
1290.0,tag-0006,anchor-02,-84.42,35.58,True,1.0,WALKING,,,SIMULATED
1290.0,tag-0006,anchor-03,-126.2,-6.2,True,1.0,WALKING,,,SIMULATED
1290.0,tag-0006,anchor-04,-106.46,13.54,True,1.0,WALKING,,,SIMULATED
1290.0,tag-0006,anchor-05,-85.91,34.09,True,1.0,WALKING,,,SIMULATED
1290.0,tag-0006,anchor-06,-97.36,22.64,True,1.0,WALKING,,,SIMULATED
1290.0,tag-0006,anchor-07,-122.97,-2.97,True,1.0,WALKING,,,SIMULATED
1290.0,tag-0006,anchor-08,-100.74,19.26,True,1.0,WALKING,,,SIMULATED
1290.0,tag-0007,anchor-01,,,False,1.0058214088336788,GRAZING,,,SIMULATED
1290.0,tag-0007,anchor-02,-98.54,21.46,True,1.0058214088336788,GRAZING,,,SIMULATED
1290.0,tag-0007,anchor-03,-126.47,-6.47,True,1.0058214088336788,GRAZING,,,SIMULATED
1290.0,tag-0007,anchor-04,-108.72,11.28,True,1.0058214088336788,GRAZING,,,SIMULATED
1290.0,tag-0007,anchor-05,-85.64,34.36,True,1.0058214088336788,GRAZING,,,SIMULATED
1290.0,tag-0007,anchor-06,-97.47,22.53,True,1.0058214088336788,GRAZING,,,SIMULATED
1290.0,tag-0007,anchor-07,-102.21,17.79,True,1.0058214088336788,GRAZING,,,SIMULATED
1290.0,tag-0007,anchor-08,-97.73,22.27,True,1.0058214088336788,GRAZING,,,SIMULATED
1290.0,tag-0008,anchor-01,-98.15,21.85,True,1.0088090438524335,RESTING,,,SIMULATED
1290.0,tag-0008,anchor-02,-94.53,25.47,True,1.0088090438524335,RESTING,,,SIMULATED
1290.0,tag-0008,anchor-03,,,False,1.0088090438524335,RESTING,,,SIMULATED
1290.0,tag-0008,anchor-04,-104.78,15.22,True,1.0088090438524335,RESTING,,,SIMULATED
1290.0,tag-0008,anchor-05,-95.9,24.1,True,1.0088090438524335,RESTING,,,SIMULATED
1290.0,tag-0008,anchor-06,-125.6,-5.6,True,1.0088090438524335,RESTING,,,SIMULATED
1290.0,tag-0008,anchor-07,-94.25,25.75,True,1.0088090438524335,RESTING,,,SIMULATED
1290.0,tag-0008,anchor-08,-80.15,39.85,True,1.0088090438524335,RESTING,,,SIMULATED
1290.0,tag-0009,anchor-01,-88.58,31.42,True,1.0,GRAZING,,,SIMULATED
1290.0,tag-0009,anchor-02,,,False,1.0,GRAZING,,,SIMULATED
1290.0,tag-0009,anchor-03,,,False,1.0,GRAZING,,,SIMULATED
1290.0,tag-0009,anchor-04,-102.25,17.75,True,1.0,GRAZING,,,SIMULATED
1290.0,tag-0009,anchor-05,-83.67,36.33,True,1.0,GRAZING,,,SIMULATED
1290.0,tag-0009,anchor-06,-125.96,-5.96,True,1.0,GRAZING,,,SIMULATED
1290.0,tag-0009,anchor-07,-111.73,8.27,True,1.0,GRAZING,,,SIMULATED
1290.0,tag-0009,anchor-08,-98.02,21.98,True,1.0,GRAZING,,,SIMULATED
1290.0,tag-0010,anchor-01,-96.68,23.32,True,1.0,GRAZING,,,SIMULATED
1290.0,tag-0010,anchor-02,-104.38,15.62,True,1.0,GRAZING,,,SIMULATED
1290.0,tag-0010,anchor-03,,,False,1.0,GRAZING,,,SIMULATED
1290.0,tag-0010,anchor-04,-105.11,14.89,True,1.0,GRAZING,,,SIMULATED
1290.0,tag-0010,anchor-05,-82.79,37.21,True,1.0,GRAZING,,,SIMULATED
1290.0,tag-0010,anchor-06,-107.02,12.98,True,1.0,GRAZING,,,SIMULATED
1290.0,tag-0010,anchor-07,-97.1,22.9,True,1.0,GRAZING,,,SIMULATED
1290.0,tag-0010,anchor-08,-90.12,29.88,True,1.0,GRAZING,,,SIMULATED
1290.0,tag-0011,anchor-01,-101.28,18.72,True,1.0,GRAZING,,,SIMULATED
1290.0,tag-0011,anchor-02,-95.18,24.82,True,1.0,GRAZING,,,SIMULATED
1290.0,tag-0011,anchor-03,,,False,1.0,GRAZING,,,SIMULATED
1290.0,tag-0011,anchor-04,-101.69,18.31,True,1.0,GRAZING,,,SIMULATED
1290.0,tag-0011,anchor-05,-96.26,23.74,True,1.0,GRAZING,,,SIMULATED
1290.0,tag-0011,anchor-06,-119.19,0.81,True,1.0,GRAZING,,,SIMULATED
1290.0,tag-0011,anchor-07,-94.38,25.62,True,1.0,GRAZING,,,SIMULATED
1290.0,tag-0011,anchor-08,-94.57,25.43,True,1.0,GRAZING,,,SIMULATED
1290.0,tag-0012,anchor-01,-98.92,21.08,True,1.0387528668758652,GRAZING,,,SIMULATED
1290.0,tag-0012,anchor-02,-85.99,34.01,True,1.0387528668758652,GRAZING,,,SIMULATED
1290.0,tag-0012,anchor-03,-107.24,12.76,True,1.0387528668758652,GRAZING,,,SIMULATED
1290.0,tag-0012,anchor-04,-104.12,15.88,True,1.0387528668758652,GRAZING,,,SIMULATED
1290.0,tag-0012,anchor-05,-67.57,52.43,True,1.0387528668758652,GRAZING,,,SIMULATED
1290.0,tag-0012,anchor-06,-100.29,19.71,True,1.0387528668758652,GRAZING,,,SIMULATED
1290.0,tag-0012,anchor-07,-122.21,-2.21,True,1.0387528668758652,GRAZING,,,SIMULATED
1290.0,tag-0012,anchor-08,-99.99,20.01,True,1.0387528668758652,GRAZING,,,SIMULATED
1290.0,tag-0013,anchor-01,-96.73,23.27,True,1.0,GRAZING,,,SIMULATED
1290.0,tag-0013,anchor-02,-98.54,21.46,True,1.0,GRAZING,,,SIMULATED
1290.0,tag-0013,anchor-03,,,False,1.0,GRAZING,,,SIMULATED
1290.0,tag-0013,anchor-04,-98.71,21.29,True,1.0,GRAZING,,,SIMULATED
1290.0,tag-0013,anchor-05,-84.89,35.11,True,1.0,GRAZING,,,SIMULATED
1290.0,tag-0013,anchor-06,-126.76,-6.76,True,1.0,GRAZING,,,SIMULATED
1290.0,tag-0013,anchor-07,-103.73,16.27,True,1.0,GRAZING,,,SIMULATED
1290.0,tag-0013,anchor-08,-92.77,27.23,True,1.0,GRAZING,,,SIMULATED
1290.0,tag-0014,anchor-01,-92.8,27.2,True,1.0,DRINKING,,,SIMULATED
1290.0,tag-0014,anchor-02,-94.53,25.47,True,1.0,DRINKING,,,SIMULATED
1290.0,tag-0014,anchor-03,-107.42,12.58,True,1.0,DRINKING,,,SIMULATED
1290.0,tag-0014,anchor-04,,,False,1.0,DRINKING,,,SIMULATED
1290.0,tag-0014,anchor-05,-84.66,35.34,True,1.0,DRINKING,,,SIMULATED
1290.0,tag-0014,anchor-06,-95.15,24.85,True,1.0,DRINKING,,,SIMULATED
1290.0,tag-0014,anchor-07,-95.11,24.89,True,1.0,DRINKING,,,SIMULATED
1290.0,tag-0014,anchor-08,,,False,1.0,DRINKING,,,SIMULATED
1290.0,tag-0015,anchor-01,-101.46,18.54,True,1.0,WALKING,,,SIMULATED
1290.0,tag-0015,anchor-02,-101.02,18.98,True,1.0,WALKING,,,SIMULATED
1290.0,tag-0015,anchor-03,,,False,1.0,WALKING,,,SIMULATED
1290.0,tag-0015,anchor-04,-112.85,7.15,True,1.0,WALKING,,,SIMULATED
1290.0,tag-0015,anchor-05,-83.59,36.41,True,1.0,WALKING,,,SIMULATED
1290.0,tag-0015,anchor-06,-122.64,-2.64,True,1.0,WALKING,,,SIMULATED
1290.0,tag-0015,anchor-07,-98.42,21.58,True,1.0,WALKING,,,SIMULATED
1290.0,tag-0015,anchor-08,-95.51,24.49,True,1.0,WALKING,,,SIMULATED
1290.0,tag-0016,anchor-01,-102.04,17.96,True,1.0162388870026329,GRAZING,,,SIMULATED
1290.0,tag-0016,anchor-02,-92.16,27.84,True,1.0162388870026329,GRAZING,,,SIMULATED
1290.0,tag-0016,anchor-03,-123.72,-3.72,True,1.0162388870026329,GRAZING,,,SIMULATED
1290.0,tag-0016,anchor-04,-111.68,8.32,True,1.0162388870026329,GRAZING,,,SIMULATED
1290.0,tag-0016,anchor-05,-88.97,31.03,True,1.0162388870026329,GRAZING,,,SIMULATED
1290.0,tag-0016,anchor-06,-105.84,14.16,True,1.0162388870026329,GRAZING,,,SIMULATED
1290.0,tag-0016,anchor-07,-123.05,-3.05,True,1.0162388870026329,GRAZING,,,SIMULATED
1290.0,tag-0016,anchor-08,-98.96,21.04,True,1.0162388870026329,GRAZING,,,SIMULATED
1290.0,tag-0017,anchor-01,-98.4,21.6,True,1.0,GRAZING,,,SIMULATED
1290.0,tag-0017,anchor-02,-87.46,32.54,True,1.0,GRAZING,,,SIMULATED
1290.0,tag-0017,anchor-03,-124.93,-4.93,True,1.0,GRAZING,,,SIMULATED
1290.0,tag-0017,anchor-04,-114.31,5.69,True,1.0,GRAZING,,,SIMULATED
1290.0,tag-0017,anchor-05,-93.23,26.77,True,1.0,GRAZING,,,SIMULATED
1290.0,tag-0017,anchor-06,-102.6,17.4,True,1.0,GRAZING,,,SIMULATED
1290.0,tag-0017,anchor-07,,,False,1.0,GRAZING,,,SIMULATED
1290.0,tag-0017,anchor-08,,,False,1.0,GRAZING,,,SIMULATED
1290.0,tag-0018,anchor-01,-87.54,32.46,True,1.0220696137610954,GRAZING,,,SIMULATED
1290.0,tag-0018,anchor-02,-100.08,19.92,True,1.0220696137610954,GRAZING,,,SIMULATED
1290.0,tag-0018,anchor-03,,,False,1.0220696137610954,GRAZING,,,SIMULATED
1290.0,tag-0018,anchor-04,-106.42,13.58,True,1.0220696137610954,GRAZING,,,SIMULATED
1290.0,tag-0018,anchor-05,-89.78,30.22,True,1.0220696137610954,GRAZING,,,SIMULATED
1290.0,tag-0018,anchor-06,-101.13,18.87,True,1.0220696137610954,GRAZING,,,SIMULATED
1290.0,tag-0018,anchor-07,,,False,1.0220696137610954,GRAZING,,,SIMULATED
1290.0,tag-0018,anchor-08,-100.62,19.38,True,1.0220696137610954,GRAZING,,,SIMULATED
1290.0,tag-0019,anchor-01,-95.76,24.24,True,1.0130393914775975,GRAZING,,,SIMULATED
1290.0,tag-0019,anchor-02,-94.13,25.87,True,1.0130393914775975,GRAZING,,,SIMULATED
1290.0,tag-0019,anchor-03,,,False,1.0130393914775975,GRAZING,,,SIMULATED
1290.0,tag-0019,anchor-04,-102.43,17.57,True,1.0130393914775975,GRAZING,,,SIMULATED
1290.0,tag-0019,anchor-05,-92.09,27.91,True,1.0130393914775975,GRAZING,,,SIMULATED
1290.0,tag-0019,anchor-06,-100.36,19.64,True,1.0130393914775975,GRAZING,,,SIMULATED
1290.0,tag-0019,anchor-07,-112.18,7.82,True,1.0130393914775975,GRAZING,,,SIMULATED
1290.0,tag-0019,anchor-08,-103.17,16.83,True,1.0130393914775975,GRAZING,,,SIMULATED
1290.0,tag-0020,anchor-01,,,False,1.001592013316005,GRAZING,,,SIMULATED
1290.0,tag-0020,anchor-02,-97.29,22.71,True,1.001592013316005,GRAZING,,,SIMULATED
1290.0,tag-0020,anchor-03,,,False,1.001592013316005,GRAZING,,,SIMULATED
1290.0,tag-0020,anchor-04,-106.49,13.51,True,1.001592013316005,GRAZING,,,SIMULATED
1290.0,tag-0020,anchor-05,-79.34,40.66,True,1.001592013316005,GRAZING,,,SIMULATED
1290.0,tag-0020,anchor-06,-96.85,23.15,True,1.001592013316005,GRAZING,,,SIMULATED
1290.0,tag-0020,anchor-07,-98.71,21.29,True,1.001592013316005,GRAZING,,,SIMULATED
1290.0,tag-0020,anchor-08,-92.35,27.65,True,1.001592013316005,GRAZING,,,SIMULATED
1320.0,tag-0001,anchor-01,-87.38,32.62,True,1.000805306471677,GRAZING,,,SIMULATED
1320.0,tag-0001,anchor-02,-91.43,28.57,True,1.000805306471677,GRAZING,,,SIMULATED
1320.0,tag-0001,anchor-03,-126.97,-6.97,True,1.000805306471677,GRAZING,,,SIMULATED
1320.0,tag-0001,anchor-04,-105.89,14.11,True,1.000805306471677,GRAZING,,,SIMULATED
1320.0,tag-0001,anchor-05,-78.76,41.24,True,1.000805306471677,GRAZING,,,SIMULATED
1320.0,tag-0001,anchor-06,-105.9,14.1,True,1.000805306471677,GRAZING,,,SIMULATED
1320.0,tag-0001,anchor-07,-118.02,1.98,True,1.000805306471677,GRAZING,,,SIMULATED
1320.0,tag-0001,anchor-08,-99.22,20.78,True,1.000805306471677,GRAZING,,,SIMULATED
1320.0,tag-0002,anchor-01,-111.48,8.52,True,1.0046332583371462,WALKING,,,SIMULATED
1320.0,tag-0002,anchor-02,-117.88,2.12,True,1.0046332583371462,WALKING,,,SIMULATED
1320.0,tag-0002,anchor-03,,,False,1.0046332583371462,WALKING,,,SIMULATED
1320.0,tag-0002,anchor-04,-95.88,24.12,True,1.0046332583371462,WALKING,,,SIMULATED
1320.0,tag-0002,anchor-05,-90.41,29.59,True,1.0046332583371462,WALKING,,,SIMULATED
1320.0,tag-0002,anchor-06,-124.15,-4.15,True,1.0046332583371462,WALKING,,,SIMULATED
1320.0,tag-0002,anchor-07,-102.73,17.27,True,1.0046332583371462,WALKING,,,SIMULATED
1320.0,tag-0002,anchor-08,-100.63,19.37,True,1.0046332583371462,WALKING,,,SIMULATED
1320.0,tag-0003,anchor-01,-99.87,20.13,True,1.027231257947785,GRAZING,,,SIMULATED
1320.0,tag-0003,anchor-02,-96.93,23.07,True,1.027231257947785,GRAZING,,,SIMULATED
1320.0,tag-0003,anchor-03,,,False,1.027231257947785,GRAZING,,,SIMULATED
1320.0,tag-0003,anchor-04,-113.56,6.44,True,1.027231257947785,GRAZING,,,SIMULATED
1320.0,tag-0003,anchor-05,-93.82,26.18,True,1.027231257947785,GRAZING,,,SIMULATED
1320.0,tag-0003,anchor-06,-98.58,21.42,True,1.027231257947785,GRAZING,,,SIMULATED
1320.0,tag-0003,anchor-07,-123.51,-3.51,True,1.027231257947785,GRAZING,,,SIMULATED
1320.0,tag-0003,anchor-08,-99.74,20.26,True,1.027231257947785,GRAZING,,,SIMULATED
1320.0,tag-0004,anchor-01,-90.55,29.45,True,1.0,GRAZING,,,SIMULATED
1320.0,tag-0004,anchor-02,-85.31,34.69,True,1.0,GRAZING,,,SIMULATED
1320.0,tag-0004,anchor-03,-121.24,-1.24,True,1.0,GRAZING,,,SIMULATED
1320.0,tag-0004,anchor-04,-97.76,22.24,True,1.0,GRAZING,,,SIMULATED
1320.0,tag-0004,anchor-05,-75.43,44.57,True,1.0,GRAZING,,,SIMULATED
1320.0,tag-0004,anchor-06,-105.9,14.1,True,1.0,GRAZING,,,SIMULATED
1320.0,tag-0004,anchor-07,-120.95,-0.95,True,1.0,GRAZING,,,SIMULATED
1320.0,tag-0004,anchor-08,-96.14,23.86,True,1.0,GRAZING,,,SIMULATED
1320.0,tag-0005,anchor-01,-102.83,17.17,True,1.0,DRINKING,,,SIMULATED
1320.0,tag-0005,anchor-02,-90.56,29.44,True,1.0,DRINKING,,,SIMULATED
1320.0,tag-0005,anchor-03,-117.54,2.46,True,1.0,DRINKING,,,SIMULATED
1320.0,tag-0005,anchor-04,,,False,1.0,DRINKING,,,SIMULATED
1320.0,tag-0005,anchor-05,-93.41,26.59,True,1.0,DRINKING,,,SIMULATED
1320.0,tag-0005,anchor-06,-118.99,1.01,True,1.0,DRINKING,,,SIMULATED
1320.0,tag-0005,anchor-07,-116.04,3.96,True,1.0,DRINKING,,,SIMULATED
1320.0,tag-0005,anchor-08,-100.18,19.82,True,1.0,DRINKING,,,SIMULATED
1320.0,tag-0006,anchor-01,-93.07,26.93,True,1.030032170788392,WALKING,,,SIMULATED
1320.0,tag-0006,anchor-02,-84.89,35.11,True,1.030032170788392,WALKING,,,SIMULATED
1320.0,tag-0006,anchor-03,-126.72,-6.72,True,1.030032170788392,WALKING,,,SIMULATED
1320.0,tag-0006,anchor-04,-107.06,12.94,True,1.030032170788392,WALKING,,,SIMULATED
1320.0,tag-0006,anchor-05,-83.83,36.17,True,1.030032170788392,WALKING,,,SIMULATED
1320.0,tag-0006,anchor-06,-96.38,23.62,True,1.030032170788392,WALKING,,,SIMULATED
1320.0,tag-0006,anchor-07,,,False,1.030032170788392,WALKING,,,SIMULATED
1320.0,tag-0006,anchor-08,-98.13,21.87,True,1.030032170788392,WALKING,,,SIMULATED
1320.0,tag-0007,anchor-01,-102.35,17.65,True,1.006051825546387,GRAZING,,,SIMULATED
1320.0,tag-0007,anchor-02,-97.3,22.7,True,1.006051825546387,GRAZING,,,SIMULATED
1320.0,tag-0007,anchor-03,-125.21,-5.21,True,1.006051825546387,GRAZING,,,SIMULATED
1320.0,tag-0007,anchor-04,-110.59,9.41,True,1.006051825546387,GRAZING,,,SIMULATED
1320.0,tag-0007,anchor-05,-89.36,30.64,True,1.006051825546387,GRAZING,,,SIMULATED
1320.0,tag-0007,anchor-06,-94.82,25.18,True,1.006051825546387,GRAZING,,,SIMULATED
1320.0,tag-0007,anchor-07,-96.78,23.22,True,1.006051825546387,GRAZING,,,SIMULATED
1320.0,tag-0007,anchor-08,,,False,1.006051825546387,GRAZING,,,SIMULATED
1320.0,tag-0008,anchor-01,,,False,1.0,RESTING,,,SIMULATED
1320.0,tag-0008,anchor-02,-99.01,20.99,True,1.0,RESTING,,,SIMULATED
1320.0,tag-0008,anchor-03,,,False,1.0,RESTING,,,SIMULATED
1320.0,tag-0008,anchor-04,-107.55,12.45,True,1.0,RESTING,,,SIMULATED
1320.0,tag-0008,anchor-05,-92.86,27.14,True,1.0,RESTING,,,SIMULATED
1320.0,tag-0008,anchor-06,-120.48,-0.48,True,1.0,RESTING,,,SIMULATED
1320.0,tag-0008,anchor-07,-96.24,23.76,True,1.0,RESTING,,,SIMULATED
1320.0,tag-0008,anchor-08,-84.67,35.33,True,1.0,RESTING,,,SIMULATED
1320.0,tag-0009,anchor-01,-86.75,33.25,True,1.0,GRAZING,,,SIMULATED
1320.0,tag-0009,anchor-02,-96.88,23.12,True,1.0,GRAZING,,,SIMULATED
1320.0,tag-0009,anchor-03,,,False,1.0,GRAZING,,,SIMULATED
1320.0,tag-0009,anchor-04,-103.25,16.75,True,1.0,GRAZING,,,SIMULATED
1320.0,tag-0009,anchor-05,-87.51,32.49,True,1.0,GRAZING,,,SIMULATED
1320.0,tag-0009,anchor-06,-126.3,-6.3,True,1.0,GRAZING,,,SIMULATED
1320.0,tag-0009,anchor-07,-114.89,5.11,True,1.0,GRAZING,,,SIMULATED
1320.0,tag-0009,anchor-08,-101.4,18.6,True,1.0,GRAZING,,,SIMULATED
1320.0,tag-0010,anchor-01,-97.55,22.45,True,1.0,GRAZING,,,SIMULATED
1320.0,tag-0010,anchor-02,,,False,1.0,GRAZING,,,SIMULATED
1320.0,tag-0010,anchor-03,,,False,1.0,GRAZING,,,SIMULATED
1320.0,tag-0010,anchor-04,,,False,1.0,GRAZING,,,SIMULATED
1320.0,tag-0010,anchor-05,-87.77,32.23,True,1.0,GRAZING,,,SIMULATED
1320.0,tag-0010,anchor-06,-102.24,17.76,True,1.0,GRAZING,,,SIMULATED
1320.0,tag-0010,anchor-07,-91.37,28.63,True,1.0,GRAZING,,,SIMULATED
1320.0,tag-0010,anchor-08,-92.49,27.51,True,1.0,GRAZING,,,SIMULATED
1320.0,tag-0011,anchor-01,-102.75,17.25,True,1.0,GRAZING,,,SIMULATED
1320.0,tag-0011,anchor-02,-95.13,24.87,True,1.0,GRAZING,,,SIMULATED
1320.0,tag-0011,anchor-03,,,False,1.0,GRAZING,,,SIMULATED
1320.0,tag-0011,anchor-04,-99.24,20.76,True,1.0,GRAZING,,,SIMULATED
1320.0,tag-0011,anchor-05,-94.89,25.11,True,1.0,GRAZING,,,SIMULATED
1320.0,tag-0011,anchor-06,-117.09,2.91,True,1.0,GRAZING,,,SIMULATED
1320.0,tag-0011,anchor-07,-98.06,21.94,True,1.0,GRAZING,,,SIMULATED
1320.0,tag-0011,anchor-08,-91.16,28.84,True,1.0,GRAZING,,,SIMULATED
1320.0,tag-0012,anchor-01,-90.4,29.6,True,1.0025783717464447,GRAZING,,,SIMULATED
1320.0,tag-0012,anchor-02,-84.19,35.81,True,1.0025783717464447,GRAZING,,,SIMULATED
1320.0,tag-0012,anchor-03,-103.48,16.52,True,1.0025783717464447,GRAZING,,,SIMULATED
1320.0,tag-0012,anchor-04,-101.88,18.12,True,1.0025783717464447,GRAZING,,,SIMULATED
1320.0,tag-0012,anchor-05,-67.3,52.7,True,1.0025783717464447,GRAZING,,,SIMULATED
1320.0,tag-0012,anchor-06,-97.83,22.17,True,1.0025783717464447,GRAZING,,,SIMULATED
1320.0,tag-0012,anchor-07,-123.73,-3.73,True,1.0025783717464447,GRAZING,,,SIMULATED
1320.0,tag-0012,anchor-08,-103.41,16.59,True,1.0025783717464447,GRAZING,,,SIMULATED
1320.0,tag-0013,anchor-01,,,False,1.0023206229016883,GRAZING,,,SIMULATED
1320.0,tag-0013,anchor-02,-98.11,21.89,True,1.0023206229016883,GRAZING,,,SIMULATED
1320.0,tag-0013,anchor-03,,,False,1.0023206229016883,GRAZING,,,SIMULATED
1320.0,tag-0013,anchor-04,-99.07,20.93,True,1.0023206229016883,GRAZING,,,SIMULATED
1320.0,tag-0013,anchor-05,-85.12,34.88,True,1.0023206229016883,GRAZING,,,SIMULATED
1320.0,tag-0013,anchor-06,,,False,1.0023206229016883,GRAZING,,,SIMULATED
1320.0,tag-0013,anchor-07,-100.71,19.29,True,1.0023206229016883,GRAZING,,,SIMULATED
1320.0,tag-0013,anchor-08,-93.83,26.17,True,1.0023206229016883,GRAZING,,,SIMULATED
1320.0,tag-0014,anchor-01,-96.21,23.79,True,1.017757007221934,GRAZING,,,SIMULATED
1320.0,tag-0014,anchor-02,-95.17,24.83,True,1.017757007221934,GRAZING,,,SIMULATED
1320.0,tag-0014,anchor-03,-106.16,13.84,True,1.017757007221934,GRAZING,,,SIMULATED
1320.0,tag-0014,anchor-04,-125.87,-5.87,True,1.017757007221934,GRAZING,,,SIMULATED
1320.0,tag-0014,anchor-05,-86.65,33.35,True,1.017757007221934,GRAZING,,,SIMULATED
1320.0,tag-0014,anchor-06,-94.43,25.57,True,1.017757007221934,GRAZING,,,SIMULATED
1320.0,tag-0014,anchor-07,,,False,1.017757007221934,GRAZING,,,SIMULATED
1320.0,tag-0014,anchor-08,,,False,1.017757007221934,GRAZING,,,SIMULATED
1320.0,tag-0015,anchor-01,-100.54,19.46,True,1.000987956791085,WALKING,,,SIMULATED
1320.0,tag-0015,anchor-02,-97.58,22.42,True,1.000987956791085,WALKING,,,SIMULATED
1320.0,tag-0015,anchor-03,,,False,1.000987956791085,WALKING,,,SIMULATED
1320.0,tag-0015,anchor-04,-105.43,14.57,True,1.000987956791085,WALKING,,,SIMULATED
1320.0,tag-0015,anchor-05,-86.5,33.5,True,1.000987956791085,WALKING,,,SIMULATED
1320.0,tag-0015,anchor-06,-123.18,-3.18,True,1.000987956791085,WALKING,,,SIMULATED
1320.0,tag-0015,anchor-07,-97.52,22.48,True,1.000987956791085,WALKING,,,SIMULATED
1320.0,tag-0015,anchor-08,-94.67,25.33,True,1.000987956791085,WALKING,,,SIMULATED
1320.0,tag-0016,anchor-01,-99.03,20.97,True,1.0,GRAZING,,,SIMULATED
1320.0,tag-0016,anchor-02,-94.67,25.33,True,1.0,GRAZING,,,SIMULATED
1320.0,tag-0016,anchor-03,,,False,1.0,GRAZING,,,SIMULATED
1320.0,tag-0016,anchor-04,-113.16,6.84,True,1.0,GRAZING,,,SIMULATED
1320.0,tag-0016,anchor-05,-83.96,36.04,True,1.0,GRAZING,,,SIMULATED
1320.0,tag-0016,anchor-06,-108.56,11.44,True,1.0,GRAZING,,,SIMULATED
1320.0,tag-0016,anchor-07,-125.95,-5.95,True,1.0,GRAZING,,,SIMULATED
1320.0,tag-0016,anchor-08,-93.4,26.6,True,1.0,GRAZING,,,SIMULATED
1320.0,tag-0017,anchor-01,-92.2,27.8,True,1.0,GRAZING,,,SIMULATED
1320.0,tag-0017,anchor-02,-87.94,32.06,True,1.0,GRAZING,,,SIMULATED
1320.0,tag-0017,anchor-03,-126.37,-6.37,True,1.0,GRAZING,,,SIMULATED
1320.0,tag-0017,anchor-04,-115.1,4.9,True,1.0,GRAZING,,,SIMULATED
1320.0,tag-0017,anchor-05,-87.49,32.51,True,1.0,GRAZING,,,SIMULATED
1320.0,tag-0017,anchor-06,-103.03,16.97,True,1.0,GRAZING,,,SIMULATED
1320.0,tag-0017,anchor-07,-95.9,24.1,True,1.0,GRAZING,,,SIMULATED
1320.0,tag-0017,anchor-08,-95.32,24.68,True,1.0,GRAZING,,,SIMULATED
1320.0,tag-0018,anchor-01,-90.51,29.49,True,1.030461812545523,GRAZING,,,SIMULATED
1320.0,tag-0018,anchor-02,-95.7,24.3,True,1.030461812545523,GRAZING,,,SIMULATED
1320.0,tag-0018,anchor-03,,,False,1.030461812545523,GRAZING,,,SIMULATED
1320.0,tag-0018,anchor-04,-103.33,16.67,True,1.030461812545523,GRAZING,,,SIMULATED
1320.0,tag-0018,anchor-05,-83.53,36.47,True,1.030461812545523,GRAZING,,,SIMULATED
1320.0,tag-0018,anchor-06,-102.32,17.68,True,1.030461812545523,GRAZING,,,SIMULATED
1320.0,tag-0018,anchor-07,,,False,1.030461812545523,GRAZING,,,SIMULATED
1320.0,tag-0018,anchor-08,-101.69,18.31,True,1.030461812545523,GRAZING,,,SIMULATED
1320.0,tag-0019,anchor-01,-96.71,23.29,True,1.0,GRAZING,,,SIMULATED
1320.0,tag-0019,anchor-02,-87.83,32.17,True,1.0,GRAZING,,,SIMULATED
1320.0,tag-0019,anchor-03,,,False,1.0,GRAZING,,,SIMULATED
1320.0,tag-0019,anchor-04,-98.42,21.58,True,1.0,GRAZING,,,SIMULATED
1320.0,tag-0019,anchor-05,-90.89,29.11,True,1.0,GRAZING,,,SIMULATED
1320.0,tag-0019,anchor-06,-99.9,20.1,True,1.0,GRAZING,,,SIMULATED
1320.0,tag-0019,anchor-07,-120.1,-0.1,True,1.0,GRAZING,,,SIMULATED
1320.0,tag-0019,anchor-08,-96.52,23.48,True,1.0,GRAZING,,,SIMULATED
1320.0,tag-0020,anchor-01,-101.07,18.93,True,1.0036072850837061,GRAZING,,,SIMULATED
1320.0,tag-0020,anchor-02,-100.3,19.7,True,1.0036072850837061,GRAZING,,,SIMULATED
1320.0,tag-0020,anchor-03,-124.16,-4.16,True,1.0036072850837061,GRAZING,,,SIMULATED
1320.0,tag-0020,anchor-04,-101.15,18.85,True,1.0036072850837061,GRAZING,,,SIMULATED
1320.0,tag-0020,anchor-05,-77.15,42.85,True,1.0036072850837061,GRAZING,,,SIMULATED
1320.0,tag-0020,anchor-06,-102.78,17.22,True,1.0036072850837061,GRAZING,,,SIMULATED
1320.0,tag-0020,anchor-07,-98.03,21.97,True,1.0036072850837061,GRAZING,,,SIMULATED
1320.0,tag-0020,anchor-08,-94.74,25.26,True,1.0036072850837061,GRAZING,,,SIMULATED
1350.0,tag-0001,anchor-01,-84.56,35.44,True,1.0,GRAZING,,,SIMULATED
1350.0,tag-0001,anchor-02,-100.45,19.55,True,1.0,GRAZING,,,SIMULATED
1350.0,tag-0001,anchor-03,,,False,1.0,GRAZING,,,SIMULATED
1350.0,tag-0001,anchor-04,-110.36,9.64,True,1.0,GRAZING,,,SIMULATED
1350.0,tag-0001,anchor-05,-75.57,44.43,True,1.0,GRAZING,,,SIMULATED
1350.0,tag-0001,anchor-06,-99.52,20.48,True,1.0,GRAZING,,,SIMULATED
1350.0,tag-0001,anchor-07,-120.5,-0.5,True,1.0,GRAZING,,,SIMULATED
1350.0,tag-0001,anchor-08,-105.63,14.37,True,1.0,GRAZING,,,SIMULATED
1350.0,tag-0002,anchor-01,-103.92,16.08,True,1.0,WALKING,,,SIMULATED
1350.0,tag-0002,anchor-02,-118.79,1.21,True,1.0,WALKING,,,SIMULATED
1350.0,tag-0002,anchor-03,,,False,1.0,WALKING,,,SIMULATED
1350.0,tag-0002,anchor-04,-106.18,13.82,True,1.0,WALKING,,,SIMULATED
1350.0,tag-0002,anchor-05,-87.76,32.24,True,1.0,WALKING,,,SIMULATED
1350.0,tag-0002,anchor-06,-123.86,-3.86,True,1.0,WALKING,,,SIMULATED
1350.0,tag-0002,anchor-07,-97.24,22.76,True,1.0,WALKING,,,SIMULATED
1350.0,tag-0002,anchor-08,-93.3,26.7,True,1.0,WALKING,,,SIMULATED
1350.0,tag-0003,anchor-01,,,False,1.016213373755615,GRAZING,,,SIMULATED
1350.0,tag-0003,anchor-02,-96.47,23.53,True,1.016213373755615,GRAZING,,,SIMULATED
1350.0,tag-0003,anchor-03,,,False,1.016213373755615,GRAZING,,,SIMULATED
1350.0,tag-0003,anchor-04,-108.66,11.34,True,1.016213373755615,GRAZING,,,SIMULATED
1350.0,tag-0003,anchor-05,-92.63,27.37,True,1.016213373755615,GRAZING,,,SIMULATED
1350.0,tag-0003,anchor-06,-96.59,23.41,True,1.016213373755615,GRAZING,,,SIMULATED
1350.0,tag-0003,anchor-07,-118.41,1.59,True,1.016213373755615,GRAZING,,,SIMULATED
1350.0,tag-0003,anchor-08,-104.94,15.06,True,1.016213373755615,GRAZING,,,SIMULATED
1350.0,tag-0004,anchor-01,-87.2,32.8,True,1.0,GRAZING,,,SIMULATED
1350.0,tag-0004,anchor-02,-85.74,34.26,True,1.0,GRAZING,,,SIMULATED
1350.0,tag-0004,anchor-03,-126.63,-6.63,True,1.0,GRAZING,,,SIMULATED
1350.0,tag-0004,anchor-04,-96.89,23.11,True,1.0,GRAZING,,,SIMULATED
1350.0,tag-0004,anchor-05,-80.5,39.5,True,1.0,GRAZING,,,SIMULATED
1350.0,tag-0004,anchor-06,-97.19,22.81,True,1.0,GRAZING,,,SIMULATED
1350.0,tag-0004,anchor-07,-121.76,-1.76,True,1.0,GRAZING,,,SIMULATED
1350.0,tag-0004,anchor-08,-100.96,19.04,True,1.0,GRAZING,,,SIMULATED
1350.0,tag-0005,anchor-01,-103.68,16.32,True,1.0,DRINKING,,,SIMULATED
1350.0,tag-0005,anchor-02,-95.5,24.5,True,1.0,DRINKING,,,SIMULATED
1350.0,tag-0005,anchor-03,-119.09,0.91,True,1.0,DRINKING,,,SIMULATED
1350.0,tag-0005,anchor-04,,,False,1.0,DRINKING,,,SIMULATED
1350.0,tag-0005,anchor-05,-81.16,38.84,True,1.0,DRINKING,,,SIMULATED
1350.0,tag-0005,anchor-06,-122.3,-2.3,True,1.0,DRINKING,,,SIMULATED
1350.0,tag-0005,anchor-07,-114.76,5.24,True,1.0,DRINKING,,,SIMULATED
1350.0,tag-0005,anchor-08,-100.49,19.51,True,1.0,DRINKING,,,SIMULATED
1350.0,tag-0006,anchor-01,-90.02,29.98,True,1.0083789240582621,WALKING,,,SIMULATED
1350.0,tag-0006,anchor-02,-82.57,37.43,True,1.0083789240582621,WALKING,,,SIMULATED
1350.0,tag-0006,anchor-03,-105.88,14.12,True,1.0083789240582621,WALKING,,,SIMULATED
1350.0,tag-0006,anchor-04,,,False,1.0083789240582621,WALKING,,,SIMULATED
1350.0,tag-0006,anchor-05,-86.03,33.97,True,1.0083789240582621,WALKING,,,SIMULATED
1350.0,tag-0006,anchor-06,-94.6,25.4,True,1.0083789240582621,WALKING,,,SIMULATED
1350.0,tag-0006,anchor-07,,,False,1.0083789240582621,WALKING,,,SIMULATED
1350.0,tag-0006,anchor-08,-106.99,13.01,True,1.0083789240582621,WALKING,,,SIMULATED
1350.0,tag-0007,anchor-01,-96.84,23.16,True,1.0,GRAZING,,,SIMULATED
1350.0,tag-0007,anchor-02,-93.49,26.51,True,1.0,GRAZING,,,SIMULATED
1350.0,tag-0007,anchor-03,,,False,1.0,GRAZING,,,SIMULATED
1350.0,tag-0007,anchor-04,-104.8,15.2,True,1.0,GRAZING,,,SIMULATED
1350.0,tag-0007,anchor-05,-89.28,30.72,True,1.0,GRAZING,,,SIMULATED
1350.0,tag-0007,anchor-06,-99.43,20.57,True,1.0,GRAZING,,,SIMULATED
1350.0,tag-0007,anchor-07,-104.85,15.15,True,1.0,GRAZING,,,SIMULATED
1350.0,tag-0007,anchor-08,-94.19,25.81,True,1.0,GRAZING,,,SIMULATED
1350.0,tag-0008,anchor-01,-101.39,18.61,True,1.0,RESTING,,,SIMULATED
1350.0,tag-0008,anchor-02,,,False,1.0,RESTING,,,SIMULATED
1350.0,tag-0008,anchor-03,,,False,1.0,RESTING,,,SIMULATED
1350.0,tag-0008,anchor-04,-99.52,20.48,True,1.0,RESTING,,,SIMULATED
1350.0,tag-0008,anchor-05,-89.47,30.53,True,1.0,RESTING,,,SIMULATED
1350.0,tag-0008,anchor-06,,,False,1.0,RESTING,,,SIMULATED
1350.0,tag-0008,anchor-07,-99.69,20.31,True,1.0,RESTING,,,SIMULATED
1350.0,tag-0008,anchor-08,-88.62,31.38,True,1.0,RESTING,,,SIMULATED
1350.0,tag-0009,anchor-01,-92.31,27.69,True,1.005955079848384,GRAZING,,,SIMULATED
1350.0,tag-0009,anchor-02,-97.43,22.57,True,1.005955079848384,GRAZING,,,SIMULATED
1350.0,tag-0009,anchor-03,,,False,1.005955079848384,GRAZING,,,SIMULATED
1350.0,tag-0009,anchor-04,-99.25,20.75,True,1.005955079848384,GRAZING,,,SIMULATED
1350.0,tag-0009,anchor-05,-91.07,28.93,True,1.005955079848384,GRAZING,,,SIMULATED
1350.0,tag-0009,anchor-06,-122.67,-2.67,True,1.005955079848384,GRAZING,,,SIMULATED
1350.0,tag-0009,anchor-07,-114.91,5.09,True,1.005955079848384,GRAZING,,,SIMULATED
1350.0,tag-0009,anchor-08,-106.92,13.08,True,1.005955079848384,GRAZING,,,SIMULATED
1350.0,tag-0010,anchor-01,-95.35,24.65,True,1.0,GRAZING,,,SIMULATED
1350.0,tag-0010,anchor-02,-106.71,13.29,True,1.0,GRAZING,,,SIMULATED
1350.0,tag-0010,anchor-03,,,False,1.0,GRAZING,,,SIMULATED
1350.0,tag-0010,anchor-04,-108.38,11.62,True,1.0,GRAZING,,,SIMULATED
1350.0,tag-0010,anchor-05,-87.27,32.73,True,1.0,GRAZING,,,SIMULATED
1350.0,tag-0010,anchor-06,-99.49,20.51,True,1.0,GRAZING,,,SIMULATED
1350.0,tag-0010,anchor-07,-92.59,27.41,True,1.0,GRAZING,,,SIMULATED
1350.0,tag-0010,anchor-08,-92.77,27.23,True,1.0,GRAZING,,,SIMULATED
1350.0,tag-0011,anchor-01,-100.45,19.55,True,1.0,GRAZING,,,SIMULATED
1350.0,tag-0011,anchor-02,-93.29,26.71,True,1.0,GRAZING,,,SIMULATED
1350.0,tag-0011,anchor-03,,,False,1.0,GRAZING,,,SIMULATED
1350.0,tag-0011,anchor-04,-92.77,27.23,True,1.0,GRAZING,,,SIMULATED
1350.0,tag-0011,anchor-05,-89.83,30.17,True,1.0,GRAZING,,,SIMULATED
1350.0,tag-0011,anchor-06,-114.05,5.95,True,1.0,GRAZING,,,SIMULATED
1350.0,tag-0011,anchor-07,-97.81,22.19,True,1.0,GRAZING,,,SIMULATED
1350.0,tag-0011,anchor-08,-93.49,26.51,True,1.0,GRAZING,,,SIMULATED
1350.0,tag-0012,anchor-01,-94.5,25.5,True,1.0,GRAZING,,,SIMULATED
1350.0,tag-0012,anchor-02,-84.71,35.29,True,1.0,GRAZING,,,SIMULATED
1350.0,tag-0012,anchor-03,-108.65,11.35,True,1.0,GRAZING,,,SIMULATED
1350.0,tag-0012,anchor-04,-106.47,13.53,True,1.0,GRAZING,,,SIMULATED
1350.0,tag-0012,anchor-05,-75.8,44.2,True,1.0,GRAZING,,,SIMULATED
1350.0,tag-0012,anchor-06,-104.84,15.16,True,1.0,GRAZING,,,SIMULATED
1350.0,tag-0012,anchor-07,-118.64,1.36,True,1.0,GRAZING,,,SIMULATED
1350.0,tag-0012,anchor-08,-100.96,19.04,True,1.0,GRAZING,,,SIMULATED
1350.0,tag-0013,anchor-01,-99.63,20.37,True,1.0,GRAZING,,,SIMULATED
1350.0,tag-0013,anchor-02,-90.74,29.26,True,1.0,GRAZING,,,SIMULATED
1350.0,tag-0013,anchor-03,,,False,1.0,GRAZING,,,SIMULATED
1350.0,tag-0013,anchor-04,-104.88,15.12,True,1.0,GRAZING,,,SIMULATED
1350.0,tag-0013,anchor-05,-81.11,38.89,True,1.0,GRAZING,,,SIMULATED
1350.0,tag-0013,anchor-06,-125.9,-5.9,True,1.0,GRAZING,,,SIMULATED
1350.0,tag-0013,anchor-07,-104.66,15.34,True,1.0,GRAZING,,,SIMULATED
1350.0,tag-0013,anchor-08,-92.06,27.94,True,1.0,GRAZING,,,SIMULATED
1350.0,tag-0014,anchor-01,-98.4,21.6,True,1.025839468905195,GRAZING,,,SIMULATED
1350.0,tag-0014,anchor-02,-99.22,20.78,True,1.025839468905195,GRAZING,,,SIMULATED
1350.0,tag-0014,anchor-03,-99.0,21.0,True,1.025839468905195,GRAZING,,,SIMULATED
1350.0,tag-0014,anchor-04,,,False,1.025839468905195,GRAZING,,,SIMULATED
1350.0,tag-0014,anchor-05,-88.18,31.82,True,1.025839468905195,GRAZING,,,SIMULATED
1350.0,tag-0014,anchor-06,-92.58,27.42,True,1.025839468905195,GRAZING,,,SIMULATED
1350.0,tag-0014,anchor-07,-96.47,23.53,True,1.025839468905195,GRAZING,,,SIMULATED
1350.0,tag-0014,anchor-08,-126.6,-6.6,True,1.025839468905195,GRAZING,,,SIMULATED
1350.0,tag-0015,anchor-01,-98.37,21.63,True,1.0,WALKING,,,SIMULATED
1350.0,tag-0015,anchor-02,-102.49,17.51,True,1.0,WALKING,,,SIMULATED
1350.0,tag-0015,anchor-03,,,False,1.0,WALKING,,,SIMULATED
1350.0,tag-0015,anchor-04,-103.26,16.74,True,1.0,WALKING,,,SIMULATED
1350.0,tag-0015,anchor-05,,,False,1.0,WALKING,,,SIMULATED
1350.0,tag-0015,anchor-06,,,False,1.0,WALKING,,,SIMULATED
1350.0,tag-0015,anchor-07,-118.98,1.02,True,1.0,WALKING,,,SIMULATED
1350.0,tag-0015,anchor-08,-97.91,22.09,True,1.0,WALKING,,,SIMULATED
1350.0,tag-0016,anchor-01,-103.23,16.77,True,1.0159596764317174,GRAZING,,,SIMULATED
1350.0,tag-0016,anchor-02,-92.0,28.0,True,1.0159596764317174,GRAZING,,,SIMULATED
1350.0,tag-0016,anchor-03,,,False,1.0159596764317174,GRAZING,,,SIMULATED
1350.0,tag-0016,anchor-04,-111.25,8.75,True,1.0159596764317174,GRAZING,,,SIMULATED
1350.0,tag-0016,anchor-05,-81.03,38.97,True,1.0159596764317174,GRAZING,,,SIMULATED
1350.0,tag-0016,anchor-06,-105.63,14.37,True,1.0159596764317174,GRAZING,,,SIMULATED
1350.0,tag-0016,anchor-07,-124.95,-4.95,True,1.0159596764317174,GRAZING,,,SIMULATED
1350.0,tag-0016,anchor-08,-93.57,26.43,True,1.0159596764317174,GRAZING,,,SIMULATED
1350.0,tag-0017,anchor-01,-100.51,19.49,True,1.0,GRAZING,,,SIMULATED
1350.0,tag-0017,anchor-02,-91.25,28.75,True,1.0,GRAZING,,,SIMULATED
1350.0,tag-0017,anchor-03,-123.93,-3.93,True,1.0,GRAZING,,,SIMULATED
1350.0,tag-0017,anchor-04,-108.47,11.53,True,1.0,GRAZING,,,SIMULATED
1350.0,tag-0017,anchor-05,-86.66,33.34,True,1.0,GRAZING,,,SIMULATED
1350.0,tag-0017,anchor-06,-104.23,15.77,True,1.0,GRAZING,,,SIMULATED
1350.0,tag-0017,anchor-07,-92.08,27.92,True,1.0,GRAZING,,,SIMULATED
1350.0,tag-0017,anchor-08,-96.21,23.79,True,1.0,GRAZING,,,SIMULATED
1350.0,tag-0018,anchor-01,-92.75,27.25,True,1.0,GRAZING,,,SIMULATED
1350.0,tag-0018,anchor-02,-92.22,27.78,True,1.0,GRAZING,,,SIMULATED
1350.0,tag-0018,anchor-03,,,False,1.0,GRAZING,,,SIMULATED
1350.0,tag-0018,anchor-04,-103.5,16.5,True,1.0,GRAZING,,,SIMULATED
1350.0,tag-0018,anchor-05,-90.73,29.27,True,1.0,GRAZING,,,SIMULATED
1350.0,tag-0018,anchor-06,-98.76,21.24,True,1.0,GRAZING,,,SIMULATED
1350.0,tag-0018,anchor-07,-125.99,-5.99,True,1.0,GRAZING,,,SIMULATED
1350.0,tag-0018,anchor-08,-106.17,13.83,True,1.0,GRAZING,,,SIMULATED
1350.0,tag-0019,anchor-01,-93.86,26.14,True,1.0,GRAZING,,,SIMULATED
1350.0,tag-0019,anchor-02,-99.27,20.73,True,1.0,GRAZING,,,SIMULATED
1350.0,tag-0019,anchor-03,-124.39,-4.39,True,1.0,GRAZING,,,SIMULATED
1350.0,tag-0019,anchor-04,-101.75,18.25,True,1.0,GRAZING,,,SIMULATED
1350.0,tag-0019,anchor-05,-90.75,29.25,True,1.0,GRAZING,,,SIMULATED
1350.0,tag-0019,anchor-06,-99.79,20.21,True,1.0,GRAZING,,,SIMULATED
1350.0,tag-0019,anchor-07,-112.73,7.27,True,1.0,GRAZING,,,SIMULATED
1350.0,tag-0019,anchor-08,-97.33,22.67,True,1.0,GRAZING,,,SIMULATED
1350.0,tag-0020,anchor-01,-102.74,17.26,True,1.0042033590164974,GRAZING,,,SIMULATED
1350.0,tag-0020,anchor-02,-99.28,20.72,True,1.0042033590164974,GRAZING,,,SIMULATED
1350.0,tag-0020,anchor-03,,,False,1.0042033590164974,GRAZING,,,SIMULATED
1350.0,tag-0020,anchor-04,-106.93,13.07,True,1.0042033590164974,GRAZING,,,SIMULATED
1350.0,tag-0020,anchor-05,-79.37,40.63,True,1.0042033590164974,GRAZING,,,SIMULATED
1350.0,tag-0020,anchor-06,-105.84,14.16,True,1.0042033590164974,GRAZING,,,SIMULATED
1350.0,tag-0020,anchor-07,-96.03,23.97,True,1.0042033590164974,GRAZING,,,SIMULATED
1350.0,tag-0020,anchor-08,-97.1,22.9,True,1.0042033590164974,GRAZING,,,SIMULATED
1380.0,tag-0001,anchor-01,-91.65,28.35,True,1.0,GRAZING,,,SIMULATED
1380.0,tag-0001,anchor-02,-93.88,26.12,True,1.0,GRAZING,,,SIMULATED
1380.0,tag-0001,anchor-03,,,False,1.0,GRAZING,,,SIMULATED
1380.0,tag-0001,anchor-04,-107.34,12.66,True,1.0,GRAZING,,,SIMULATED
1380.0,tag-0001,anchor-05,-83.04,36.96,True,1.0,GRAZING,,,SIMULATED
1380.0,tag-0001,anchor-06,-104.81,15.19,True,1.0,GRAZING,,,SIMULATED
1380.0,tag-0001,anchor-07,-114.93,5.07,True,1.0,GRAZING,,,SIMULATED
1380.0,tag-0001,anchor-08,-99.28,20.72,True,1.0,GRAZING,,,SIMULATED
1380.0,tag-0002,anchor-01,-104.27,15.73,True,1.009576244920875,WALKING,,,SIMULATED
1380.0,tag-0002,anchor-02,-116.69,3.31,True,1.009576244920875,WALKING,,,SIMULATED
1380.0,tag-0002,anchor-03,,,False,1.009576244920875,WALKING,,,SIMULATED
1380.0,tag-0002,anchor-04,-99.03,20.97,True,1.009576244920875,WALKING,,,SIMULATED
1380.0,tag-0002,anchor-05,-85.79,34.21,True,1.009576244920875,WALKING,,,SIMULATED
1380.0,tag-0002,anchor-06,-121.84,-1.84,True,1.009576244920875,WALKING,,,SIMULATED
1380.0,tag-0002,anchor-07,-97.5,22.5,True,1.009576244920875,WALKING,,,SIMULATED
1380.0,tag-0002,anchor-08,-92.36,27.64,True,1.009576244920875,WALKING,,,SIMULATED
1380.0,tag-0003,anchor-01,-97.31,22.69,True,1.0006104763059616,GRAZING,,,SIMULATED
1380.0,tag-0003,anchor-02,-98.28,21.72,True,1.0006104763059616,GRAZING,,,SIMULATED
1380.0,tag-0003,anchor-03,,,False,1.0006104763059616,GRAZING,,,SIMULATED
1380.0,tag-0003,anchor-04,-101.97,18.03,True,1.0006104763059616,GRAZING,,,SIMULATED
1380.0,tag-0003,anchor-05,-89.27,30.73,True,1.0006104763059616,GRAZING,,,SIMULATED
1380.0,tag-0003,anchor-06,-98.62,21.38,True,1.0006104763059616,GRAZING,,,SIMULATED
1380.0,tag-0003,anchor-07,-122.03,-2.03,True,1.0006104763059616,GRAZING,,,SIMULATED
1380.0,tag-0003,anchor-08,-101.28,18.72,True,1.0006104763059616,GRAZING,,,SIMULATED
1380.0,tag-0004,anchor-01,-90.03,29.97,True,1.0010578086880406,GRAZING,,,SIMULATED
1380.0,tag-0004,anchor-02,-81.67,38.33,True,1.0010578086880406,GRAZING,,,SIMULATED
1380.0,tag-0004,anchor-03,-123.44,-3.44,True,1.0010578086880406,GRAZING,,,SIMULATED
1380.0,tag-0004,anchor-04,-99.4,20.6,True,1.0010578086880406,GRAZING,,,SIMULATED
1380.0,tag-0004,anchor-05,-79.12,40.88,True,1.0010578086880406,GRAZING,,,SIMULATED
1380.0,tag-0004,anchor-06,-97.41,22.59,True,1.0010578086880406,GRAZING,,,SIMULATED
1380.0,tag-0004,anchor-07,-122.58,-2.58,True,1.0010578086880406,GRAZING,,,SIMULATED
1380.0,tag-0004,anchor-08,-104.32,15.68,True,1.0010578086880406,GRAZING,,,SIMULATED
1380.0,tag-0005,anchor-01,,,False,1.034784406576948,WALKING,,,SIMULATED
1380.0,tag-0005,anchor-02,-98.04,21.96,True,1.034784406576948,WALKING,,,SIMULATED
1380.0,tag-0005,anchor-03,-118.17,1.83,True,1.034784406576948,WALKING,,,SIMULATED
1380.0,tag-0005,anchor-04,-106.14,13.86,True,1.034784406576948,WALKING,,,SIMULATED
1380.0,tag-0005,anchor-05,-86.68,33.32,True,1.034784406576948,WALKING,,,SIMULATED
1380.0,tag-0005,anchor-06,-119.42,0.58,True,1.034784406576948,WALKING,,,SIMULATED
1380.0,tag-0005,anchor-07,-112.02,7.98,True,1.034784406576948,WALKING,,,SIMULATED
1380.0,tag-0005,anchor-08,,,False,1.034784406576948,WALKING,,,SIMULATED
1380.0,tag-0006,anchor-01,-92.59,27.41,True,1.0,WALKING,,,SIMULATED
1380.0,tag-0006,anchor-02,-85.49,34.51,True,1.0,WALKING,,,SIMULATED
1380.0,tag-0006,anchor-03,-109.31,10.69,True,1.0,WALKING,,,SIMULATED
1380.0,tag-0006,anchor-04,,,False,1.0,WALKING,,,SIMULATED
1380.0,tag-0006,anchor-05,-88.83,31.17,True,1.0,WALKING,,,SIMULATED
1380.0,tag-0006,anchor-06,-93.58,26.42,True,1.0,WALKING,,,SIMULATED
1380.0,tag-0006,anchor-07,,,False,1.0,WALKING,,,SIMULATED
1380.0,tag-0006,anchor-08,-101.89,18.11,True,1.0,WALKING,,,SIMULATED
1380.0,tag-0007,anchor-01,-102.9,17.1,True,1.000611224103456,GRAZING,,,SIMULATED
1380.0,tag-0007,anchor-02,-92.3,27.7,True,1.000611224103456,GRAZING,,,SIMULATED
1380.0,tag-0007,anchor-03,,,False,1.000611224103456,GRAZING,,,SIMULATED
1380.0,tag-0007,anchor-04,-107.75,12.25,True,1.000611224103456,GRAZING,,,SIMULATED
1380.0,tag-0007,anchor-05,-84.71,35.29,True,1.000611224103456,GRAZING,,,SIMULATED
1380.0,tag-0007,anchor-06,-95.81,24.19,True,1.000611224103456,GRAZING,,,SIMULATED
1380.0,tag-0007,anchor-07,-102.85,17.15,True,1.000611224103456,GRAZING,,,SIMULATED
1380.0,tag-0007,anchor-08,-93.59,26.41,True,1.000611224103456,GRAZING,,,SIMULATED
1380.0,tag-0008,anchor-01,-97.89,22.11,True,1.0071627926104085,GRAZING,,,SIMULATED
1380.0,tag-0008,anchor-02,-97.17,22.83,True,1.0071627926104085,GRAZING,,,SIMULATED
1380.0,tag-0008,anchor-03,,,False,1.0071627926104085,GRAZING,,,SIMULATED
1380.0,tag-0008,anchor-04,-103.12,16.88,True,1.0071627926104085,GRAZING,,,SIMULATED
1380.0,tag-0008,anchor-05,-88.89,31.11,True,1.0071627926104085,GRAZING,,,SIMULATED
1380.0,tag-0008,anchor-06,-116.79,3.21,True,1.0071627926104085,GRAZING,,,SIMULATED
1380.0,tag-0008,anchor-07,-95.92,24.08,True,1.0071627926104085,GRAZING,,,SIMULATED
1380.0,tag-0008,anchor-08,-93.77,26.23,True,1.0071627926104085,GRAZING,,,SIMULATED
1380.0,tag-0009,anchor-01,-92.65,27.35,True,1.0133301093897473,GRAZING,,,SIMULATED
1380.0,tag-0009,anchor-02,-97.9,22.1,True,1.0133301093897473,GRAZING,,,SIMULATED
1380.0,tag-0009,anchor-03,,,False,1.0133301093897473,GRAZING,,,SIMULATED
1380.0,tag-0009,anchor-04,-102.34,17.66,True,1.0133301093897473,GRAZING,,,SIMULATED
1380.0,tag-0009,anchor-05,-89.37,30.63,True,1.0133301093897473,GRAZING,,,SIMULATED
1380.0,tag-0009,anchor-06,-120.86,-0.86,True,1.0133301093897473,GRAZING,,,SIMULATED
1380.0,tag-0009,anchor-07,-117.6,2.4,True,1.0133301093897473,GRAZING,,,SIMULATED
1380.0,tag-0009,anchor-08,-99.34,20.66,True,1.0133301093897473,GRAZING,,,SIMULATED
1380.0,tag-0010,anchor-01,,,False,1.0,GRAZING,,,SIMULATED
1380.0,tag-0010,anchor-02,-102.14,17.86,True,1.0,GRAZING,,,SIMULATED
1380.0,tag-0010,anchor-03,,,False,1.0,GRAZING,,,SIMULATED
1380.0,tag-0010,anchor-04,-105.27,14.73,True,1.0,GRAZING,,,SIMULATED
1380.0,tag-0010,anchor-05,-83.89,36.11,True,1.0,GRAZING,,,SIMULATED
1380.0,tag-0010,anchor-06,-106.91,13.09,True,1.0,GRAZING,,,SIMULATED
1380.0,tag-0010,anchor-07,-96.03,23.97,True,1.0,GRAZING,,,SIMULATED
1380.0,tag-0010,anchor-08,-97.02,22.98,True,1.0,GRAZING,,,SIMULATED
1380.0,tag-0011,anchor-01,-100.09,19.91,True,1.011671865140541,GRAZING,,,SIMULATED
1380.0,tag-0011,anchor-02,-95.91,24.09,True,1.011671865140541,GRAZING,,,SIMULATED
1380.0,tag-0011,anchor-03,,,False,1.011671865140541,GRAZING,,,SIMULATED
1380.0,tag-0011,anchor-04,-100.88,19.12,True,1.011671865140541,GRAZING,,,SIMULATED
1380.0,tag-0011,anchor-05,-88.99,31.01,True,1.011671865140541,GRAZING,,,SIMULATED
1380.0,tag-0011,anchor-06,-114.57,5.43,True,1.011671865140541,GRAZING,,,SIMULATED
1380.0,tag-0011,anchor-07,-99.66,20.34,True,1.011671865140541,GRAZING,,,SIMULATED
1380.0,tag-0011,anchor-08,-91.51,28.49,True,1.011671865140541,GRAZING,,,SIMULATED
1380.0,tag-0012,anchor-01,-94.65,25.35,True,1.0043499385171037,GRAZING,,,SIMULATED
1380.0,tag-0012,anchor-02,-90.26,29.74,True,1.0043499385171037,GRAZING,,,SIMULATED
1380.0,tag-0012,anchor-03,-102.61,17.39,True,1.0043499385171037,GRAZING,,,SIMULATED
1380.0,tag-0012,anchor-04,-107.87,12.13,True,1.0043499385171037,GRAZING,,,SIMULATED
1380.0,tag-0012,anchor-05,,,False,1.0043499385171037,GRAZING,,,SIMULATED
1380.0,tag-0012,anchor-06,,,False,1.0043499385171037,GRAZING,,,SIMULATED
1380.0,tag-0012,anchor-07,-118.42,1.58,True,1.0043499385171037,GRAZING,,,SIMULATED
1380.0,tag-0012,anchor-08,-100.04,19.96,True,1.0043499385171037,GRAZING,,,SIMULATED
1380.0,tag-0013,anchor-01,-98.61,21.39,True,1.0211770241887674,GRAZING,,,SIMULATED
1380.0,tag-0013,anchor-02,,,False,1.0211770241887674,GRAZING,,,SIMULATED
1380.0,tag-0013,anchor-03,,,False,1.0211770241887674,GRAZING,,,SIMULATED
1380.0,tag-0013,anchor-04,-101.14,18.86,True,1.0211770241887674,GRAZING,,,SIMULATED
1380.0,tag-0013,anchor-05,-80.99,39.01,True,1.0211770241887674,GRAZING,,,SIMULATED
1380.0,tag-0013,anchor-06,-126.55,-6.55,True,1.0211770241887674,GRAZING,,,SIMULATED
1380.0,tag-0013,anchor-07,-105.91,14.09,True,1.0211770241887674,GRAZING,,,SIMULATED
1380.0,tag-0013,anchor-08,-94.42,25.58,True,1.0211770241887674,GRAZING,,,SIMULATED
1380.0,tag-0014,anchor-01,-92.23,27.77,True,1.0178626869934293,GRAZING,,,SIMULATED
1380.0,tag-0014,anchor-02,-95.28,24.72,True,1.0178626869934293,GRAZING,,,SIMULATED
1380.0,tag-0014,anchor-03,-101.73,18.27,True,1.0178626869934293,GRAZING,,,SIMULATED
1380.0,tag-0014,anchor-04,-125.57,-5.57,True,1.0178626869934293,GRAZING,,,SIMULATED
1380.0,tag-0014,anchor-05,-90.14,29.86,True,1.0178626869934293,GRAZING,,,SIMULATED
1380.0,tag-0014,anchor-06,-102.3,17.7,True,1.0178626869934293,GRAZING,,,SIMULATED
1380.0,tag-0014,anchor-07,,,False,1.0178626869934293,GRAZING,,,SIMULATED
1380.0,tag-0014,anchor-08,,,False,1.0178626869934293,GRAZING,,,SIMULATED
1380.0,tag-0015,anchor-01,-105.72,14.28,True,1.0084383305309295,WALKING,,,SIMULATED
1380.0,tag-0015,anchor-02,-100.11,19.89,True,1.0084383305309295,WALKING,,,SIMULATED
1380.0,tag-0015,anchor-03,,,False,1.0084383305309295,WALKING,,,SIMULATED
1380.0,tag-0015,anchor-04,-105.28,14.72,True,1.0084383305309295,WALKING,,,SIMULATED
1380.0,tag-0015,anchor-05,-82.37,37.63,True,1.0084383305309295,WALKING,,,SIMULATED
1380.0,tag-0015,anchor-06,-120.03,-0.03,True,1.0084383305309295,WALKING,,,SIMULATED
1380.0,tag-0015,anchor-07,-122.15,-2.15,True,1.0084383305309295,WALKING,,,SIMULATED
1380.0,tag-0015,anchor-08,-95.3,24.7,True,1.0084383305309295,WALKING,,,SIMULATED
1380.0,tag-0016,anchor-01,-100.92,19.08,True,1.032634200488427,GRAZING,,,SIMULATED
1380.0,tag-0016,anchor-02,-94.97,25.03,True,1.032634200488427,GRAZING,,,SIMULATED
1380.0,tag-0016,anchor-03,-117.3,2.7,True,1.032634200488427,GRAZING,,,SIMULATED
1380.0,tag-0016,anchor-04,-107.04,12.96,True,1.032634200488427,GRAZING,,,SIMULATED
1380.0,tag-0016,anchor-05,-81.5,38.5,True,1.032634200488427,GRAZING,,,SIMULATED
1380.0,tag-0016,anchor-06,-100.08,19.92,True,1.032634200488427,GRAZING,,,SIMULATED
1380.0,tag-0016,anchor-07,-124.19,-4.19,True,1.032634200488427,GRAZING,,,SIMULATED
1380.0,tag-0016,anchor-08,,,False,1.032634200488427,GRAZING,,,SIMULATED
1380.0,tag-0017,anchor-01,-92.51,27.49,True,1.002517395977659,GRAZING,,,SIMULATED
1380.0,tag-0017,anchor-02,-88.48,31.52,True,1.002517395977659,GRAZING,,,SIMULATED
1380.0,tag-0017,anchor-03,,,False,1.002517395977659,GRAZING,,,SIMULATED
1380.0,tag-0017,anchor-04,-106.04,13.96,True,1.002517395977659,GRAZING,,,SIMULATED
1380.0,tag-0017,anchor-05,-84.28,35.72,True,1.002517395977659,GRAZING,,,SIMULATED
1380.0,tag-0017,anchor-06,-102.87,17.13,True,1.002517395977659,GRAZING,,,SIMULATED
1380.0,tag-0017,anchor-07,,,False,1.002517395977659,GRAZING,,,SIMULATED
1380.0,tag-0017,anchor-08,-92.31,27.69,True,1.002517395977659,GRAZING,,,SIMULATED
1380.0,tag-0018,anchor-01,-86.7,33.3,True,1.0,GRAZING,,,SIMULATED
1380.0,tag-0018,anchor-02,-98.0,22.0,True,1.0,GRAZING,,,SIMULATED
1380.0,tag-0018,anchor-03,,,False,1.0,GRAZING,,,SIMULATED
1380.0,tag-0018,anchor-04,-106.58,13.42,True,1.0,GRAZING,,,SIMULATED
1380.0,tag-0018,anchor-05,-83.64,36.36,True,1.0,GRAZING,,,SIMULATED
1380.0,tag-0018,anchor-06,-97.5,22.5,True,1.0,GRAZING,,,SIMULATED
1380.0,tag-0018,anchor-07,-121.17,-1.17,True,1.0,GRAZING,,,SIMULATED
1380.0,tag-0018,anchor-08,-97.01,22.99,True,1.0,GRAZING,,,SIMULATED
1380.0,tag-0019,anchor-01,-94.92,25.08,True,1.0,GRAZING,,,SIMULATED
1380.0,tag-0019,anchor-02,-97.62,22.38,True,1.0,GRAZING,,,SIMULATED
1380.0,tag-0019,anchor-03,-123.11,-3.11,True,1.0,GRAZING,,,SIMULATED
1380.0,tag-0019,anchor-04,-100.85,19.15,True,1.0,GRAZING,,,SIMULATED
1380.0,tag-0019,anchor-05,-95.61,24.39,True,1.0,GRAZING,,,SIMULATED
1380.0,tag-0019,anchor-06,-99.54,20.46,True,1.0,GRAZING,,,SIMULATED
1380.0,tag-0019,anchor-07,-112.16,7.84,True,1.0,GRAZING,,,SIMULATED
1380.0,tag-0019,anchor-08,-92.3,27.7,True,1.0,GRAZING,,,SIMULATED
1380.0,tag-0020,anchor-01,-105.12,14.88,True,1.0,GRAZING,,,SIMULATED
1380.0,tag-0020,anchor-02,-96.67,23.33,True,1.0,GRAZING,,,SIMULATED
1380.0,tag-0020,anchor-03,,,False,1.0,GRAZING,,,SIMULATED
1380.0,tag-0020,anchor-04,-103.45,16.55,True,1.0,GRAZING,,,SIMULATED
1380.0,tag-0020,anchor-05,,,False,1.0,GRAZING,,,SIMULATED
1380.0,tag-0020,anchor-06,-105.02,14.98,True,1.0,GRAZING,,,SIMULATED
1380.0,tag-0020,anchor-07,-94.39,25.61,True,1.0,GRAZING,,,SIMULATED
1380.0,tag-0020,anchor-08,-100.56,19.44,True,1.0,GRAZING,,,SIMULATED
1410.0,tag-0001,anchor-01,-84.59,35.41,True,1.0,GRAZING,,,SIMULATED
1410.0,tag-0001,anchor-02,-97.09,22.91,True,1.0,GRAZING,,,SIMULATED
1410.0,tag-0001,anchor-03,,,False,1.0,GRAZING,,,SIMULATED
1410.0,tag-0001,anchor-04,-115.89,4.11,True,1.0,GRAZING,,,SIMULATED
1410.0,tag-0001,anchor-05,-82.89,37.11,True,1.0,GRAZING,,,SIMULATED
1410.0,tag-0001,anchor-06,-97.37,22.63,True,1.0,GRAZING,,,SIMULATED
1410.0,tag-0001,anchor-07,-118.79,1.21,True,1.0,GRAZING,,,SIMULATED
1410.0,tag-0001,anchor-08,-102.6,17.4,True,1.0,GRAZING,,,SIMULATED
1410.0,tag-0002,anchor-01,-95.96,24.04,True,1.0,WALKING,,,SIMULATED
1410.0,tag-0002,anchor-02,-120.86,-0.86,True,1.0,WALKING,,,SIMULATED
1410.0,tag-0002,anchor-03,,,False,1.0,WALKING,,,SIMULATED
1410.0,tag-0002,anchor-04,-95.6,24.4,True,1.0,WALKING,,,SIMULATED
1410.0,tag-0002,anchor-05,,,False,1.0,WALKING,,,SIMULATED
1410.0,tag-0002,anchor-06,-121.18,-1.18,True,1.0,WALKING,,,SIMULATED
1410.0,tag-0002,anchor-07,-98.91,21.09,True,1.0,WALKING,,,SIMULATED
1410.0,tag-0002,anchor-08,-100.81,19.19,True,1.0,WALKING,,,SIMULATED
1410.0,tag-0003,anchor-01,-95.68,24.32,True,1.0038232437219365,GRAZING,,,SIMULATED
1410.0,tag-0003,anchor-02,-93.97,26.03,True,1.0038232437219365,GRAZING,,,SIMULATED
1410.0,tag-0003,anchor-03,-126.56,-6.56,True,1.0038232437219365,GRAZING,,,SIMULATED
1410.0,tag-0003,anchor-04,-105.48,14.52,True,1.0038232437219365,GRAZING,,,SIMULATED
1410.0,tag-0003,anchor-05,-83.02,36.98,True,1.0038232437219365,GRAZING,,,SIMULATED
1410.0,tag-0003,anchor-06,-103.59,16.41,True,1.0038232437219365,GRAZING,,,SIMULATED
1410.0,tag-0003,anchor-07,,,False,1.0038232437219365,GRAZING,,,SIMULATED
1410.0,tag-0003,anchor-08,-98.0,22.0,True,1.0038232437219365,GRAZING,,,SIMULATED
1410.0,tag-0004,anchor-01,-91.98,28.02,True,1.0,GRAZING,,,SIMULATED
1410.0,tag-0004,anchor-02,-85.13,34.87,True,1.0,GRAZING,,,SIMULATED
1410.0,tag-0004,anchor-03,-119.68,0.32,True,1.0,GRAZING,,,SIMULATED
1410.0,tag-0004,anchor-04,-99.26,20.74,True,1.0,GRAZING,,,SIMULATED
1410.0,tag-0004,anchor-05,-78.03,41.97,True,1.0,GRAZING,,,SIMULATED
1410.0,tag-0004,anchor-06,-99.09,20.91,True,1.0,GRAZING,,,SIMULATED
1410.0,tag-0004,anchor-07,,,False,1.0,GRAZING,,,SIMULATED
1410.0,tag-0004,anchor-08,-100.15,19.85,True,1.0,GRAZING,,,SIMULATED
1410.0,tag-0005,anchor-01,-99.6,20.4,True,1.011753396421351,WALKING,,,SIMULATED
1410.0,tag-0005,anchor-02,,,False,1.011753396421351,WALKING,,,SIMULATED
1410.0,tag-0005,anchor-03,-119.8,0.2,True,1.011753396421351,WALKING,,,SIMULATED
1410.0,tag-0005,anchor-04,-107.81,12.19,True,1.011753396421351,WALKING,,,SIMULATED
1410.0,tag-0005,anchor-05,-88.42,31.58,True,1.011753396421351,WALKING,,,SIMULATED
1410.0,tag-0005,anchor-06,-113.76,6.24,True,1.011753396421351,WALKING,,,SIMULATED
1410.0,tag-0005,anchor-07,-122.57,-2.57,True,1.011753396421351,WALKING,,,SIMULATED
1410.0,tag-0005,anchor-08,-94.89,25.11,True,1.011753396421351,WALKING,,,SIMULATED
1410.0,tag-0006,anchor-01,-91.28,28.72,True,1.0082479696616278,WALKING,,,SIMULATED
1410.0,tag-0006,anchor-02,-83.75,36.25,True,1.0082479696616278,WALKING,,,SIMULATED
1410.0,tag-0006,anchor-03,-105.32,14.68,True,1.0082479696616278,WALKING,,,SIMULATED
1410.0,tag-0006,anchor-04,-126.81,-6.81,True,1.0082479696616278,WALKING,,,SIMULATED
1410.0,tag-0006,anchor-05,-88.4,31.6,True,1.0082479696616278,WALKING,,,SIMULATED
1410.0,tag-0006,anchor-06,,,False,1.0082479696616278,WALKING,,,SIMULATED
1410.0,tag-0006,anchor-07,-121.79,-1.79,True,1.0082479696616278,WALKING,,,SIMULATED
1410.0,tag-0006,anchor-08,-102.93,17.07,True,1.0082479696616278,WALKING,,,SIMULATED
1410.0,tag-0007,anchor-01,-103.13,16.87,True,1.0,GRAZING,,,SIMULATED
1410.0,tag-0007,anchor-02,-98.02,21.98,True,1.0,GRAZING,,,SIMULATED
1410.0,tag-0007,anchor-03,,,False,1.0,GRAZING,,,SIMULATED
1410.0,tag-0007,anchor-04,-105.93,14.07,True,1.0,GRAZING,,,SIMULATED
1410.0,tag-0007,anchor-05,-88.53,31.47,True,1.0,GRAZING,,,SIMULATED
1410.0,tag-0007,anchor-06,-101.39,18.61,True,1.0,GRAZING,,,SIMULATED
1410.0,tag-0007,anchor-07,-96.67,23.33,True,1.0,GRAZING,,,SIMULATED
1410.0,tag-0007,anchor-08,-98.65,21.35,True,1.0,GRAZING,,,SIMULATED
1410.0,tag-0008,anchor-01,-104.61,15.39,True,1.0096580483477242,GRAZING,,,SIMULATED
1410.0,tag-0008,anchor-02,-96.19,23.81,True,1.0096580483477242,GRAZING,,,SIMULATED
1410.0,tag-0008,anchor-03,,,False,1.0096580483477242,GRAZING,,,SIMULATED
1410.0,tag-0008,anchor-04,-104.75,15.25,True,1.0096580483477242,GRAZING,,,SIMULATED
1410.0,tag-0008,anchor-05,-87.73,32.27,True,1.0096580483477242,GRAZING,,,SIMULATED
1410.0,tag-0008,anchor-06,-119.58,0.42,True,1.0096580483477242,GRAZING,,,SIMULATED
1410.0,tag-0008,anchor-07,-97.93,22.07,True,1.0096580483477242,GRAZING,,,SIMULATED
1410.0,tag-0008,anchor-08,-92.36,27.64,True,1.0096580483477242,GRAZING,,,SIMULATED
1410.0,tag-0009,anchor-01,-92.78,27.22,True,1.0118494664434747,GRAZING,,,SIMULATED
1410.0,tag-0009,anchor-02,-101.66,18.34,True,1.0118494664434747,GRAZING,,,SIMULATED
1410.0,tag-0009,anchor-03,,,False,1.0118494664434747,GRAZING,,,SIMULATED
1410.0,tag-0009,anchor-04,-104.9,15.1,True,1.0118494664434747,GRAZING,,,SIMULATED
1410.0,tag-0009,anchor-05,-86.84,33.16,True,1.0118494664434747,GRAZING,,,SIMULATED
1410.0,tag-0009,anchor-06,-125.83,-5.83,True,1.0118494664434747,GRAZING,,,SIMULATED
1410.0,tag-0009,anchor-07,-116.72,3.28,True,1.0118494664434747,GRAZING,,,SIMULATED
1410.0,tag-0009,anchor-08,,,False,1.0118494664434747,GRAZING,,,SIMULATED
1410.0,tag-0010,anchor-01,-95.97,24.03,True,1.0047956045055575,GRAZING,,,SIMULATED
1410.0,tag-0010,anchor-02,-101.69,18.31,True,1.0047956045055575,GRAZING,,,SIMULATED
1410.0,tag-0010,anchor-03,,,False,1.0047956045055575,GRAZING,,,SIMULATED
1410.0,tag-0010,anchor-04,-110.7,9.3,True,1.0047956045055575,GRAZING,,,SIMULATED
1410.0,tag-0010,anchor-05,-78.96,41.04,True,1.0047956045055575,GRAZING,,,SIMULATED
1410.0,tag-0010,anchor-06,-106.44,13.56,True,1.0047956045055575,GRAZING,,,SIMULATED
1410.0,tag-0010,anchor-07,-94.68,25.32,True,1.0047956045055575,GRAZING,,,SIMULATED
1410.0,tag-0010,anchor-08,-87.55,32.45,True,1.0047956045055575,GRAZING,,,SIMULATED
1410.0,tag-0011,anchor-01,-103.52,16.48,True,1.0083803490268053,GRAZING,,,SIMULATED
1410.0,tag-0011,anchor-02,-95.51,24.49,True,1.0083803490268053,GRAZING,,,SIMULATED
1410.0,tag-0011,anchor-03,,,False,1.0083803490268053,GRAZING,,,SIMULATED
1410.0,tag-0011,anchor-04,-101.06,18.94,True,1.0083803490268053,GRAZING,,,SIMULATED
1410.0,tag-0011,anchor-05,-87.54,32.46,True,1.0083803490268053,GRAZING,,,SIMULATED
1410.0,tag-0011,anchor-06,-117.62,2.38,True,1.0083803490268053,GRAZING,,,SIMULATED
1410.0,tag-0011,anchor-07,-97.05,22.95,True,1.0083803490268053,GRAZING,,,SIMULATED
1410.0,tag-0011,anchor-08,-98.25,21.75,True,1.0083803490268053,GRAZING,,,SIMULATED
1410.0,tag-0012,anchor-01,-98.26,21.74,True,1.0426728451435712,WALKING,,,SIMULATED
1410.0,tag-0012,anchor-02,-87.56,32.44,True,1.0426728451435712,WALKING,,,SIMULATED
1410.0,tag-0012,anchor-03,-105.3,14.7,True,1.0426728451435712,WALKING,,,SIMULATED
1410.0,tag-0012,anchor-04,-108.76,11.24,True,1.0426728451435712,WALKING,,,SIMULATED
1410.0,tag-0012,anchor-05,-78.78,41.22,True,1.0426728451435712,WALKING,,,SIMULATED
1410.0,tag-0012,anchor-06,-99.67,20.33,True,1.0426728451435712,WALKING,,,SIMULATED
1410.0,tag-0012,anchor-07,-119.65,0.35,True,1.0426728451435712,WALKING,,,SIMULATED
1410.0,tag-0012,anchor-08,-100.14,19.86,True,1.0426728451435712,WALKING,,,SIMULATED
1410.0,tag-0013,anchor-01,-96.59,23.41,True,1.0,GRAZING,,,SIMULATED
1410.0,tag-0013,anchor-02,-90.52,29.48,True,1.0,GRAZING,,,SIMULATED
1410.0,tag-0013,anchor-03,,,False,1.0,GRAZING,,,SIMULATED
1410.0,tag-0013,anchor-04,-100.92,19.08,True,1.0,GRAZING,,,SIMULATED
1410.0,tag-0013,anchor-05,-77.3,42.7,True,1.0,GRAZING,,,SIMULATED
1410.0,tag-0013,anchor-06,,,False,1.0,GRAZING,,,SIMULATED
1410.0,tag-0013,anchor-07,-101.2,18.8,True,1.0,GRAZING,,,SIMULATED
1410.0,tag-0013,anchor-08,-87.27,32.73,True,1.0,GRAZING,,,SIMULATED
1410.0,tag-0014,anchor-01,-97.19,22.81,True,1.0026296002623285,GRAZING,,,SIMULATED
1410.0,tag-0014,anchor-02,-96.9,23.1,True,1.0026296002623285,GRAZING,,,SIMULATED
1410.0,tag-0014,anchor-03,-101.21,18.79,True,1.0026296002623285,GRAZING,,,SIMULATED
1410.0,tag-0014,anchor-04,-126.45,-6.45,True,1.0026296002623285,GRAZING,,,SIMULATED
1410.0,tag-0014,anchor-05,-88.37,31.63,True,1.0026296002623285,GRAZING,,,SIMULATED
1410.0,tag-0014,anchor-06,-98.07,21.93,True,1.0026296002623285,GRAZING,,,SIMULATED
1410.0,tag-0014,anchor-07,-100.21,19.79,True,1.0026296002623285,GRAZING,,,SIMULATED
1410.0,tag-0014,anchor-08,-124.62,-4.62,True,1.0026296002623285,GRAZING,,,SIMULATED
1410.0,tag-0015,anchor-01,-105.66,14.34,True,1.0,WALKING,,,SIMULATED
1410.0,tag-0015,anchor-02,-104.93,15.07,True,1.0,WALKING,,,SIMULATED
1410.0,tag-0015,anchor-03,-126.83,-6.83,True,1.0,WALKING,,,SIMULATED
1410.0,tag-0015,anchor-04,-100.35,19.65,True,1.0,WALKING,,,SIMULATED
1410.0,tag-0015,anchor-05,-92.07,27.93,True,1.0,WALKING,,,SIMULATED
1410.0,tag-0015,anchor-06,,,False,1.0,WALKING,,,SIMULATED
1410.0,tag-0015,anchor-07,-117.9,2.1,True,1.0,WALKING,,,SIMULATED
1410.0,tag-0015,anchor-08,-95.32,24.68,True,1.0,WALKING,,,SIMULATED
1410.0,tag-0016,anchor-01,-99.61,20.39,True,1.015625598295889,GRAZING,,,SIMULATED
1410.0,tag-0016,anchor-02,,,False,1.015625598295889,GRAZING,,,SIMULATED
1410.0,tag-0016,anchor-03,-123.17,-3.17,True,1.015625598295889,GRAZING,,,SIMULATED
1410.0,tag-0016,anchor-04,-112.16,7.84,True,1.015625598295889,GRAZING,,,SIMULATED
1410.0,tag-0016,anchor-05,-84.07,35.93,True,1.015625598295889,GRAZING,,,SIMULATED
1410.0,tag-0016,anchor-06,-100.76,19.24,True,1.015625598295889,GRAZING,,,SIMULATED
1410.0,tag-0016,anchor-07,-123.3,-3.3,True,1.015625598295889,GRAZING,,,SIMULATED
1410.0,tag-0016,anchor-08,-93.49,26.51,True,1.015625598295889,GRAZING,,,SIMULATED
1410.0,tag-0017,anchor-01,-97.31,22.69,True,1.0,GRAZING,,,SIMULATED
1410.0,tag-0017,anchor-02,-93.25,26.75,True,1.0,GRAZING,,,SIMULATED
1410.0,tag-0017,anchor-03,,,False,1.0,GRAZING,,,SIMULATED
1410.0,tag-0017,anchor-04,-105.91,14.09,True,1.0,GRAZING,,,SIMULATED
1410.0,tag-0017,anchor-05,-84.48,35.52,True,1.0,GRAZING,,,SIMULATED
1410.0,tag-0017,anchor-06,-100.83,19.17,True,1.0,GRAZING,,,SIMULATED
1410.0,tag-0017,anchor-07,-89.58,30.42,True,1.0,GRAZING,,,SIMULATED
1410.0,tag-0017,anchor-08,-99.2,20.8,True,1.0,GRAZING,,,SIMULATED
1410.0,tag-0018,anchor-01,-92.18,27.82,True,1.0075645203945742,GRAZING,,,SIMULATED
1410.0,tag-0018,anchor-02,-98.06,21.94,True,1.0075645203945742,GRAZING,,,SIMULATED
1410.0,tag-0018,anchor-03,,,False,1.0075645203945742,GRAZING,,,SIMULATED
1410.0,tag-0018,anchor-04,-102.74,17.26,True,1.0075645203945742,GRAZING,,,SIMULATED
1410.0,tag-0018,anchor-05,-88.9,31.1,True,1.0075645203945742,GRAZING,,,SIMULATED
1410.0,tag-0018,anchor-06,-98.62,21.38,True,1.0075645203945742,GRAZING,,,SIMULATED
1410.0,tag-0018,anchor-07,-122.26,-2.26,True,1.0075645203945742,GRAZING,,,SIMULATED
1410.0,tag-0018,anchor-08,-100.96,19.04,True,1.0075645203945742,GRAZING,,,SIMULATED
1410.0,tag-0019,anchor-01,-93.06,26.94,True,1.0031340393379293,GRAZING,,,SIMULATED
1410.0,tag-0019,anchor-02,-93.02,26.98,True,1.0031340393379293,GRAZING,,,SIMULATED
1410.0,tag-0019,anchor-03,-121.15,-1.15,True,1.0031340393379293,GRAZING,,,SIMULATED
1410.0,tag-0019,anchor-04,-100.66,19.34,True,1.0031340393379293,GRAZING,,,SIMULATED
1410.0,tag-0019,anchor-05,-87.21,32.79,True,1.0031340393379293,GRAZING,,,SIMULATED
1410.0,tag-0019,anchor-06,-105.34,14.66,True,1.0031340393379293,GRAZING,,,SIMULATED
1410.0,tag-0019,anchor-07,-112.53,7.47,True,1.0031340393379293,GRAZING,,,SIMULATED
1410.0,tag-0019,anchor-08,-97.95,22.05,True,1.0031340393379293,GRAZING,,,SIMULATED
1410.0,tag-0020,anchor-01,-102.27,17.73,True,1.0028160042258274,GRAZING,,,SIMULATED
1410.0,tag-0020,anchor-02,-96.4,23.6,True,1.0028160042258274,GRAZING,,,SIMULATED
1410.0,tag-0020,anchor-03,-126.85,-6.85,True,1.0028160042258274,GRAZING,,,SIMULATED
1410.0,tag-0020,anchor-04,-95.94,24.06,True,1.0028160042258274,GRAZING,,,SIMULATED
1410.0,tag-0020,anchor-05,-85.58,34.42,True,1.0028160042258274,GRAZING,,,SIMULATED
1410.0,tag-0020,anchor-06,-109.61,10.39,True,1.0028160042258274,GRAZING,,,SIMULATED
1410.0,tag-0020,anchor-07,-92.29,27.71,True,1.0028160042258274,GRAZING,,,SIMULATED
1410.0,tag-0020,anchor-08,-101.94,18.06,True,1.0028160042258274,GRAZING,,,SIMULATED
1440.0,tag-0001,anchor-01,-83.26,36.74,True,1.0,GRAZING,,,SIMULATED
1440.0,tag-0001,anchor-02,-95.56,24.44,True,1.0,GRAZING,,,SIMULATED
1440.0,tag-0001,anchor-03,,,False,1.0,GRAZING,,,SIMULATED
1440.0,tag-0001,anchor-04,-114.19,5.81,True,1.0,GRAZING,,,SIMULATED
1440.0,tag-0001,anchor-05,-76.24,43.76,True,1.0,GRAZING,,,SIMULATED
1440.0,tag-0001,anchor-06,-102.55,17.45,True,1.0,GRAZING,,,SIMULATED
1440.0,tag-0001,anchor-07,-117.72,2.28,True,1.0,GRAZING,,,SIMULATED
1440.0,tag-0001,anchor-08,,,False,1.0,GRAZING,,,SIMULATED
1440.0,tag-0002,anchor-01,-105.76,14.24,True,1.0,WALKING,,,SIMULATED
1440.0,tag-0002,anchor-02,-121.65,-1.65,True,1.0,WALKING,,,SIMULATED
1440.0,tag-0002,anchor-03,,,False,1.0,WALKING,,,SIMULATED
1440.0,tag-0002,anchor-04,-103.26,16.74,True,1.0,WALKING,,,SIMULATED
1440.0,tag-0002,anchor-05,-84.96,35.04,True,1.0,WALKING,,,SIMULATED
1440.0,tag-0002,anchor-06,,,False,1.0,WALKING,,,SIMULATED
1440.0,tag-0002,anchor-07,-101.27,18.73,True,1.0,WALKING,,,SIMULATED
1440.0,tag-0002,anchor-08,-98.27,21.73,True,1.0,WALKING,,,SIMULATED
1440.0,tag-0003,anchor-01,-96.07,23.93,True,1.01008372255555,GRAZING,,,SIMULATED
1440.0,tag-0003,anchor-02,-94.96,25.04,True,1.01008372255555,GRAZING,,,SIMULATED
1440.0,tag-0003,anchor-03,,,False,1.01008372255555,GRAZING,,,SIMULATED
1440.0,tag-0003,anchor-04,-110.24,9.76,True,1.01008372255555,GRAZING,,,SIMULATED
1440.0,tag-0003,anchor-05,-88.03,31.97,True,1.01008372255555,GRAZING,,,SIMULATED
1440.0,tag-0003,anchor-06,-102.44,17.56,True,1.01008372255555,GRAZING,,,SIMULATED
1440.0,tag-0003,anchor-07,-123.01,-3.01,True,1.01008372255555,GRAZING,,,SIMULATED
1440.0,tag-0003,anchor-08,-99.35,20.65,True,1.01008372255555,GRAZING,,,SIMULATED
1440.0,tag-0004,anchor-01,-96.58,23.42,True,1.0,GRAZING,,,SIMULATED
1440.0,tag-0004,anchor-02,-84.64,35.36,True,1.0,GRAZING,,,SIMULATED
1440.0,tag-0004,anchor-03,-123.44,-3.44,True,1.0,GRAZING,,,SIMULATED
1440.0,tag-0004,anchor-04,-101.54,18.46,True,1.0,GRAZING,,,SIMULATED
1440.0,tag-0004,anchor-05,-74.16,45.84,True,1.0,GRAZING,,,SIMULATED
1440.0,tag-0004,anchor-06,-101.99,18.01,True,1.0,GRAZING,,,SIMULATED
1440.0,tag-0004,anchor-07,-125.71,-5.71,True,1.0,GRAZING,,,SIMULATED
1440.0,tag-0004,anchor-08,-104.38,15.62,True,1.0,GRAZING,,,SIMULATED
1440.0,tag-0005,anchor-01,-96.31,23.69,True,1.0307594208473563,WALKING,,,SIMULATED
1440.0,tag-0005,anchor-02,-89.86,30.14,True,1.0307594208473563,WALKING,,,SIMULATED
1440.0,tag-0005,anchor-03,,,False,1.0307594208473563,WALKING,,,SIMULATED
1440.0,tag-0005,anchor-04,-107.28,12.72,True,1.0307594208473563,WALKING,,,SIMULATED
1440.0,tag-0005,anchor-05,-81.61,38.39,True,1.0307594208473563,WALKING,,,SIMULATED
1440.0,tag-0005,anchor-06,-122.6,-2.6,True,1.0307594208473563,WALKING,,,SIMULATED
1440.0,tag-0005,anchor-07,-119.64,0.36,True,1.0307594208473563,WALKING,,,SIMULATED
1440.0,tag-0005,anchor-08,-91.88,28.12,True,1.0307594208473563,WALKING,,,SIMULATED
1440.0,tag-0006,anchor-01,-93.41,26.59,True,1.0,WALKING,,,SIMULATED
1440.0,tag-0006,anchor-02,-82.09,37.91,True,1.0,WALKING,,,SIMULATED
1440.0,tag-0006,anchor-03,-103.2,16.8,True,1.0,WALKING,,,SIMULATED
1440.0,tag-0006,anchor-04,-126.42,-6.42,True,1.0,WALKING,,,SIMULATED
1440.0,tag-0006,anchor-05,-85.72,34.28,True,1.0,WALKING,,,SIMULATED
1440.0,tag-0006,anchor-06,,,False,1.0,WALKING,,,SIMULATED
1440.0,tag-0006,anchor-07,-123.24,-3.24,True,1.0,WALKING,,,SIMULATED
1440.0,tag-0006,anchor-08,-101.54,18.46,True,1.0,WALKING,,,SIMULATED
1440.0,tag-0007,anchor-01,-97.9,22.1,True,1.0,GRAZING,,,SIMULATED
1440.0,tag-0007,anchor-02,-95.43,24.57,True,1.0,GRAZING,,,SIMULATED
1440.0,tag-0007,anchor-03,,,False,1.0,GRAZING,,,SIMULATED
1440.0,tag-0007,anchor-04,-104.2,15.8,True,1.0,GRAZING,,,SIMULATED
1440.0,tag-0007,anchor-05,-87.2,32.8,True,1.0,GRAZING,,,SIMULATED
1440.0,tag-0007,anchor-06,-101.84,18.16,True,1.0,GRAZING,,,SIMULATED
1440.0,tag-0007,anchor-07,-89.18,30.82,True,1.0,GRAZING,,,SIMULATED
1440.0,tag-0007,anchor-08,-96.24,23.76,True,1.0,GRAZING,,,SIMULATED
1440.0,tag-0008,anchor-01,-97.35,22.65,True,1.0020334062431582,GRAZING,,,SIMULATED
1440.0,tag-0008,anchor-02,-93.57,26.43,True,1.0020334062431582,GRAZING,,,SIMULATED
1440.0,tag-0008,anchor-03,,,False,1.0020334062431582,GRAZING,,,SIMULATED
1440.0,tag-0008,anchor-04,-104.36,15.64,True,1.0020334062431582,GRAZING,,,SIMULATED
1440.0,tag-0008,anchor-05,-89.52,30.48,True,1.0020334062431582,GRAZING,,,SIMULATED
1440.0,tag-0008,anchor-06,-117.16,2.84,True,1.0020334062431582,GRAZING,,,SIMULATED
1440.0,tag-0008,anchor-07,-92.03,27.97,True,1.0020334062431582,GRAZING,,,SIMULATED
1440.0,tag-0008,anchor-08,-91.84,28.16,True,1.0020334062431582,GRAZING,,,SIMULATED
1440.0,tag-0009,anchor-01,-97.09,22.91,True,1.007428543019415,GRAZING,,,SIMULATED
1440.0,tag-0009,anchor-02,-97.74,22.26,True,1.007428543019415,GRAZING,,,SIMULATED
1440.0,tag-0009,anchor-03,,,False,1.007428543019415,GRAZING,,,SIMULATED
1440.0,tag-0009,anchor-04,-104.62,15.38,True,1.007428543019415,GRAZING,,,SIMULATED
1440.0,tag-0009,anchor-05,-88.56,31.44,True,1.007428543019415,GRAZING,,,SIMULATED
1440.0,tag-0009,anchor-06,,,False,1.007428543019415,GRAZING,,,SIMULATED
1440.0,tag-0009,anchor-07,-114.79,5.21,True,1.007428543019415,GRAZING,,,SIMULATED
1440.0,tag-0009,anchor-08,,,False,1.007428543019415,GRAZING,,,SIMULATED
1440.0,tag-0010,anchor-01,-97.12,22.88,True,1.0112750839056641,GRAZING,,,SIMULATED
1440.0,tag-0010,anchor-02,-98.92,21.08,True,1.0112750839056641,GRAZING,,,SIMULATED
1440.0,tag-0010,anchor-03,,,False,1.0112750839056641,GRAZING,,,SIMULATED
1440.0,tag-0010,anchor-04,-106.61,13.39,True,1.0112750839056641,GRAZING,,,SIMULATED
1440.0,tag-0010,anchor-05,-76.61,43.39,True,1.0112750839056641,GRAZING,,,SIMULATED
1440.0,tag-0010,anchor-06,-103.74,16.26,True,1.0112750839056641,GRAZING,,,SIMULATED
1440.0,tag-0010,anchor-07,-96.34,23.66,True,1.0112750839056641,GRAZING,,,SIMULATED
1440.0,tag-0010,anchor-08,-88.19,31.81,True,1.0112750839056641,GRAZING,,,SIMULATED
1440.0,tag-0011,anchor-01,-101.39,18.61,True,1.0,RESTING,,,SIMULATED
1440.0,tag-0011,anchor-02,-98.79,21.21,True,1.0,RESTING,,,SIMULATED
1440.0,tag-0011,anchor-03,,,False,1.0,RESTING,,,SIMULATED
1440.0,tag-0011,anchor-04,-102.21,17.79,True,1.0,RESTING,,,SIMULATED
1440.0,tag-0011,anchor-05,-85.09,34.91,True,1.0,RESTING,,,SIMULATED
1440.0,tag-0011,anchor-06,-116.1,3.9,True,1.0,RESTING,,,SIMULATED
1440.0,tag-0011,anchor-07,-93.07,26.93,True,1.0,RESTING,,,SIMULATED
1440.0,tag-0011,anchor-08,-99.54,20.46,True,1.0,RESTING,,,SIMULATED
1440.0,tag-0012,anchor-01,-94.47,25.53,True,1.0,WALKING,,,SIMULATED
1440.0,tag-0012,anchor-02,-88.0,32.0,True,1.0,WALKING,,,SIMULATED
1440.0,tag-0012,anchor-03,-107.8,12.2,True,1.0,WALKING,,,SIMULATED
1440.0,tag-0012,anchor-04,-108.83,11.17,True,1.0,WALKING,,,SIMULATED
1440.0,tag-0012,anchor-05,,,False,1.0,WALKING,,,SIMULATED
1440.0,tag-0012,anchor-06,-102.43,17.57,True,1.0,WALKING,,,SIMULATED
1440.0,tag-0012,anchor-07,-121.82,-1.82,True,1.0,WALKING,,,SIMULATED
1440.0,tag-0012,anchor-08,-100.28,19.72,True,1.0,WALKING,,,SIMULATED
1440.0,tag-0013,anchor-01,-95.56,24.44,True,1.0,GRAZING,,,SIMULATED
1440.0,tag-0013,anchor-02,-94.73,25.27,True,1.0,GRAZING,,,SIMULATED
1440.0,tag-0013,anchor-03,,,False,1.0,GRAZING,,,SIMULATED
1440.0,tag-0013,anchor-04,-99.56,20.44,True,1.0,GRAZING,,,SIMULATED
1440.0,tag-0013,anchor-05,-78.77,41.23,True,1.0,GRAZING,,,SIMULATED
1440.0,tag-0013,anchor-06,-122.87,-2.87,True,1.0,GRAZING,,,SIMULATED
1440.0,tag-0013,anchor-07,-97.85,22.15,True,1.0,GRAZING,,,SIMULATED
1440.0,tag-0013,anchor-08,-85.14,34.86,True,1.0,GRAZING,,,SIMULATED
1440.0,tag-0014,anchor-01,-93.97,26.03,True,1.0,GRAZING,,,SIMULATED
1440.0,tag-0014,anchor-02,-93.71,26.29,True,1.0,GRAZING,,,SIMULATED
1440.0,tag-0014,anchor-03,-97.23,22.77,True,1.0,GRAZING,,,SIMULATED
1440.0,tag-0014,anchor-04,,,False,1.0,GRAZING,,,SIMULATED
1440.0,tag-0014,anchor-05,-84.43,35.57,True,1.0,GRAZING,,,SIMULATED
1440.0,tag-0014,anchor-06,-94.46,25.54,True,1.0,GRAZING,,,SIMULATED
1440.0,tag-0014,anchor-07,-97.77,22.23,True,1.0,GRAZING,,,SIMULATED
1440.0,tag-0014,anchor-08,,,False,1.0,GRAZING,,,SIMULATED
1440.0,tag-0015,anchor-01,-108.08,11.92,True,1.0,WALKING,,,SIMULATED
1440.0,tag-0015,anchor-02,-99.99,20.01,True,1.0,WALKING,,,SIMULATED
1440.0,tag-0015,anchor-03,-126.49,-6.49,True,1.0,WALKING,,,SIMULATED
1440.0,tag-0015,anchor-04,-107.49,12.51,True,1.0,WALKING,,,SIMULATED
1440.0,tag-0015,anchor-05,-85.79,34.21,True,1.0,WALKING,,,SIMULATED
1440.0,tag-0015,anchor-06,-114.91,5.09,True,1.0,WALKING,,,SIMULATED
1440.0,tag-0015,anchor-07,-120.08,-0.08,True,1.0,WALKING,,,SIMULATED
1440.0,tag-0015,anchor-08,-100.75,19.25,True,1.0,WALKING,,,SIMULATED
1440.0,tag-0016,anchor-01,-96.16,23.84,True,1.014200549125388,GRAZING,,,SIMULATED
1440.0,tag-0016,anchor-02,-92.0,28.0,True,1.014200549125388,GRAZING,,,SIMULATED
1440.0,tag-0016,anchor-03,-121.64,-1.64,True,1.014200549125388,GRAZING,,,SIMULATED
1440.0,tag-0016,anchor-04,-114.85,5.15,True,1.014200549125388,GRAZING,,,SIMULATED
1440.0,tag-0016,anchor-05,-83.99,36.01,True,1.014200549125388,GRAZING,,,SIMULATED
1440.0,tag-0016,anchor-06,,,False,1.014200549125388,GRAZING,,,SIMULATED
1440.0,tag-0016,anchor-07,-122.14,-2.14,True,1.014200549125388,GRAZING,,,SIMULATED
1440.0,tag-0016,anchor-08,-95.23,24.77,True,1.014200549125388,GRAZING,,,SIMULATED
1440.0,tag-0017,anchor-01,-99.42,20.58,True,1.0037623678318535,GRAZING,,,SIMULATED
1440.0,tag-0017,anchor-02,-87.79,32.21,True,1.0037623678318535,GRAZING,,,SIMULATED
1440.0,tag-0017,anchor-03,,,False,1.0037623678318535,GRAZING,,,SIMULATED
1440.0,tag-0017,anchor-04,-103.81,16.19,True,1.0037623678318535,GRAZING,,,SIMULATED
1440.0,tag-0017,anchor-05,,,False,1.0037623678318535,GRAZING,,,SIMULATED
1440.0,tag-0017,anchor-06,-106.35,13.65,True,1.0037623678318535,GRAZING,,,SIMULATED
1440.0,tag-0017,anchor-07,-90.55,29.45,True,1.0037623678318535,GRAZING,,,SIMULATED
1440.0,tag-0017,anchor-08,-94.66,25.34,True,1.0037623678318535,GRAZING,,,SIMULATED
1440.0,tag-0018,anchor-01,-90.0,30.0,True,1.002316743981197,GRAZING,,,SIMULATED
1440.0,tag-0018,anchor-02,-95.88,24.12,True,1.002316743981197,GRAZING,,,SIMULATED
1440.0,tag-0018,anchor-03,,,False,1.002316743981197,GRAZING,,,SIMULATED
1440.0,tag-0018,anchor-04,-102.92,17.08,True,1.002316743981197,GRAZING,,,SIMULATED
1440.0,tag-0018,anchor-05,-89.94,30.06,True,1.002316743981197,GRAZING,,,SIMULATED
1440.0,tag-0018,anchor-06,,,False,1.002316743981197,GRAZING,,,SIMULATED
1440.0,tag-0018,anchor-07,,,False,1.002316743981197,GRAZING,,,SIMULATED
1440.0,tag-0018,anchor-08,-99.9,20.1,True,1.002316743981197,GRAZING,,,SIMULATED
1440.0,tag-0019,anchor-01,-99.21,20.79,True,1.0,GRAZING,,,SIMULATED
1440.0,tag-0019,anchor-02,-100.02,19.98,True,1.0,GRAZING,,,SIMULATED
1440.0,tag-0019,anchor-03,,,False,1.0,GRAZING,,,SIMULATED
1440.0,tag-0019,anchor-04,-98.94,21.06,True,1.0,GRAZING,,,SIMULATED
1440.0,tag-0019,anchor-05,-88.47,31.53,True,1.0,GRAZING,,,SIMULATED
1440.0,tag-0019,anchor-06,-101.4,18.6,True,1.0,GRAZING,,,SIMULATED
1440.0,tag-0019,anchor-07,-112.54,7.46,True,1.0,GRAZING,,,SIMULATED
1440.0,tag-0019,anchor-08,-96.33,23.67,True,1.0,GRAZING,,,SIMULATED
1440.0,tag-0020,anchor-01,-101.59,18.41,True,1.0046285700618627,GRAZING,,,SIMULATED
1440.0,tag-0020,anchor-02,,,False,1.0046285700618627,GRAZING,,,SIMULATED
1440.0,tag-0020,anchor-03,-123.34,-3.34,True,1.0046285700618627,GRAZING,,,SIMULATED
1440.0,tag-0020,anchor-04,,,False,1.0046285700618627,GRAZING,,,SIMULATED
1440.0,tag-0020,anchor-05,-89.87,30.13,True,1.0046285700618627,GRAZING,,,SIMULATED
1440.0,tag-0020,anchor-06,-108.32,11.68,True,1.0046285700618627,GRAZING,,,SIMULATED
1440.0,tag-0020,anchor-07,-98.18,21.82,True,1.0046285700618627,GRAZING,,,SIMULATED
1440.0,tag-0020,anchor-08,-103.98,16.02,True,1.0046285700618627,GRAZING,,,SIMULATED
1470.0,tag-0001,anchor-01,-86.07,33.93,True,1.0108157369925368,GRAZING,,,SIMULATED
1470.0,tag-0001,anchor-02,-96.43,23.57,True,1.0108157369925368,GRAZING,,,SIMULATED
1470.0,tag-0001,anchor-03,,,False,1.0108157369925368,GRAZING,,,SIMULATED
1470.0,tag-0001,anchor-04,-110.56,9.44,True,1.0108157369925368,GRAZING,,,SIMULATED
1470.0,tag-0001,anchor-05,-77.42,42.58,True,1.0108157369925368,GRAZING,,,SIMULATED
1470.0,tag-0001,anchor-06,-101.8,18.2,True,1.0108157369925368,GRAZING,,,SIMULATED
1470.0,tag-0001,anchor-07,-116.61,3.39,True,1.0108157369925368,GRAZING,,,SIMULATED
1470.0,tag-0001,anchor-08,-102.66,17.34,True,1.0108157369925368,GRAZING,,,SIMULATED
1470.0,tag-0002,anchor-01,-100.6,19.4,True,1.002084895172645,WALKING,,,SIMULATED
1470.0,tag-0002,anchor-02,-119.68,0.32,True,1.002084895172645,WALKING,,,SIMULATED
1470.0,tag-0002,anchor-03,,,False,1.002084895172645,WALKING,,,SIMULATED
1470.0,tag-0002,anchor-04,-99.71,20.29,True,1.002084895172645,WALKING,,,SIMULATED
1470.0,tag-0002,anchor-05,-87.0,33.0,True,1.002084895172645,WALKING,,,SIMULATED
1470.0,tag-0002,anchor-06,,,False,1.002084895172645,WALKING,,,SIMULATED
1470.0,tag-0002,anchor-07,-89.7,30.3,True,1.002084895172645,WALKING,,,SIMULATED
1470.0,tag-0002,anchor-08,-99.3,20.7,True,1.002084895172645,WALKING,,,SIMULATED
1470.0,tag-0003,anchor-01,-98.26,21.74,True,1.0,GRAZING,,,SIMULATED
1470.0,tag-0003,anchor-02,-95.22,24.78,True,1.0,GRAZING,,,SIMULATED
1470.0,tag-0003,anchor-03,,,False,1.0,GRAZING,,,SIMULATED
1470.0,tag-0003,anchor-04,-107.43,12.57,True,1.0,GRAZING,,,SIMULATED
1470.0,tag-0003,anchor-05,-82.56,37.44,True,1.0,GRAZING,,,SIMULATED
1470.0,tag-0003,anchor-06,-102.33,17.67,True,1.0,GRAZING,,,SIMULATED
1470.0,tag-0003,anchor-07,-124.15,-4.15,True,1.0,GRAZING,,,SIMULATED
1470.0,tag-0003,anchor-08,-97.38,22.62,True,1.0,GRAZING,,,SIMULATED
1470.0,tag-0004,anchor-01,-92.12,27.88,True,1.0,GRAZING,,,SIMULATED
1470.0,tag-0004,anchor-02,-87.36,32.64,True,1.0,GRAZING,,,SIMULATED
1470.0,tag-0004,anchor-03,-120.08,-0.08,True,1.0,GRAZING,,,SIMULATED
1470.0,tag-0004,anchor-04,-96.29,23.71,True,1.0,GRAZING,,,SIMULATED
1470.0,tag-0004,anchor-05,,,False,1.0,GRAZING,,,SIMULATED
1470.0,tag-0004,anchor-06,-96.64,23.36,True,1.0,GRAZING,,,SIMULATED
1470.0,tag-0004,anchor-07,,,False,1.0,GRAZING,,,SIMULATED
1470.0,tag-0004,anchor-08,-104.5,15.5,True,1.0,GRAZING,,,SIMULATED
1470.0,tag-0005,anchor-01,-97.66,22.34,True,1.0194373790443092,WALKING,,,SIMULATED
1470.0,tag-0005,anchor-02,-84.41,35.59,True,1.0194373790443092,WALKING,,,SIMULATED
1470.0,tag-0005,anchor-03,-124.58,-4.58,True,1.0194373790443092,WALKING,,,SIMULATED
1470.0,tag-0005,anchor-04,-107.83,12.17,True,1.0194373790443092,WALKING,,,SIMULATED
1470.0,tag-0005,anchor-05,-90.14,29.86,True,1.0194373790443092,WALKING,,,SIMULATED
1470.0,tag-0005,anchor-06,-120.36,-0.36,True,1.0194373790443092,WALKING,,,SIMULATED
1470.0,tag-0005,anchor-07,,,False,1.0194373790443092,WALKING,,,SIMULATED
1470.0,tag-0005,anchor-08,-94.42,25.58,True,1.0194373790443092,WALKING,,,SIMULATED
1470.0,tag-0006,anchor-01,-92.81,27.19,True,1.0118594869310589,WALKING,,,SIMULATED
1470.0,tag-0006,anchor-02,-86.63,33.37,True,1.0118594869310589,WALKING,,,SIMULATED
1470.0,tag-0006,anchor-03,-103.58,16.42,True,1.0118594869310589,WALKING,,,SIMULATED
1470.0,tag-0006,anchor-04,-125.73,-5.73,True,1.0118594869310589,WALKING,,,SIMULATED
1470.0,tag-0006,anchor-05,-84.37,35.63,True,1.0118594869310589,WALKING,,,SIMULATED
1470.0,tag-0006,anchor-06,-95.66,24.34,True,1.0118594869310589,WALKING,,,SIMULATED
1470.0,tag-0006,anchor-07,-125.61,-5.61,True,1.0118594869310589,WALKING,,,SIMULATED
1470.0,tag-0006,anchor-08,-108.74,11.26,True,1.0118594869310589,WALKING,,,SIMULATED
1470.0,tag-0007,anchor-01,-101.84,18.16,True,1.0,GRAZING,,,SIMULATED
1470.0,tag-0007,anchor-02,-92.72,27.28,True,1.0,GRAZING,,,SIMULATED
1470.0,tag-0007,anchor-03,,,False,1.0,GRAZING,,,SIMULATED
1470.0,tag-0007,anchor-04,-108.68,11.32,True,1.0,GRAZING,,,SIMULATED
1470.0,tag-0007,anchor-05,-88.53,31.47,True,1.0,GRAZING,,,SIMULATED
1470.0,tag-0007,anchor-06,-104.9,15.1,True,1.0,GRAZING,,,SIMULATED
1470.0,tag-0007,anchor-07,-97.87,22.13,True,1.0,GRAZING,,,SIMULATED
1470.0,tag-0007,anchor-08,-85.02,34.98,True,1.0,GRAZING,,,SIMULATED
1470.0,tag-0008,anchor-01,-94.58,25.42,True,1.0148102949916664,GRAZING,,,SIMULATED
1470.0,tag-0008,anchor-02,-95.94,24.06,True,1.0148102949916664,GRAZING,,,SIMULATED
1470.0,tag-0008,anchor-03,,,False,1.0148102949916664,GRAZING,,,SIMULATED
1470.0,tag-0008,anchor-04,-101.88,18.12,True,1.0148102949916664,GRAZING,,,SIMULATED
1470.0,tag-0008,anchor-05,-87.91,32.09,True,1.0148102949916664,GRAZING,,,SIMULATED
1470.0,tag-0008,anchor-06,-126.85,-6.85,True,1.0148102949916664,GRAZING,,,SIMULATED
1470.0,tag-0008,anchor-07,-99.77,20.23,True,1.0148102949916664,GRAZING,,,SIMULATED
1470.0,tag-0008,anchor-08,-90.95,29.05,True,1.0148102949916664,GRAZING,,,SIMULATED
1470.0,tag-0009,anchor-01,-95.3,24.7,True,1.0,GRAZING,,,SIMULATED
1470.0,tag-0009,anchor-02,-101.33,18.67,True,1.0,GRAZING,,,SIMULATED
1470.0,tag-0009,anchor-03,,,False,1.0,GRAZING,,,SIMULATED
1470.0,tag-0009,anchor-04,-105.02,14.98,True,1.0,GRAZING,,,SIMULATED
1470.0,tag-0009,anchor-05,-88.98,31.02,True,1.0,GRAZING,,,SIMULATED
1470.0,tag-0009,anchor-06,,,False,1.0,GRAZING,,,SIMULATED
1470.0,tag-0009,anchor-07,-114.98,5.02,True,1.0,GRAZING,,,SIMULATED
1470.0,tag-0009,anchor-08,,,False,1.0,GRAZING,,,SIMULATED
1470.0,tag-0010,anchor-01,-88.19,31.81,True,1.0100294421881018,GRAZING,,,SIMULATED
1470.0,tag-0010,anchor-02,-99.12,20.88,True,1.0100294421881018,GRAZING,,,SIMULATED
1470.0,tag-0010,anchor-03,,,False,1.0100294421881018,GRAZING,,,SIMULATED
1470.0,tag-0010,anchor-04,-113.63,6.37,True,1.0100294421881018,GRAZING,,,SIMULATED
1470.0,tag-0010,anchor-05,-76.12,43.88,True,1.0100294421881018,GRAZING,,,SIMULATED
1470.0,tag-0010,anchor-06,-103.97,16.03,True,1.0100294421881018,GRAZING,,,SIMULATED
1470.0,tag-0010,anchor-07,-95.59,24.41,True,1.0100294421881018,GRAZING,,,SIMULATED
1470.0,tag-0010,anchor-08,-89.72,30.28,True,1.0100294421881018,GRAZING,,,SIMULATED
1470.0,tag-0011,anchor-01,-100.05,19.95,True,1.0,RESTING,,,SIMULATED
1470.0,tag-0011,anchor-02,-96.29,23.71,True,1.0,RESTING,,,SIMULATED
1470.0,tag-0011,anchor-03,,,False,1.0,RESTING,,,SIMULATED
1470.0,tag-0011,anchor-04,-102.48,17.52,True,1.0,RESTING,,,SIMULATED
1470.0,tag-0011,anchor-05,-89.43,30.57,True,1.0,RESTING,,,SIMULATED
1470.0,tag-0011,anchor-06,-121.94,-1.94,True,1.0,RESTING,,,SIMULATED
1470.0,tag-0011,anchor-07,,,False,1.0,RESTING,,,SIMULATED
1470.0,tag-0011,anchor-08,,,False,1.0,RESTING,,,SIMULATED
1470.0,tag-0012,anchor-01,-90.55,29.45,True,1.0,WALKING,,,SIMULATED
1470.0,tag-0012,anchor-02,-94.14,25.86,True,1.0,WALKING,,,SIMULATED
1470.0,tag-0012,anchor-03,-103.97,16.03,True,1.0,WALKING,,,SIMULATED
1470.0,tag-0012,anchor-04,,,False,1.0,WALKING,,,SIMULATED
1470.0,tag-0012,anchor-05,-80.47,39.53,True,1.0,WALKING,,,SIMULATED
1470.0,tag-0012,anchor-06,,,False,1.0,WALKING,,,SIMULATED
1470.0,tag-0012,anchor-07,-124.06,-4.06,True,1.0,WALKING,,,SIMULATED
1470.0,tag-0012,anchor-08,-99.33,20.67,True,1.0,WALKING,,,SIMULATED
1470.0,tag-0013,anchor-01,-97.02,22.98,True,1.0074962358700665,GRAZING,,,SIMULATED
1470.0,tag-0013,anchor-02,-93.65,26.35,True,1.0074962358700665,GRAZING,,,SIMULATED
1470.0,tag-0013,anchor-03,,,False,1.0074962358700665,GRAZING,,,SIMULATED
1470.0,tag-0013,anchor-04,-98.18,21.82,True,1.0074962358700665,GRAZING,,,SIMULATED
1470.0,tag-0013,anchor-05,-79.82,40.18,True,1.0074962358700665,GRAZING,,,SIMULATED
1470.0,tag-0013,anchor-06,,,False,1.0074962358700665,GRAZING,,,SIMULATED
1470.0,tag-0013,anchor-07,-96.38,23.62,True,1.0074962358700665,GRAZING,,,SIMULATED
1470.0,tag-0013,anchor-08,-96.27,23.73,True,1.0074962358700665,GRAZING,,,SIMULATED
1470.0,tag-0014,anchor-01,-85.95,34.05,True,1.0075049197104446,GRAZING,,,SIMULATED
1470.0,tag-0014,anchor-02,-89.7,30.3,True,1.0075049197104446,GRAZING,,,SIMULATED
1470.0,tag-0014,anchor-03,-98.63,21.37,True,1.0075049197104446,GRAZING,,,SIMULATED
1470.0,tag-0014,anchor-04,,,False,1.0075049197104446,GRAZING,,,SIMULATED
1470.0,tag-0014,anchor-05,,,False,1.0075049197104446,GRAZING,,,SIMULATED
1470.0,tag-0014,anchor-06,-93.16,26.84,True,1.0075049197104446,GRAZING,,,SIMULATED
1470.0,tag-0014,anchor-07,-97.87,22.13,True,1.0075049197104446,GRAZING,,,SIMULATED
1470.0,tag-0014,anchor-08,,,False,1.0075049197104446,GRAZING,,,SIMULATED
1470.0,tag-0015,anchor-01,-108.1,11.9,True,1.0153862722584248,WALKING,,,SIMULATED
1470.0,tag-0015,anchor-02,-104.43,15.57,True,1.0153862722584248,WALKING,,,SIMULATED
1470.0,tag-0015,anchor-03,,,False,1.0153862722584248,WALKING,,,SIMULATED
1470.0,tag-0015,anchor-04,-125.97,-5.97,True,1.0153862722584248,WALKING,,,SIMULATED
1470.0,tag-0015,anchor-05,-83.93,36.07,True,1.0153862722584248,WALKING,,,SIMULATED
1470.0,tag-0015,anchor-06,,,False,1.0153862722584248,WALKING,,,SIMULATED
1470.0,tag-0015,anchor-07,,,False,1.0153862722584248,WALKING,,,SIMULATED
1470.0,tag-0015,anchor-08,-93.64,26.36,True,1.0153862722584248,WALKING,,,SIMULATED
1470.0,tag-0016,anchor-01,-99.01,20.99,True,1.0,GRAZING,,,SIMULATED
1470.0,tag-0016,anchor-02,-89.23,30.77,True,1.0,GRAZING,,,SIMULATED
1470.0,tag-0016,anchor-03,-124.36,-4.36,True,1.0,GRAZING,,,SIMULATED
1470.0,tag-0016,anchor-04,-114.2,5.8,True,1.0,GRAZING,,,SIMULATED
1470.0,tag-0016,anchor-05,-83.78,36.22,True,1.0,GRAZING,,,SIMULATED
1470.0,tag-0016,anchor-06,,,False,1.0,GRAZING,,,SIMULATED
1470.0,tag-0016,anchor-07,-125.15,-5.15,True,1.0,GRAZING,,,SIMULATED
1470.0,tag-0016,anchor-08,-93.81,26.19,True,1.0,GRAZING,,,SIMULATED
1470.0,tag-0017,anchor-01,-97.77,22.23,True,1.0230124212145317,GRAZING,,,SIMULATED
1470.0,tag-0017,anchor-02,-95.13,24.87,True,1.0230124212145317,GRAZING,,,SIMULATED
1470.0,tag-0017,anchor-03,,,False,1.0230124212145317,GRAZING,,,SIMULATED
1470.0,tag-0017,anchor-04,-102.85,17.15,True,1.0230124212145317,GRAZING,,,SIMULATED
1470.0,tag-0017,anchor-05,-91.81,28.19,True,1.0230124212145317,GRAZING,,,SIMULATED
1470.0,tag-0017,anchor-06,-95.13,24.87,True,1.0230124212145317,GRAZING,,,SIMULATED
1470.0,tag-0017,anchor-07,-90.58,29.42,True,1.0230124212145317,GRAZING,,,SIMULATED
1470.0,tag-0017,anchor-08,-94.27,25.73,True,1.0230124212145317,GRAZING,,,SIMULATED
1470.0,tag-0018,anchor-01,-92.44,27.56,True,1.0201267559972538,GRAZING,,,SIMULATED
1470.0,tag-0018,anchor-02,-104.37,15.63,True,1.0201267559972538,GRAZING,,,SIMULATED
1470.0,tag-0018,anchor-03,,,False,1.0201267559972538,GRAZING,,,SIMULATED
1470.0,tag-0018,anchor-04,-100.67,19.33,True,1.0201267559972538,GRAZING,,,SIMULATED
1470.0,tag-0018,anchor-05,-84.39,35.61,True,1.0201267559972538,GRAZING,,,SIMULATED
1470.0,tag-0018,anchor-06,-99.56,20.44,True,1.0201267559972538,GRAZING,,,SIMULATED
1470.0,tag-0018,anchor-07,-125.45,-5.45,True,1.0201267559972538,GRAZING,,,SIMULATED
1470.0,tag-0018,anchor-08,-101.33,18.67,True,1.0201267559972538,GRAZING,,,SIMULATED
1470.0,tag-0019,anchor-01,-93.51,26.49,True,1.0001907520952575,GRAZING,,,SIMULATED
1470.0,tag-0019,anchor-02,-99.6,20.4,True,1.0001907520952575,GRAZING,,,SIMULATED
1470.0,tag-0019,anchor-03,-120.16,-0.16,True,1.0001907520952575,GRAZING,,,SIMULATED
1470.0,tag-0019,anchor-04,-105.08,14.92,True,1.0001907520952575,GRAZING,,,SIMULATED
1470.0,tag-0019,anchor-05,-87.97,32.03,True,1.0001907520952575,GRAZING,,,SIMULATED
1470.0,tag-0019,anchor-06,-98.76,21.24,True,1.0001907520952575,GRAZING,,,SIMULATED
1470.0,tag-0019,anchor-07,-114.06,5.94,True,1.0001907520952575,GRAZING,,,SIMULATED
1470.0,tag-0019,anchor-08,-94.33,25.67,True,1.0001907520952575,GRAZING,,,SIMULATED
1470.0,tag-0020,anchor-01,-102.69,17.31,True,1.0070064899463935,GRAZING,,,SIMULATED
1470.0,tag-0020,anchor-02,,,False,1.0070064899463935,GRAZING,,,SIMULATED
1470.0,tag-0020,anchor-03,-124.78,-4.78,True,1.0070064899463935,GRAZING,,,SIMULATED
1470.0,tag-0020,anchor-04,-106.87,13.13,True,1.0070064899463935,GRAZING,,,SIMULATED
1470.0,tag-0020,anchor-05,-94.42,25.58,True,1.0070064899463935,GRAZING,,,SIMULATED
1470.0,tag-0020,anchor-06,-109.76,10.24,True,1.0070064899463935,GRAZING,,,SIMULATED
1470.0,tag-0020,anchor-07,-96.21,23.79,True,1.0070064899463935,GRAZING,,,SIMULATED
1470.0,tag-0020,anchor-08,-105.94,14.06,True,1.0070064899463935,GRAZING,,,SIMULATED
1500.0,tag-0001,anchor-01,-84.53,35.47,True,1.0268392996400444,GRAZING,,,SIMULATED
1500.0,tag-0001,anchor-02,-93.31,26.69,True,1.0268392996400444,GRAZING,,,SIMULATED
1500.0,tag-0001,anchor-03,-124.46,-4.46,True,1.0268392996400444,GRAZING,,,SIMULATED
1500.0,tag-0001,anchor-04,-108.98,11.02,True,1.0268392996400444,GRAZING,,,SIMULATED
1500.0,tag-0001,anchor-05,-86.11,33.89,True,1.0268392996400444,GRAZING,,,SIMULATED
1500.0,tag-0001,anchor-06,-97.42,22.58,True,1.0268392996400444,GRAZING,,,SIMULATED
1500.0,tag-0001,anchor-07,-120.81,-0.81,True,1.0268392996400444,GRAZING,,,SIMULATED
1500.0,tag-0001,anchor-08,,,False,1.0268392996400444,GRAZING,,,SIMULATED
1500.0,tag-0002,anchor-01,-100.57,19.43,True,1.0,WALKING,,,SIMULATED
1500.0,tag-0002,anchor-02,-118.99,1.01,True,1.0,WALKING,,,SIMULATED
1500.0,tag-0002,anchor-03,,,False,1.0,WALKING,,,SIMULATED
1500.0,tag-0002,anchor-04,-101.52,18.48,True,1.0,WALKING,,,SIMULATED
1500.0,tag-0002,anchor-05,-103.17,16.83,True,1.0,WALKING,,,SIMULATED
1500.0,tag-0002,anchor-06,,,False,1.0,WALKING,,,SIMULATED
1500.0,tag-0002,anchor-07,-115.35,4.65,True,1.0,WALKING,,,SIMULATED
1500.0,tag-0002,anchor-08,-99.81,20.19,True,1.0,WALKING,,,SIMULATED
1500.0,tag-0003,anchor-01,-99.95,20.05,True,1.0141448303982081,GRAZING,,,SIMULATED
1500.0,tag-0003,anchor-02,-93.18,26.82,True,1.0141448303982081,GRAZING,,,SIMULATED
1500.0,tag-0003,anchor-03,,,False,1.0141448303982081,GRAZING,,,SIMULATED
1500.0,tag-0003,anchor-04,-104.33,15.67,True,1.0141448303982081,GRAZING,,,SIMULATED
1500.0,tag-0003,anchor-05,-81.89,38.11,True,1.0141448303982081,GRAZING,,,SIMULATED
1500.0,tag-0003,anchor-06,-105.6,14.4,True,1.0141448303982081,GRAZING,,,SIMULATED
1500.0,tag-0003,anchor-07,-120.19,-0.19,True,1.0141448303982081,GRAZING,,,SIMULATED
1500.0,tag-0003,anchor-08,-94.9,25.1,True,1.0141448303982081,GRAZING,,,SIMULATED
1500.0,tag-0004,anchor-01,-93.09,26.91,True,1.0226586995595608,GRAZING,,,SIMULATED
1500.0,tag-0004,anchor-02,-88.91,31.09,True,1.0226586995595608,GRAZING,,,SIMULATED
1500.0,tag-0004,anchor-03,-121.08,-1.08,True,1.0226586995595608,GRAZING,,,SIMULATED
1500.0,tag-0004,anchor-04,-99.03,20.97,True,1.0226586995595608,GRAZING,,,SIMULATED
1500.0,tag-0004,anchor-05,-74.68,45.32,True,1.0226586995595608,GRAZING,,,SIMULATED
1500.0,tag-0004,anchor-06,-94.84,25.16,True,1.0226586995595608,GRAZING,,,SIMULATED
1500.0,tag-0004,anchor-07,-125.73,-5.73,True,1.0226586995595608,GRAZING,,,SIMULATED
1500.0,tag-0004,anchor-08,-105.54,14.46,True,1.0226586995595608,GRAZING,,,SIMULATED
1500.0,tag-0005,anchor-01,-97.88,22.12,True,1.010118425156724,GRAZING,,,SIMULATED
1500.0,tag-0005,anchor-02,-90.73,29.27,True,1.010118425156724,GRAZING,,,SIMULATED
1500.0,tag-0005,anchor-03,-125.46,-5.46,True,1.010118425156724,GRAZING,,,SIMULATED
1500.0,tag-0005,anchor-04,-103.32,16.68,True,1.010118425156724,GRAZING,,,SIMULATED
1500.0,tag-0005,anchor-05,-90.36,29.64,True,1.010118425156724,GRAZING,,,SIMULATED
1500.0,tag-0005,anchor-06,,,False,1.010118425156724,GRAZING,,,SIMULATED
1500.0,tag-0005,anchor-07,-118.63,1.37,True,1.010118425156724,GRAZING,,,SIMULATED
1500.0,tag-0005,anchor-08,,,False,1.010118425156724,GRAZING,,,SIMULATED
1500.0,tag-0006,anchor-01,-89.74,30.26,True,1.0217132777822513,WALKING,,,SIMULATED
1500.0,tag-0006,anchor-02,-86.47,33.53,True,1.0217132777822513,WALKING,,,SIMULATED
1500.0,tag-0006,anchor-03,-104.76,15.24,True,1.0217132777822513,WALKING,,,SIMULATED
1500.0,tag-0006,anchor-04,-126.91,-6.91,True,1.0217132777822513,WALKING,,,SIMULATED
1500.0,tag-0006,anchor-05,-80.48,39.52,True,1.0217132777822513,WALKING,,,SIMULATED
1500.0,tag-0006,anchor-06,-98.27,21.73,True,1.0217132777822513,WALKING,,,SIMULATED
1500.0,tag-0006,anchor-07,-125.99,-5.99,True,1.0217132777822513,WALKING,,,SIMULATED
1500.0,tag-0006,anchor-08,-104.04,15.96,True,1.0217132777822513,WALKING,,,SIMULATED
1500.0,tag-0007,anchor-01,-97.68,22.32,True,1.0,GRAZING,,,SIMULATED
1500.0,tag-0007,anchor-02,-92.09,27.91,True,1.0,GRAZING,,,SIMULATED
1500.0,tag-0007,anchor-03,,,False,1.0,GRAZING,,,SIMULATED
1500.0,tag-0007,anchor-04,-105.66,14.34,True,1.0,GRAZING,,,SIMULATED
1500.0,tag-0007,anchor-05,-87.04,32.96,True,1.0,GRAZING,,,SIMULATED
1500.0,tag-0007,anchor-06,,,False,1.0,GRAZING,,,SIMULATED
1500.0,tag-0007,anchor-07,-92.0,28.0,True,1.0,GRAZING,,,SIMULATED
1500.0,tag-0007,anchor-08,-94.56,25.44,True,1.0,GRAZING,,,SIMULATED
1500.0,tag-0008,anchor-01,-99.85,20.15,True,1.0,GRAZING,,,SIMULATED
1500.0,tag-0008,anchor-02,-97.06,22.94,True,1.0,GRAZING,,,SIMULATED
1500.0,tag-0008,anchor-03,,,False,1.0,GRAZING,,,SIMULATED
1500.0,tag-0008,anchor-04,,,False,1.0,GRAZING,,,SIMULATED
1500.0,tag-0008,anchor-05,-90.83,29.17,True,1.0,GRAZING,,,SIMULATED
1500.0,tag-0008,anchor-06,-119.93,0.07,True,1.0,GRAZING,,,SIMULATED
1500.0,tag-0008,anchor-07,-99.92,20.08,True,1.0,GRAZING,,,SIMULATED
1500.0,tag-0008,anchor-08,-91.68,28.32,True,1.0,GRAZING,,,SIMULATED
1500.0,tag-0009,anchor-01,-93.9,26.1,True,1.0108417190694396,GRAZING,,,SIMULATED
1500.0,tag-0009,anchor-02,-99.39,20.61,True,1.0108417190694396,GRAZING,,,SIMULATED
1500.0,tag-0009,anchor-03,,,False,1.0108417190694396,GRAZING,,,SIMULATED
1500.0,tag-0009,anchor-04,-108.45,11.55,True,1.0108417190694396,GRAZING,,,SIMULATED
1500.0,tag-0009,anchor-05,-91.09,28.91,True,1.0108417190694396,GRAZING,,,SIMULATED
1500.0,tag-0009,anchor-06,,,False,1.0108417190694396,GRAZING,,,SIMULATED
1500.0,tag-0009,anchor-07,-113.6,6.4,True,1.0108417190694396,GRAZING,,,SIMULATED
1500.0,tag-0009,anchor-08,-92.19,27.81,True,1.0108417190694396,GRAZING,,,SIMULATED
1500.0,tag-0010,anchor-01,-94.76,25.24,True,1.010718490425944,GRAZING,,,SIMULATED
1500.0,tag-0010,anchor-02,-96.69,23.31,True,1.010718490425944,GRAZING,,,SIMULATED
1500.0,tag-0010,anchor-03,,,False,1.010718490425944,GRAZING,,,SIMULATED
1500.0,tag-0010,anchor-04,-104.5,15.5,True,1.010718490425944,GRAZING,,,SIMULATED
1500.0,tag-0010,anchor-05,-77.96,42.04,True,1.010718490425944,GRAZING,,,SIMULATED
1500.0,tag-0010,anchor-06,-106.68,13.32,True,1.010718490425944,GRAZING,,,SIMULATED
1500.0,tag-0010,anchor-07,-94.35,25.65,True,1.010718490425944,GRAZING,,,SIMULATED
1500.0,tag-0010,anchor-08,-91.65,28.35,True,1.010718490425944,GRAZING,,,SIMULATED
1500.0,tag-0011,anchor-01,-99.8,20.2,True,1.0,RESTING,,,SIMULATED
1500.0,tag-0011,anchor-02,-89.74,30.26,True,1.0,RESTING,,,SIMULATED
1500.0,tag-0011,anchor-03,,,False,1.0,RESTING,,,SIMULATED
1500.0,tag-0011,anchor-04,-100.35,19.65,True,1.0,RESTING,,,SIMULATED
1500.0,tag-0011,anchor-05,-92.66,27.34,True,1.0,RESTING,,,SIMULATED
1500.0,tag-0011,anchor-06,-122.62,-2.62,True,1.0,RESTING,,,SIMULATED
1500.0,tag-0011,anchor-07,-102.71,17.29,True,1.0,RESTING,,,SIMULATED
1500.0,tag-0011,anchor-08,-100.07,19.93,True,1.0,RESTING,,,SIMULATED
1500.0,tag-0012,anchor-01,-99.35,20.65,True,1.0,WALKING,,,SIMULATED
1500.0,tag-0012,anchor-02,-86.72,33.28,True,1.0,WALKING,,,SIMULATED
1500.0,tag-0012,anchor-03,-103.46,16.54,True,1.0,WALKING,,,SIMULATED
1500.0,tag-0012,anchor-04,,,False,1.0,WALKING,,,SIMULATED
1500.0,tag-0012,anchor-05,,,False,1.0,WALKING,,,SIMULATED
1500.0,tag-0012,anchor-06,-102.2,17.8,True,1.0,WALKING,,,SIMULATED
1500.0,tag-0012,anchor-07,-121.9,-1.9,True,1.0,WALKING,,,SIMULATED
1500.0,tag-0012,anchor-08,-104.27,15.73,True,1.0,WALKING,,,SIMULATED
1500.0,tag-0013,anchor-01,-91.36,28.64,True,1.0,GRAZING,,,SIMULATED
1500.0,tag-0013,anchor-02,-99.69,20.31,True,1.0,GRAZING,,,SIMULATED
1500.0,tag-0013,anchor-03,,,False,1.0,GRAZING,,,SIMULATED
1500.0,tag-0013,anchor-04,-94.73,25.27,True,1.0,GRAZING,,,SIMULATED
1500.0,tag-0013,anchor-05,-83.72,36.28,True,1.0,GRAZING,,,SIMULATED
1500.0,tag-0013,anchor-06,-126.37,-6.37,True,1.0,GRAZING,,,SIMULATED
1500.0,tag-0013,anchor-07,,,False,1.0,GRAZING,,,SIMULATED
1500.0,tag-0013,anchor-08,-97.59,22.41,True,1.0,GRAZING,,,SIMULATED
1500.0,tag-0014,anchor-01,,,False,1.0,GRAZING,,,SIMULATED
1500.0,tag-0014,anchor-02,-85.27,34.73,True,1.0,GRAZING,,,SIMULATED
1500.0,tag-0014,anchor-03,-99.94,20.06,True,1.0,GRAZING,,,SIMULATED
1500.0,tag-0014,anchor-04,,,False,1.0,GRAZING,,,SIMULATED
1500.0,tag-0014,anchor-05,-89.22,30.78,True,1.0,GRAZING,,,SIMULATED
1500.0,tag-0014,anchor-06,-96.83,23.17,True,1.0,GRAZING,,,SIMULATED
1500.0,tag-0014,anchor-07,-92.1,27.9,True,1.0,GRAZING,,,SIMULATED
1500.0,tag-0014,anchor-08,-124.68,-4.68,True,1.0,GRAZING,,,SIMULATED
1500.0,tag-0015,anchor-01,-107.59,12.41,True,1.0,WALKING,,,SIMULATED
1500.0,tag-0015,anchor-02,-100.48,19.52,True,1.0,WALKING,,,SIMULATED
1500.0,tag-0015,anchor-03,-123.8,-3.8,True,1.0,WALKING,,,SIMULATED
1500.0,tag-0015,anchor-04,,,False,1.0,WALKING,,,SIMULATED
1500.0,tag-0015,anchor-05,-84.18,35.82,True,1.0,WALKING,,,SIMULATED
1500.0,tag-0015,anchor-06,-89.33,30.67,True,1.0,WALKING,,,SIMULATED
1500.0,tag-0015,anchor-07,-117.32,2.68,True,1.0,WALKING,,,SIMULATED
1500.0,tag-0015,anchor-08,-98.53,21.47,True,1.0,WALKING,,,SIMULATED
1500.0,tag-0016,anchor-01,-96.13,23.87,True,1.0,GRAZING,,,SIMULATED
1500.0,tag-0016,anchor-02,-90.42,29.58,True,1.0,GRAZING,,,SIMULATED
1500.0,tag-0016,anchor-03,-123.71,-3.71,True,1.0,GRAZING,,,SIMULATED
1500.0,tag-0016,anchor-04,-110.27,9.73,True,1.0,GRAZING,,,SIMULATED
1500.0,tag-0016,anchor-05,,,False,1.0,GRAZING,,,SIMULATED
1500.0,tag-0016,anchor-06,-95.5,24.5,True,1.0,GRAZING,,,SIMULATED
1500.0,tag-0016,anchor-07,-118.05,1.95,True,1.0,GRAZING,,,SIMULATED
1500.0,tag-0016,anchor-08,-94.61,25.39,True,1.0,GRAZING,,,SIMULATED
1500.0,tag-0017,anchor-01,-90.62,29.38,True,1.0,GRAZING,,,SIMULATED
1500.0,tag-0017,anchor-02,-93.5,26.5,True,1.0,GRAZING,,,SIMULATED
1500.0,tag-0017,anchor-03,,,False,1.0,GRAZING,,,SIMULATED
1500.0,tag-0017,anchor-04,-109.64,10.36,True,1.0,GRAZING,,,SIMULATED
1500.0,tag-0017,anchor-05,,,False,1.0,GRAZING,,,SIMULATED
1500.0,tag-0017,anchor-06,-102.62,17.38,True,1.0,GRAZING,,,SIMULATED
1500.0,tag-0017,anchor-07,-93.74,26.26,True,1.0,GRAZING,,,SIMULATED
1500.0,tag-0017,anchor-08,-95.14,24.86,True,1.0,GRAZING,,,SIMULATED
1500.0,tag-0018,anchor-01,-91.38,28.62,True,1.0,GRAZING,,,SIMULATED
1500.0,tag-0018,anchor-02,-100.04,19.96,True,1.0,GRAZING,,,SIMULATED
1500.0,tag-0018,anchor-03,,,False,1.0,GRAZING,,,SIMULATED
1500.0,tag-0018,anchor-04,-105.36,14.64,True,1.0,GRAZING,,,SIMULATED
1500.0,tag-0018,anchor-05,-86.03,33.97,True,1.0,GRAZING,,,SIMULATED
1500.0,tag-0018,anchor-06,-99.53,20.47,True,1.0,GRAZING,,,SIMULATED
1500.0,tag-0018,anchor-07,-124.94,-4.94,True,1.0,GRAZING,,,SIMULATED
1500.0,tag-0018,anchor-08,-100.06,19.94,True,1.0,GRAZING,,,SIMULATED
1500.0,tag-0019,anchor-01,-93.49,26.51,True,1.0278516121825572,GRAZING,,,SIMULATED
1500.0,tag-0019,anchor-02,-102.77,17.23,True,1.0278516121825572,GRAZING,,,SIMULATED
1500.0,tag-0019,anchor-03,-123.65,-3.65,True,1.0278516121825572,GRAZING,,,SIMULATED
1500.0,tag-0019,anchor-04,-104.38,15.62,True,1.0278516121825572,GRAZING,,,SIMULATED
1500.0,tag-0019,anchor-05,-87.07,32.93,True,1.0278516121825572,GRAZING,,,SIMULATED
1500.0,tag-0019,anchor-06,-107.95,12.05,True,1.0278516121825572,GRAZING,,,SIMULATED
1500.0,tag-0019,anchor-07,-115.54,4.46,True,1.0278516121825572,GRAZING,,,SIMULATED
1500.0,tag-0019,anchor-08,-94.05,25.95,True,1.0278516121825572,GRAZING,,,SIMULATED
1500.0,tag-0020,anchor-01,-98.68,21.32,True,1.0229212080099936,GRAZING,,,SIMULATED
1500.0,tag-0020,anchor-02,,,False,1.0229212080099936,GRAZING,,,SIMULATED
1500.0,tag-0020,anchor-03,,,False,1.0229212080099936,GRAZING,,,SIMULATED
1500.0,tag-0020,anchor-04,-108.91,11.09,True,1.0229212080099936,GRAZING,,,SIMULATED
1500.0,tag-0020,anchor-05,-89.06,30.94,True,1.0229212080099936,GRAZING,,,SIMULATED
1500.0,tag-0020,anchor-06,-104.96,15.04,True,1.0229212080099936,GRAZING,,,SIMULATED
1500.0,tag-0020,anchor-07,-99.14,20.86,True,1.0229212080099936,GRAZING,,,SIMULATED
1500.0,tag-0020,anchor-08,-99.96,20.04,True,1.0229212080099936,GRAZING,,,SIMULATED
1530.0,tag-0001,anchor-01,-86.63,33.37,True,1.0,GRAZING,,,SIMULATED
1530.0,tag-0001,anchor-02,-93.79,26.21,True,1.0,GRAZING,,,SIMULATED
1530.0,tag-0001,anchor-03,-125.33,-5.33,True,1.0,GRAZING,,,SIMULATED
1530.0,tag-0001,anchor-04,-105.97,14.03,True,1.0,GRAZING,,,SIMULATED
1530.0,tag-0001,anchor-05,-86.15,33.85,True,1.0,GRAZING,,,SIMULATED
1530.0,tag-0001,anchor-06,-94.5,25.5,True,1.0,GRAZING,,,SIMULATED
1530.0,tag-0001,anchor-07,-119.0,1.0,True,1.0,GRAZING,,,SIMULATED
1530.0,tag-0001,anchor-08,-100.36,19.64,True,1.0,GRAZING,,,SIMULATED
1530.0,tag-0002,anchor-01,-98.19,21.81,True,1.0219865857540147,WALKING,,,SIMULATED
1530.0,tag-0002,anchor-02,-123.07,-3.07,True,1.0219865857540147,WALKING,,,SIMULATED
1530.0,tag-0002,anchor-03,,,False,1.0219865857540147,WALKING,,,SIMULATED
1530.0,tag-0002,anchor-04,-101.14,18.86,True,1.0219865857540147,WALKING,,,SIMULATED
1530.0,tag-0002,anchor-05,-83.45,36.55,True,1.0219865857540147,WALKING,,,SIMULATED
1530.0,tag-0002,anchor-06,-122.44,-2.44,True,1.0219865857540147,WALKING,,,SIMULATED
1530.0,tag-0002,anchor-07,-117.33,2.67,True,1.0219865857540147,WALKING,,,SIMULATED
1530.0,tag-0002,anchor-08,-100.1,19.9,True,1.0219865857540147,WALKING,,,SIMULATED
1530.0,tag-0003,anchor-01,-97.33,22.67,True,1.0082541255491373,GRAZING,,,SIMULATED
1530.0,tag-0003,anchor-02,-90.52,29.48,True,1.0082541255491373,GRAZING,,,SIMULATED
1530.0,tag-0003,anchor-03,,,False,1.0082541255491373,GRAZING,,,SIMULATED
1530.0,tag-0003,anchor-04,-104.66,15.34,True,1.0082541255491373,GRAZING,,,SIMULATED
1530.0,tag-0003,anchor-05,-83.25,36.75,True,1.0082541255491373,GRAZING,,,SIMULATED
1530.0,tag-0003,anchor-06,-108.6,11.4,True,1.0082541255491373,GRAZING,,,SIMULATED
1530.0,tag-0003,anchor-07,-122.62,-2.62,True,1.0082541255491373,GRAZING,,,SIMULATED
1530.0,tag-0003,anchor-08,-97.14,22.86,True,1.0082541255491373,GRAZING,,,SIMULATED
1530.0,tag-0004,anchor-01,-90.7,29.3,True,1.0027497707453172,GRAZING,,,SIMULATED
1530.0,tag-0004,anchor-02,-89.22,30.78,True,1.0027497707453172,GRAZING,,,SIMULATED
1530.0,tag-0004,anchor-03,-120.45,-0.45,True,1.0027497707453172,GRAZING,,,SIMULATED
1530.0,tag-0004,anchor-04,-97.67,22.33,True,1.0027497707453172,GRAZING,,,SIMULATED
1530.0,tag-0004,anchor-05,-75.35,44.65,True,1.0027497707453172,GRAZING,,,SIMULATED
1530.0,tag-0004,anchor-06,-97.43,22.57,True,1.0027497707453172,GRAZING,,,SIMULATED
1530.0,tag-0004,anchor-07,-126.61,-6.61,True,1.0027497707453172,GRAZING,,,SIMULATED
1530.0,tag-0004,anchor-08,-100.82,19.18,True,1.0027497707453172,GRAZING,,,SIMULATED
1530.0,tag-0005,anchor-01,-102.26,17.74,True,1.0,GRAZING,,,SIMULATED
1530.0,tag-0005,anchor-02,-86.14,33.86,True,1.0,GRAZING,,,SIMULATED
1530.0,tag-0005,anchor-03,-117.58,2.42,True,1.0,GRAZING,,,SIMULATED
1530.0,tag-0005,anchor-04,-108.79,11.21,True,1.0,GRAZING,,,SIMULATED
1530.0,tag-0005,anchor-05,,,False,1.0,GRAZING,,,SIMULATED
1530.0,tag-0005,anchor-06,-90.92,29.08,True,1.0,GRAZING,,,SIMULATED
1530.0,tag-0005,anchor-07,-119.63,0.37,True,1.0,GRAZING,,,SIMULATED
1530.0,tag-0005,anchor-08,-93.33,26.67,True,1.0,GRAZING,,,SIMULATED
1530.0,tag-0006,anchor-01,-95.5,24.5,True,1.0,WALKING,,,SIMULATED
1530.0,tag-0006,anchor-02,-91.5,28.5,True,1.0,WALKING,,,SIMULATED
1530.0,tag-0006,anchor-03,,,False,1.0,WALKING,,,SIMULATED
1530.0,tag-0006,anchor-04,-122.68,-2.68,True,1.0,WALKING,,,SIMULATED
1530.0,tag-0006,anchor-05,,,False,1.0,WALKING,,,SIMULATED
1530.0,tag-0006,anchor-06,-101.89,18.11,True,1.0,WALKING,,,SIMULATED
1530.0,tag-0006,anchor-07,-123.33,-3.33,True,1.0,WALKING,,,SIMULATED
1530.0,tag-0006,anchor-08,-103.35,16.65,True,1.0,WALKING,,,SIMULATED
1530.0,tag-0007,anchor-01,-96.34,23.66,True,1.0,GRAZING,,,SIMULATED
1530.0,tag-0007,anchor-02,-96.08,23.92,True,1.0,GRAZING,,,SIMULATED
1530.0,tag-0007,anchor-03,,,False,1.0,GRAZING,,,SIMULATED
1530.0,tag-0007,anchor-04,-109.83,10.17,True,1.0,GRAZING,,,SIMULATED
1530.0,tag-0007,anchor-05,-91.39,28.61,True,1.0,GRAZING,,,SIMULATED
1530.0,tag-0007,anchor-06,-105.54,14.46,True,1.0,GRAZING,,,SIMULATED
1530.0,tag-0007,anchor-07,-93.93,26.07,True,1.0,GRAZING,,,SIMULATED
1530.0,tag-0007,anchor-08,-91.74,28.26,True,1.0,GRAZING,,,SIMULATED
1530.0,tag-0008,anchor-01,-99.47,20.53,True,1.0182069336565704,GRAZING,,,SIMULATED
1530.0,tag-0008,anchor-02,-93.65,26.35,True,1.0182069336565704,GRAZING,,,SIMULATED
1530.0,tag-0008,anchor-03,,,False,1.0182069336565704,GRAZING,,,SIMULATED
1530.0,tag-0008,anchor-04,-103.74,16.26,True,1.0182069336565704,GRAZING,,,SIMULATED
1530.0,tag-0008,anchor-05,-91.63,28.37,True,1.0182069336565704,GRAZING,,,SIMULATED
1530.0,tag-0008,anchor-06,-118.0,2.0,True,1.0182069336565704,GRAZING,,,SIMULATED
1530.0,tag-0008,anchor-07,-98.2,21.8,True,1.0182069336565704,GRAZING,,,SIMULATED
1530.0,tag-0008,anchor-08,-88.98,31.02,True,1.0182069336565704,GRAZING,,,SIMULATED
1530.0,tag-0009,anchor-01,-102.02,17.98,True,1.0,GRAZING,,,SIMULATED
1530.0,tag-0009,anchor-02,-96.69,23.31,True,1.0,GRAZING,,,SIMULATED
1530.0,tag-0009,anchor-03,,,False,1.0,GRAZING,,,SIMULATED
1530.0,tag-0009,anchor-04,-106.33,13.67,True,1.0,GRAZING,,,SIMULATED
1530.0,tag-0009,anchor-05,-86.72,33.28,True,1.0,GRAZING,,,SIMULATED
1530.0,tag-0009,anchor-06,,,False,1.0,GRAZING,,,SIMULATED
1530.0,tag-0009,anchor-07,-112.9,7.1,True,1.0,GRAZING,,,SIMULATED
1530.0,tag-0009,anchor-08,-88.1,31.9,True,1.0,GRAZING,,,SIMULATED
1530.0,tag-0010,anchor-01,-90.48,29.52,True,1.0204741139050775,GRAZING,,,SIMULATED
1530.0,tag-0010,anchor-02,-94.17,25.83,True,1.0204741139050775,GRAZING,,,SIMULATED
1530.0,tag-0010,anchor-03,,,False,1.0204741139050775,GRAZING,,,SIMULATED
1530.0,tag-0010,anchor-04,-101.79,18.21,True,1.0204741139050775,GRAZING,,,SIMULATED
1530.0,tag-0010,anchor-05,-78.72,41.28,True,1.0204741139050775,GRAZING,,,SIMULATED
1530.0,tag-0010,anchor-06,-97.87,22.13,True,1.0204741139050775,GRAZING,,,SIMULATED
1530.0,tag-0010,anchor-07,-93.9,26.1,True,1.0204741139050775,GRAZING,,,SIMULATED
1530.0,tag-0010,anchor-08,-91.65,28.35,True,1.0204741139050775,GRAZING,,,SIMULATED
1530.0,tag-0011,anchor-01,-99.31,20.69,True,1.0,RESTING,,,SIMULATED
1530.0,tag-0011,anchor-02,-92.15,27.85,True,1.0,RESTING,,,SIMULATED
1530.0,tag-0011,anchor-03,,,False,1.0,RESTING,,,SIMULATED
1530.0,tag-0011,anchor-04,-105.14,14.86,True,1.0,RESTING,,,SIMULATED
1530.0,tag-0011,anchor-05,-87.6,32.4,True,1.0,RESTING,,,SIMULATED
1530.0,tag-0011,anchor-06,-125.96,-5.96,True,1.0,RESTING,,,SIMULATED
1530.0,tag-0011,anchor-07,-100.54,19.46,True,1.0,RESTING,,,SIMULATED
1530.0,tag-0011,anchor-08,-100.92,19.08,True,1.0,RESTING,,,SIMULATED
1530.0,tag-0012,anchor-01,-97.16,22.84,True,1.0,WALKING,,,SIMULATED
1530.0,tag-0012,anchor-02,-92.96,27.04,True,1.0,WALKING,,,SIMULATED
1530.0,tag-0012,anchor-03,-101.19,18.81,True,1.0,WALKING,,,SIMULATED
1530.0,tag-0012,anchor-04,,,False,1.0,WALKING,,,SIMULATED
1530.0,tag-0012,anchor-05,-78.52,41.48,True,1.0,WALKING,,,SIMULATED
1530.0,tag-0012,anchor-06,-96.37,23.63,True,1.0,WALKING,,,SIMULATED
1530.0,tag-0012,anchor-07,-118.46,1.54,True,1.0,WALKING,,,SIMULATED
1530.0,tag-0012,anchor-08,-103.25,16.75,True,1.0,WALKING,,,SIMULATED
1530.0,tag-0013,anchor-01,-99.57,20.43,True,1.004110040091921,GRAZING,,,SIMULATED
1530.0,tag-0013,anchor-02,-94.96,25.04,True,1.004110040091921,GRAZING,,,SIMULATED
1530.0,tag-0013,anchor-03,,,False,1.004110040091921,GRAZING,,,SIMULATED
1530.0,tag-0013,anchor-04,-97.84,22.16,True,1.004110040091921,GRAZING,,,SIMULATED
1530.0,tag-0013,anchor-05,-81.41,38.59,True,1.004110040091921,GRAZING,,,SIMULATED
1530.0,tag-0013,anchor-06,,,False,1.004110040091921,GRAZING,,,SIMULATED
1530.0,tag-0013,anchor-07,-95.95,24.05,True,1.004110040091921,GRAZING,,,SIMULATED
1530.0,tag-0013,anchor-08,-92.62,27.38,True,1.004110040091921,GRAZING,,,SIMULATED
1530.0,tag-0014,anchor-01,-98.07,21.93,True,1.0002972911817543,GRAZING,,,SIMULATED
1530.0,tag-0014,anchor-02,-90.24,29.76,True,1.0002972911817543,GRAZING,,,SIMULATED
1530.0,tag-0014,anchor-03,-100.91,19.09,True,1.0002972911817543,GRAZING,,,SIMULATED
1530.0,tag-0014,anchor-04,,,False,1.0002972911817543,GRAZING,,,SIMULATED
1530.0,tag-0014,anchor-05,-84.4,35.6,True,1.0002972911817543,GRAZING,,,SIMULATED
1530.0,tag-0014,anchor-06,-91.54,28.46,True,1.0002972911817543,GRAZING,,,SIMULATED
1530.0,tag-0014,anchor-07,-94.18,25.82,True,1.0002972911817543,GRAZING,,,SIMULATED
1530.0,tag-0014,anchor-08,-125.65,-5.65,True,1.0002972911817543,GRAZING,,,SIMULATED
1530.0,tag-0015,anchor-01,-108.37,11.63,True,1.0,WALKING,,,SIMULATED
1530.0,tag-0015,anchor-02,-104.35,15.65,True,1.0,WALKING,,,SIMULATED
1530.0,tag-0015,anchor-03,,,False,1.0,WALKING,,,SIMULATED
1530.0,tag-0015,anchor-04,,,False,1.0,WALKING,,,SIMULATED
1530.0,tag-0015,anchor-05,-95.04,24.96,True,1.0,WALKING,,,SIMULATED
1530.0,tag-0015,anchor-06,-93.61,26.39,True,1.0,WALKING,,,SIMULATED
1530.0,tag-0015,anchor-07,-114.98,5.02,True,1.0,WALKING,,,SIMULATED
1530.0,tag-0015,anchor-08,-103.35,16.65,True,1.0,WALKING,,,SIMULATED
1530.0,tag-0016,anchor-01,-92.39,27.61,True,1.0,GRAZING,,,SIMULATED
1530.0,tag-0016,anchor-02,-89.49,30.51,True,1.0,GRAZING,,,SIMULATED
1530.0,tag-0016,anchor-03,-119.07,0.93,True,1.0,GRAZING,,,SIMULATED
1530.0,tag-0016,anchor-04,-107.75,12.25,True,1.0,GRAZING,,,SIMULATED
1530.0,tag-0016,anchor-05,-80.38,39.62,True,1.0,GRAZING,,,SIMULATED
1530.0,tag-0016,anchor-06,-99.56,20.44,True,1.0,GRAZING,,,SIMULATED
1530.0,tag-0016,anchor-07,-117.5,2.5,True,1.0,GRAZING,,,SIMULATED
1530.0,tag-0016,anchor-08,-97.29,22.71,True,1.0,GRAZING,,,SIMULATED
1530.0,tag-0017,anchor-01,-93.53,26.47,True,1.0180912126365875,GRAZING,,,SIMULATED
1530.0,tag-0017,anchor-02,-93.91,26.09,True,1.0180912126365875,GRAZING,,,SIMULATED
1530.0,tag-0017,anchor-03,,,False,1.0180912126365875,GRAZING,,,SIMULATED
1530.0,tag-0017,anchor-04,-103.34,16.66,True,1.0180912126365875,GRAZING,,,SIMULATED
1530.0,tag-0017,anchor-05,-81.76,38.24,True,1.0180912126365875,GRAZING,,,SIMULATED
1530.0,tag-0017,anchor-06,-99.65,20.35,True,1.0180912126365875,GRAZING,,,SIMULATED
1530.0,tag-0017,anchor-07,-99.14,20.86,True,1.0180912126365875,GRAZING,,,SIMULATED
1530.0,tag-0017,anchor-08,-92.9,27.1,True,1.0180912126365875,GRAZING,,,SIMULATED
1530.0,tag-0018,anchor-01,-90.16,29.84,True,1.0,GRAZING,,,SIMULATED
1530.0,tag-0018,anchor-02,-94.76,25.24,True,1.0,GRAZING,,,SIMULATED
1530.0,tag-0018,anchor-03,,,False,1.0,GRAZING,,,SIMULATED
1530.0,tag-0018,anchor-04,-105.43,14.57,True,1.0,GRAZING,,,SIMULATED
1530.0,tag-0018,anchor-05,-86.69,33.31,True,1.0,GRAZING,,,SIMULATED
1530.0,tag-0018,anchor-06,-98.39,21.61,True,1.0,GRAZING,,,SIMULATED
1530.0,tag-0018,anchor-07,-121.87,-1.87,True,1.0,GRAZING,,,SIMULATED
1530.0,tag-0018,anchor-08,-99.81,20.19,True,1.0,GRAZING,,,SIMULATED
1530.0,tag-0019,anchor-01,-98.28,21.72,True,1.009631739800509,WALKING,,,SIMULATED
1530.0,tag-0019,anchor-02,-99.13,20.87,True,1.009631739800509,WALKING,,,SIMULATED
1530.0,tag-0019,anchor-03,-126.01,-6.01,True,1.009631739800509,WALKING,,,SIMULATED
1530.0,tag-0019,anchor-04,-104.46,15.54,True,1.009631739800509,WALKING,,,SIMULATED
1530.0,tag-0019,anchor-05,-93.29,26.71,True,1.009631739800509,WALKING,,,SIMULATED
1530.0,tag-0019,anchor-06,,,False,1.009631739800509,WALKING,,,SIMULATED
1530.0,tag-0019,anchor-07,-117.79,2.21,True,1.009631739800509,WALKING,,,SIMULATED
1530.0,tag-0019,anchor-08,-96.31,23.69,True,1.009631739800509,WALKING,,,SIMULATED
1530.0,tag-0020,anchor-01,-102.01,17.99,True,1.0,GRAZING,,,SIMULATED
1530.0,tag-0020,anchor-02,-93.55,26.45,True,1.0,GRAZING,,,SIMULATED
1530.0,tag-0020,anchor-03,-126.34,-6.34,True,1.0,GRAZING,,,SIMULATED
1530.0,tag-0020,anchor-04,-104.04,15.96,True,1.0,GRAZING,,,SIMULATED
1530.0,tag-0020,anchor-05,-89.54,30.46,True,1.0,GRAZING,,,SIMULATED
1530.0,tag-0020,anchor-06,-101.35,18.65,True,1.0,GRAZING,,,SIMULATED
1530.0,tag-0020,anchor-07,-95.12,24.88,True,1.0,GRAZING,,,SIMULATED
1530.0,tag-0020,anchor-08,-103.78,16.22,True,1.0,GRAZING,,,SIMULATED
1560.0,tag-0001,anchor-01,,,False,1.0,GRAZING,,,SIMULATED
1560.0,tag-0001,anchor-02,-87.91,32.09,True,1.0,GRAZING,,,SIMULATED
1560.0,tag-0001,anchor-03,,,False,1.0,GRAZING,,,SIMULATED
1560.0,tag-0001,anchor-04,-109.73,10.27,True,1.0,GRAZING,,,SIMULATED
1560.0,tag-0001,anchor-05,-73.77,46.23,True,1.0,GRAZING,,,SIMULATED
1560.0,tag-0001,anchor-06,-97.82,22.18,True,1.0,GRAZING,,,SIMULATED
1560.0,tag-0001,anchor-07,-122.53,-2.53,True,1.0,GRAZING,,,SIMULATED
1560.0,tag-0001,anchor-08,-105.49,14.51,True,1.0,GRAZING,,,SIMULATED
1560.0,tag-0002,anchor-01,-105.01,14.99,True,1.0,WALKING,,,SIMULATED
1560.0,tag-0002,anchor-02,-120.72,-0.72,True,1.0,WALKING,,,SIMULATED
1560.0,tag-0002,anchor-03,,,False,1.0,WALKING,,,SIMULATED
1560.0,tag-0002,anchor-04,-97.88,22.12,True,1.0,WALKING,,,SIMULATED
1560.0,tag-0002,anchor-05,-106.32,13.68,True,1.0,WALKING,,,SIMULATED
1560.0,tag-0002,anchor-06,-126.5,-6.5,True,1.0,WALKING,,,SIMULATED
1560.0,tag-0002,anchor-07,-113.61,6.39,True,1.0,WALKING,,,SIMULATED
1560.0,tag-0002,anchor-08,-102.31,17.69,True,1.0,WALKING,,,SIMULATED
1560.0,tag-0003,anchor-01,-96.75,23.25,True,1.0,GRAZING,,,SIMULATED
1560.0,tag-0003,anchor-02,-97.05,22.95,True,1.0,GRAZING,,,SIMULATED
1560.0,tag-0003,anchor-03,,,False,1.0,GRAZING,,,SIMULATED
1560.0,tag-0003,anchor-04,-107.07,12.93,True,1.0,GRAZING,,,SIMULATED
1560.0,tag-0003,anchor-05,-80.76,39.24,True,1.0,GRAZING,,,SIMULATED
1560.0,tag-0003,anchor-06,-105.64,14.36,True,1.0,GRAZING,,,SIMULATED
1560.0,tag-0003,anchor-07,-123.47,-3.47,True,1.0,GRAZING,,,SIMULATED
1560.0,tag-0003,anchor-08,-96.95,23.05,True,1.0,GRAZING,,,SIMULATED
1560.0,tag-0004,anchor-01,,,False,1.0211702248154233,GRAZING,,,SIMULATED
1560.0,tag-0004,anchor-02,-90.76,29.24,True,1.0211702248154233,GRAZING,,,SIMULATED
1560.0,tag-0004,anchor-03,-121.95,-1.95,True,1.0211702248154233,GRAZING,,,SIMULATED
1560.0,tag-0004,anchor-04,-103.73,16.27,True,1.0211702248154233,GRAZING,,,SIMULATED
1560.0,tag-0004,anchor-05,-75.69,44.31,True,1.0211702248154233,GRAZING,,,SIMULATED
1560.0,tag-0004,anchor-06,-100.03,19.97,True,1.0211702248154233,GRAZING,,,SIMULATED
1560.0,tag-0004,anchor-07,-126.14,-6.14,True,1.0211702248154233,GRAZING,,,SIMULATED
1560.0,tag-0004,anchor-08,-95.64,24.36,True,1.0211702248154233,GRAZING,,,SIMULATED
1560.0,tag-0005,anchor-01,-101.64,18.36,True,1.0,GRAZING,,,SIMULATED
1560.0,tag-0005,anchor-02,-88.23,31.77,True,1.0,GRAZING,,,SIMULATED
1560.0,tag-0005,anchor-03,-119.6,0.4,True,1.0,GRAZING,,,SIMULATED
1560.0,tag-0005,anchor-04,-115.5,4.5,True,1.0,GRAZING,,,SIMULATED
1560.0,tag-0005,anchor-05,-91.17,28.83,True,1.0,GRAZING,,,SIMULATED
1560.0,tag-0005,anchor-06,-90.62,29.38,True,1.0,GRAZING,,,SIMULATED
1560.0,tag-0005,anchor-07,-120.63,-0.63,True,1.0,GRAZING,,,SIMULATED
1560.0,tag-0005,anchor-08,-94.46,25.54,True,1.0,GRAZING,,,SIMULATED
1560.0,tag-0006,anchor-01,-90.69,29.31,True,1.0138656878518275,WALKING,,,SIMULATED
1560.0,tag-0006,anchor-02,-91.41,28.59,True,1.0138656878518275,WALKING,,,SIMULATED
1560.0,tag-0006,anchor-03,-106.3,13.7,True,1.0138656878518275,WALKING,,,SIMULATED
1560.0,tag-0006,anchor-04,-126.45,-6.45,True,1.0138656878518275,WALKING,,,SIMULATED
1560.0,tag-0006,anchor-05,-89.46,30.54,True,1.0138656878518275,WALKING,,,SIMULATED
1560.0,tag-0006,anchor-06,-104.74,15.26,True,1.0138656878518275,WALKING,,,SIMULATED
1560.0,tag-0006,anchor-07,-117.79,2.21,True,1.0138656878518275,WALKING,,,SIMULATED
1560.0,tag-0006,anchor-08,-104.2,15.8,True,1.0138656878518275,WALKING,,,SIMULATED
1560.0,tag-0007,anchor-01,-96.16,23.84,True,1.0161100487788743,GRAZING,,,SIMULATED
1560.0,tag-0007,anchor-02,-94.42,25.58,True,1.0161100487788743,GRAZING,,,SIMULATED
1560.0,tag-0007,anchor-03,,,False,1.0161100487788743,GRAZING,,,SIMULATED
1560.0,tag-0007,anchor-04,-99.63,20.37,True,1.0161100487788743,GRAZING,,,SIMULATED
1560.0,tag-0007,anchor-05,-89.32,30.68,True,1.0161100487788743,GRAZING,,,SIMULATED
1560.0,tag-0007,anchor-06,-101.42,18.58,True,1.0161100487788743,GRAZING,,,SIMULATED
1560.0,tag-0007,anchor-07,-94.99,25.01,True,1.0161100487788743,GRAZING,,,SIMULATED
1560.0,tag-0007,anchor-08,-100.49,19.51,True,1.0161100487788743,GRAZING,,,SIMULATED
1560.0,tag-0008,anchor-01,-104.29,15.71,True,1.0081558328426472,GRAZING,,,SIMULATED
1560.0,tag-0008,anchor-02,-93.35,26.65,True,1.0081558328426472,GRAZING,,,SIMULATED
1560.0,tag-0008,anchor-03,,,False,1.0081558328426472,GRAZING,,,SIMULATED
1560.0,tag-0008,anchor-04,-103.5,16.5,True,1.0081558328426472,GRAZING,,,SIMULATED
1560.0,tag-0008,anchor-05,-87.73,32.27,True,1.0081558328426472,GRAZING,,,SIMULATED
1560.0,tag-0008,anchor-06,-115.36,4.64,True,1.0081558328426472,GRAZING,,,SIMULATED
1560.0,tag-0008,anchor-07,-95.81,24.19,True,1.0081558328426472,GRAZING,,,SIMULATED
1560.0,tag-0008,anchor-08,-89.77,30.23,True,1.0081558328426472,GRAZING,,,SIMULATED
1560.0,tag-0009,anchor-01,-100.12,19.88,True,1.0103744859709691,GRAZING,,,SIMULATED
1560.0,tag-0009,anchor-02,-95.76,24.24,True,1.0103744859709691,GRAZING,,,SIMULATED
1560.0,tag-0009,anchor-03,,,False,1.0103744859709691,GRAZING,,,SIMULATED
1560.0,tag-0009,anchor-04,-103.89,16.11,True,1.0103744859709691,GRAZING,,,SIMULATED
1560.0,tag-0009,anchor-05,-87.72,32.28,True,1.0103744859709691,GRAZING,,,SIMULATED
1560.0,tag-0009,anchor-06,-121.15,-1.15,True,1.0103744859709691,GRAZING,,,SIMULATED
1560.0,tag-0009,anchor-07,,,False,1.0103744859709691,GRAZING,,,SIMULATED
1560.0,tag-0009,anchor-08,-95.93,24.07,True,1.0103744859709691,GRAZING,,,SIMULATED
1560.0,tag-0010,anchor-01,-87.36,32.64,True,1.0,GRAZING,,,SIMULATED
1560.0,tag-0010,anchor-02,-98.14,21.86,True,1.0,GRAZING,,,SIMULATED
1560.0,tag-0010,anchor-03,,,False,1.0,GRAZING,,,SIMULATED
1560.0,tag-0010,anchor-04,-111.02,8.98,True,1.0,GRAZING,,,SIMULATED
1560.0,tag-0010,anchor-05,-77.35,42.65,True,1.0,GRAZING,,,SIMULATED
1560.0,tag-0010,anchor-06,,,False,1.0,GRAZING,,,SIMULATED
1560.0,tag-0010,anchor-07,-94.6,25.4,True,1.0,GRAZING,,,SIMULATED
1560.0,tag-0010,anchor-08,,,False,1.0,GRAZING,,,SIMULATED
1560.0,tag-0011,anchor-01,-97.65,22.35,True,1.0,RESTING,,,SIMULATED
1560.0,tag-0011,anchor-02,,,False,1.0,RESTING,,,SIMULATED
1560.0,tag-0011,anchor-03,,,False,1.0,RESTING,,,SIMULATED
1560.0,tag-0011,anchor-04,-104.27,15.73,True,1.0,RESTING,,,SIMULATED
1560.0,tag-0011,anchor-05,-86.42,33.58,True,1.0,RESTING,,,SIMULATED
1560.0,tag-0011,anchor-06,-124.65,-4.65,True,1.0,RESTING,,,SIMULATED
1560.0,tag-0011,anchor-07,-101.51,18.49,True,1.0,RESTING,,,SIMULATED
1560.0,tag-0011,anchor-08,,,False,1.0,RESTING,,,SIMULATED
1560.0,tag-0012,anchor-01,,,False,1.0039746453769065,WALKING,,,SIMULATED
1560.0,tag-0012,anchor-02,,,False,1.0039746453769065,WALKING,,,SIMULATED
1560.0,tag-0012,anchor-03,-100.27,19.73,True,1.0039746453769065,WALKING,,,SIMULATED
1560.0,tag-0012,anchor-04,,,False,1.0039746453769065,WALKING,,,SIMULATED
1560.0,tag-0012,anchor-05,-80.99,39.01,True,1.0039746453769065,WALKING,,,SIMULATED
1560.0,tag-0012,anchor-06,-100.67,19.33,True,1.0039746453769065,WALKING,,,SIMULATED
1560.0,tag-0012,anchor-07,,,False,1.0039746453769065,WALKING,,,SIMULATED
1560.0,tag-0012,anchor-08,-100.8,19.2,True,1.0039746453769065,WALKING,,,SIMULATED
1560.0,tag-0013,anchor-01,-104.07,15.93,True,1.0062702020778065,GRAZING,,,SIMULATED
1560.0,tag-0013,anchor-02,-92.79,27.21,True,1.0062702020778065,GRAZING,,,SIMULATED
1560.0,tag-0013,anchor-03,,,False,1.0062702020778065,GRAZING,,,SIMULATED
1560.0,tag-0013,anchor-04,-100.31,19.69,True,1.0062702020778065,GRAZING,,,SIMULATED
1560.0,tag-0013,anchor-05,-82.13,37.87,True,1.0062702020778065,GRAZING,,,SIMULATED
1560.0,tag-0013,anchor-06,,,False,1.0062702020778065,GRAZING,,,SIMULATED
1560.0,tag-0013,anchor-07,-96.22,23.78,True,1.0062702020778065,GRAZING,,,SIMULATED
1560.0,tag-0013,anchor-08,-88.84,31.16,True,1.0062702020778065,GRAZING,,,SIMULATED
1560.0,tag-0014,anchor-01,-98.12,21.88,True,1.0112619337748576,GRAZING,,,SIMULATED
1560.0,tag-0014,anchor-02,-90.39,29.61,True,1.0112619337748576,GRAZING,,,SIMULATED
1560.0,tag-0014,anchor-03,-103.01,16.99,True,1.0112619337748576,GRAZING,,,SIMULATED
1560.0,tag-0014,anchor-04,,,False,1.0112619337748576,GRAZING,,,SIMULATED
1560.0,tag-0014,anchor-05,-86.86,33.14,True,1.0112619337748576,GRAZING,,,SIMULATED
1560.0,tag-0014,anchor-06,-91.98,28.02,True,1.0112619337748576,GRAZING,,,SIMULATED
1560.0,tag-0014,anchor-07,-95.51,24.49,True,1.0112619337748576,GRAZING,,,SIMULATED
1560.0,tag-0014,anchor-08,-126.22,-6.22,True,1.0112619337748576,GRAZING,,,SIMULATED
1560.0,tag-0015,anchor-01,-107.38,12.62,True,1.0,WALKING,,,SIMULATED
1560.0,tag-0015,anchor-02,-104.63,15.37,True,1.0,WALKING,,,SIMULATED
1560.0,tag-0015,anchor-03,-126.12,-6.12,True,1.0,WALKING,,,SIMULATED
1560.0,tag-0015,anchor-04,-126.14,-6.14,True,1.0,WALKING,,,SIMULATED
1560.0,tag-0015,anchor-05,-89.25,30.75,True,1.0,WALKING,,,SIMULATED
1560.0,tag-0015,anchor-06,-93.79,26.21,True,1.0,WALKING,,,SIMULATED
1560.0,tag-0015,anchor-07,-114.37,5.63,True,1.0,WALKING,,,SIMULATED
1560.0,tag-0015,anchor-08,-102.8,17.2,True,1.0,WALKING,,,SIMULATED
1560.0,tag-0016,anchor-01,-94.61,25.39,True,1.0,GRAZING,,,SIMULATED
1560.0,tag-0016,anchor-02,-90.14,29.86,True,1.0,GRAZING,,,SIMULATED
1560.0,tag-0016,anchor-03,-121.49,-1.49,True,1.0,GRAZING,,,SIMULATED
1560.0,tag-0016,anchor-04,-103.98,16.02,True,1.0,GRAZING,,,SIMULATED
1560.0,tag-0016,anchor-05,-77.59,42.41,True,1.0,GRAZING,,,SIMULATED
1560.0,tag-0016,anchor-06,-96.86,23.14,True,1.0,GRAZING,,,SIMULATED
1560.0,tag-0016,anchor-07,-117.42,2.58,True,1.0,GRAZING,,,SIMULATED
1560.0,tag-0016,anchor-08,-94.94,25.06,True,1.0,GRAZING,,,SIMULATED
1560.0,tag-0017,anchor-01,-95.07,24.93,True,1.0,GRAZING,,,SIMULATED
1560.0,tag-0017,anchor-02,,,False,1.0,GRAZING,,,SIMULATED
1560.0,tag-0017,anchor-03,,,False,1.0,GRAZING,,,SIMULATED
1560.0,tag-0017,anchor-04,-102.37,17.63,True,1.0,GRAZING,,,SIMULATED
1560.0,tag-0017,anchor-05,-86.5,33.5,True,1.0,GRAZING,,,SIMULATED
1560.0,tag-0017,anchor-06,-107.71,12.29,True,1.0,GRAZING,,,SIMULATED
1560.0,tag-0017,anchor-07,-94.51,25.49,True,1.0,GRAZING,,,SIMULATED
1560.0,tag-0017,anchor-08,-94.52,25.48,True,1.0,GRAZING,,,SIMULATED
1560.0,tag-0018,anchor-01,-86.99,33.01,True,1.0285790947386602,WALKING,,,SIMULATED
1560.0,tag-0018,anchor-02,-98.21,21.79,True,1.0285790947386602,WALKING,,,SIMULATED
1560.0,tag-0018,anchor-03,,,False,1.0285790947386602,WALKING,,,SIMULATED
1560.0,tag-0018,anchor-04,-106.82,13.18,True,1.0285790947386602,WALKING,,,SIMULATED
1560.0,tag-0018,anchor-05,-84.0,36.0,True,1.0285790947386602,WALKING,,,SIMULATED
1560.0,tag-0018,anchor-06,-94.9,25.1,True,1.0285790947386602,WALKING,,,SIMULATED
1560.0,tag-0018,anchor-07,-126.69,-6.69,True,1.0285790947386602,WALKING,,,SIMULATED
1560.0,tag-0018,anchor-08,-99.52,20.48,True,1.0285790947386602,WALKING,,,SIMULATED
1560.0,tag-0019,anchor-01,-98.77,21.23,True,1.0,WALKING,,,SIMULATED
1560.0,tag-0019,anchor-02,-101.24,18.76,True,1.0,WALKING,,,SIMULATED
1560.0,tag-0019,anchor-03,-126.57,-6.57,True,1.0,WALKING,,,SIMULATED
1560.0,tag-0019,anchor-04,-110.39,9.61,True,1.0,WALKING,,,SIMULATED
1560.0,tag-0019,anchor-05,-92.39,27.61,True,1.0,WALKING,,,SIMULATED
1560.0,tag-0019,anchor-06,,,False,1.0,WALKING,,,SIMULATED
1560.0,tag-0019,anchor-07,-115.66,4.34,True,1.0,WALKING,,,SIMULATED
1560.0,tag-0019,anchor-08,-101.88,18.12,True,1.0,WALKING,,,SIMULATED
1560.0,tag-0020,anchor-01,-97.78,22.22,True,1.0,GRAZING,,,SIMULATED
1560.0,tag-0020,anchor-02,-96.44,23.56,True,1.0,GRAZING,,,SIMULATED
1560.0,tag-0020,anchor-03,-124.13,-4.13,True,1.0,GRAZING,,,SIMULATED
1560.0,tag-0020,anchor-04,-106.69,13.31,True,1.0,GRAZING,,,SIMULATED
1560.0,tag-0020,anchor-05,-90.37,29.63,True,1.0,GRAZING,,,SIMULATED
1560.0,tag-0020,anchor-06,-101.11,18.89,True,1.0,GRAZING,,,SIMULATED
1560.0,tag-0020,anchor-07,-95.36,24.64,True,1.0,GRAZING,,,SIMULATED
1560.0,tag-0020,anchor-08,-104.41,15.59,True,1.0,GRAZING,,,SIMULATED
1590.0,tag-0001,anchor-01,-92.85,27.15,True,1.0012941649251033,GRAZING,,,SIMULATED
1590.0,tag-0001,anchor-02,-91.45,28.55,True,1.0012941649251033,GRAZING,,,SIMULATED
1590.0,tag-0001,anchor-03,-123.07,-3.07,True,1.0012941649251033,GRAZING,,,SIMULATED
1590.0,tag-0001,anchor-04,-109.07,10.93,True,1.0012941649251033,GRAZING,,,SIMULATED
1590.0,tag-0001,anchor-05,-82.76,37.24,True,1.0012941649251033,GRAZING,,,SIMULATED
1590.0,tag-0001,anchor-06,-101.31,18.69,True,1.0012941649251033,GRAZING,,,SIMULATED
1590.0,tag-0001,anchor-07,,,False,1.0012941649251033,GRAZING,,,SIMULATED
1590.0,tag-0001,anchor-08,-103.11,16.89,True,1.0012941649251033,GRAZING,,,SIMULATED
1590.0,tag-0002,anchor-01,-105.19,14.81,True,1.00601787658859,WALKING,,,SIMULATED
1590.0,tag-0002,anchor-02,-121.15,-1.15,True,1.00601787658859,WALKING,,,SIMULATED
1590.0,tag-0002,anchor-03,,,False,1.00601787658859,WALKING,,,SIMULATED
1590.0,tag-0002,anchor-04,-102.08,17.92,True,1.00601787658859,WALKING,,,SIMULATED
1590.0,tag-0002,anchor-05,-106.83,13.17,True,1.00601787658859,WALKING,,,SIMULATED
1590.0,tag-0002,anchor-06,-124.52,-4.52,True,1.00601787658859,WALKING,,,SIMULATED
1590.0,tag-0002,anchor-07,-118.22,1.78,True,1.00601787658859,WALKING,,,SIMULATED
1590.0,tag-0002,anchor-08,-101.3,18.7,True,1.00601787658859,WALKING,,,SIMULATED
1590.0,tag-0003,anchor-01,-94.85,25.15,True,1.0064037613896524,GRAZING,,,SIMULATED
1590.0,tag-0003,anchor-02,-100.45,19.55,True,1.0064037613896524,GRAZING,,,SIMULATED
1590.0,tag-0003,anchor-03,,,False,1.0064037613896524,GRAZING,,,SIMULATED
1590.0,tag-0003,anchor-04,-108.71,11.29,True,1.0064037613896524,GRAZING,,,SIMULATED
1590.0,tag-0003,anchor-05,-80.01,39.99,True,1.0064037613896524,GRAZING,,,SIMULATED
1590.0,tag-0003,anchor-06,-104.45,15.55,True,1.0064037613896524,GRAZING,,,SIMULATED
1590.0,tag-0003,anchor-07,-122.51,-2.51,True,1.0064037613896524,GRAZING,,,SIMULATED
1590.0,tag-0003,anchor-08,-99.23,20.77,True,1.0064037613896524,GRAZING,,,SIMULATED
1590.0,tag-0004,anchor-01,-92.66,27.34,True,1.0,GRAZING,,,SIMULATED
1590.0,tag-0004,anchor-02,-97.84,22.16,True,1.0,GRAZING,,,SIMULATED
1590.0,tag-0004,anchor-03,,,False,1.0,GRAZING,,,SIMULATED
1590.0,tag-0004,anchor-04,-104.07,15.93,True,1.0,GRAZING,,,SIMULATED
1590.0,tag-0004,anchor-05,,,False,1.0,GRAZING,,,SIMULATED
1590.0,tag-0004,anchor-06,,,False,1.0,GRAZING,,,SIMULATED
1590.0,tag-0004,anchor-07,-120.17,-0.17,True,1.0,GRAZING,,,SIMULATED
1590.0,tag-0004,anchor-08,,,False,1.0,GRAZING,,,SIMULATED
1590.0,tag-0005,anchor-01,-104.78,15.22,True,1.0,GRAZING,,,SIMULATED
1590.0,tag-0005,anchor-02,-88.0,32.0,True,1.0,GRAZING,,,SIMULATED
1590.0,tag-0005,anchor-03,-121.22,-1.22,True,1.0,GRAZING,,,SIMULATED
1590.0,tag-0005,anchor-04,-110.39,9.61,True,1.0,GRAZING,,,SIMULATED
1590.0,tag-0005,anchor-05,-89.4,30.6,True,1.0,GRAZING,,,SIMULATED
1590.0,tag-0005,anchor-06,-88.55,31.45,True,1.0,GRAZING,,,SIMULATED
1590.0,tag-0005,anchor-07,-120.43,-0.43,True,1.0,GRAZING,,,SIMULATED
1590.0,tag-0005,anchor-08,-97.51,22.49,True,1.0,GRAZING,,,SIMULATED
1590.0,tag-0006,anchor-01,-96.62,23.38,True,1.0,WALKING,,,SIMULATED
1590.0,tag-0006,anchor-02,-95.3,24.7,True,1.0,WALKING,,,SIMULATED
1590.0,tag-0006,anchor-03,-92.66,27.34,True,1.0,WALKING,,,SIMULATED
1590.0,tag-0006,anchor-04,-124.47,-4.47,True,1.0,WALKING,,,SIMULATED
1590.0,tag-0006,anchor-05,-88.51,31.49,True,1.0,WALKING,,,SIMULATED
1590.0,tag-0006,anchor-06,-101.69,18.31,True,1.0,WALKING,,,SIMULATED
1590.0,tag-0006,anchor-07,-117.08,2.92,True,1.0,WALKING,,,SIMULATED
1590.0,tag-0006,anchor-08,-100.22,19.78,True,1.0,WALKING,,,SIMULATED
1590.0,tag-0007,anchor-01,-93.49,26.51,True,1.0,GRAZING,,,SIMULATED
1590.0,tag-0007,anchor-02,-91.61,28.39,True,1.0,GRAZING,,,SIMULATED
1590.0,tag-0007,anchor-03,,,False,1.0,GRAZING,,,SIMULATED
1590.0,tag-0007,anchor-04,-110.78,9.22,True,1.0,GRAZING,,,SIMULATED
1590.0,tag-0007,anchor-05,-81.55,38.45,True,1.0,GRAZING,,,SIMULATED
1590.0,tag-0007,anchor-06,,,False,1.0,GRAZING,,,SIMULATED
1590.0,tag-0007,anchor-07,-91.57,28.43,True,1.0,GRAZING,,,SIMULATED
1590.0,tag-0007,anchor-08,-100.13,19.87,True,1.0,GRAZING,,,SIMULATED
1590.0,tag-0008,anchor-01,-102.49,17.51,True,1.0,GRAZING,,,SIMULATED
1590.0,tag-0008,anchor-02,-92.33,27.67,True,1.0,GRAZING,,,SIMULATED
1590.0,tag-0008,anchor-03,,,False,1.0,GRAZING,,,SIMULATED
1590.0,tag-0008,anchor-04,-94.99,25.01,True,1.0,GRAZING,,,SIMULATED
1590.0,tag-0008,anchor-05,-84.38,35.62,True,1.0,GRAZING,,,SIMULATED
1590.0,tag-0008,anchor-06,,,False,1.0,GRAZING,,,SIMULATED
1590.0,tag-0008,anchor-07,-98.45,21.55,True,1.0,GRAZING,,,SIMULATED
1590.0,tag-0008,anchor-08,-87.05,32.95,True,1.0,GRAZING,,,SIMULATED
1590.0,tag-0009,anchor-01,-97.21,22.79,True,1.0,GRAZING,,,SIMULATED
1590.0,tag-0009,anchor-02,-92.33,27.67,True,1.0,GRAZING,,,SIMULATED
1590.0,tag-0009,anchor-03,,,False,1.0,GRAZING,,,SIMULATED
1590.0,tag-0009,anchor-04,-104.53,15.47,True,1.0,GRAZING,,,SIMULATED
1590.0,tag-0009,anchor-05,-84.29,35.71,True,1.0,GRAZING,,,SIMULATED
1590.0,tag-0009,anchor-06,-124.74,-4.74,True,1.0,GRAZING,,,SIMULATED
1590.0,tag-0009,anchor-07,-123.9,-3.9,True,1.0,GRAZING,,,SIMULATED
1590.0,tag-0009,anchor-08,-89.51,30.49,True,1.0,GRAZING,,,SIMULATED
1590.0,tag-0010,anchor-01,-94.79,25.21,True,1.0,GRAZING,,,SIMULATED
1590.0,tag-0010,anchor-02,-95.72,24.28,True,1.0,GRAZING,,,SIMULATED
1590.0,tag-0010,anchor-03,,,False,1.0,GRAZING,,,SIMULATED
1590.0,tag-0010,anchor-04,-101.86,18.14,True,1.0,GRAZING,,,SIMULATED
1590.0,tag-0010,anchor-05,-79.31,40.69,True,1.0,GRAZING,,,SIMULATED
1590.0,tag-0010,anchor-06,,,False,1.0,GRAZING,,,SIMULATED
1590.0,tag-0010,anchor-07,-103.31,16.69,True,1.0,GRAZING,,,SIMULATED
1590.0,tag-0010,anchor-08,-99.48,20.52,True,1.0,GRAZING,,,SIMULATED
1590.0,tag-0011,anchor-01,-98.86,21.14,True,1.0,RESTING,,,SIMULATED
1590.0,tag-0011,anchor-02,-91.83,28.17,True,1.0,RESTING,,,SIMULATED
1590.0,tag-0011,anchor-03,,,False,1.0,RESTING,,,SIMULATED
1590.0,tag-0011,anchor-04,-102.05,17.95,True,1.0,RESTING,,,SIMULATED
1590.0,tag-0011,anchor-05,,,False,1.0,RESTING,,,SIMULATED
1590.0,tag-0011,anchor-06,,,False,1.0,RESTING,,,SIMULATED
1590.0,tag-0011,anchor-07,-107.79,12.21,True,1.0,RESTING,,,SIMULATED
1590.0,tag-0011,anchor-08,-102.17,17.83,True,1.0,RESTING,,,SIMULATED
1590.0,tag-0012,anchor-01,-100.37,19.63,True,1.0,WALKING,,,SIMULATED
1590.0,tag-0012,anchor-02,-96.86,23.14,True,1.0,WALKING,,,SIMULATED
1590.0,tag-0012,anchor-03,-101.0,19.0,True,1.0,WALKING,,,SIMULATED
1590.0,tag-0012,anchor-04,,,False,1.0,WALKING,,,SIMULATED
1590.0,tag-0012,anchor-05,-84.74,35.26,True,1.0,WALKING,,,SIMULATED
1590.0,tag-0012,anchor-06,-102.52,17.48,True,1.0,WALKING,,,SIMULATED
1590.0,tag-0012,anchor-07,-118.91,1.09,True,1.0,WALKING,,,SIMULATED
1590.0,tag-0012,anchor-08,-102.21,17.79,True,1.0,WALKING,,,SIMULATED
1590.0,tag-0013,anchor-01,-104.13,15.87,True,1.0,GRAZING,,,SIMULATED
1590.0,tag-0013,anchor-02,-97.17,22.83,True,1.0,GRAZING,,,SIMULATED
1590.0,tag-0013,anchor-03,,,False,1.0,GRAZING,,,SIMULATED
1590.0,tag-0013,anchor-04,-101.77,18.23,True,1.0,GRAZING,,,SIMULATED
1590.0,tag-0013,anchor-05,-80.04,39.96,True,1.0,GRAZING,,,SIMULATED
1590.0,tag-0013,anchor-06,,,False,1.0,GRAZING,,,SIMULATED
1590.0,tag-0013,anchor-07,-96.01,23.99,True,1.0,GRAZING,,,SIMULATED
1590.0,tag-0013,anchor-08,-88.37,31.63,True,1.0,GRAZING,,,SIMULATED
1590.0,tag-0014,anchor-01,-94.51,25.49,True,1.0,GRAZING,,,SIMULATED
1590.0,tag-0014,anchor-02,-93.1,26.9,True,1.0,GRAZING,,,SIMULATED
1590.0,tag-0014,anchor-03,-99.04,20.96,True,1.0,GRAZING,,,SIMULATED
1590.0,tag-0014,anchor-04,,,False,1.0,GRAZING,,,SIMULATED
1590.0,tag-0014,anchor-05,-81.92,38.08,True,1.0,GRAZING,,,SIMULATED
1590.0,tag-0014,anchor-06,-93.68,26.32,True,1.0,GRAZING,,,SIMULATED
1590.0,tag-0014,anchor-07,-99.24,20.76,True,1.0,GRAZING,,,SIMULATED
1590.0,tag-0014,anchor-08,,,False,1.0,GRAZING,,,SIMULATED
1590.0,tag-0015,anchor-01,-105.54,14.46,True,1.002812421989595,WALKING,,,SIMULATED
1590.0,tag-0015,anchor-02,-105.79,14.21,True,1.002812421989595,WALKING,,,SIMULATED
1590.0,tag-0015,anchor-03,-100.69,19.31,True,1.002812421989595,WALKING,,,SIMULATED
1590.0,tag-0015,anchor-04,,,False,1.002812421989595,WALKING,,,SIMULATED
1590.0,tag-0015,anchor-05,-96.03,23.97,True,1.002812421989595,WALKING,,,SIMULATED
1590.0,tag-0015,anchor-06,-97.66,22.34,True,1.002812421989595,WALKING,,,SIMULATED
1590.0,tag-0015,anchor-07,-123.68,-3.68,True,1.002812421989595,WALKING,,,SIMULATED
1590.0,tag-0015,anchor-08,-101.67,18.33,True,1.002812421989595,WALKING,,,SIMULATED
1590.0,tag-0016,anchor-01,-97.96,22.04,True,1.0,GRAZING,,,SIMULATED
1590.0,tag-0016,anchor-02,-89.78,30.22,True,1.0,GRAZING,,,SIMULATED
1590.0,tag-0016,anchor-03,-120.91,-0.91,True,1.0,GRAZING,,,SIMULATED
1590.0,tag-0016,anchor-04,-109.59,10.41,True,1.0,GRAZING,,,SIMULATED
1590.0,tag-0016,anchor-05,-81.25,38.75,True,1.0,GRAZING,,,SIMULATED
1590.0,tag-0016,anchor-06,-102.74,17.26,True,1.0,GRAZING,,,SIMULATED
1590.0,tag-0016,anchor-07,-117.22,2.78,True,1.0,GRAZING,,,SIMULATED
1590.0,tag-0016,anchor-08,-91.03,28.97,True,1.0,GRAZING,,,SIMULATED
1590.0,tag-0017,anchor-01,-87.64,32.36,True,1.00605781994917,GRAZING,,,SIMULATED
1590.0,tag-0017,anchor-02,-96.44,23.56,True,1.00605781994917,GRAZING,,,SIMULATED
1590.0,tag-0017,anchor-03,,,False,1.00605781994917,GRAZING,,,SIMULATED
1590.0,tag-0017,anchor-04,-101.45,18.55,True,1.00605781994917,GRAZING,,,SIMULATED
1590.0,tag-0017,anchor-05,-84.53,35.47,True,1.00605781994917,GRAZING,,,SIMULATED
1590.0,tag-0017,anchor-06,-99.93,20.07,True,1.00605781994917,GRAZING,,,SIMULATED
1590.0,tag-0017,anchor-07,-94.82,25.18,True,1.00605781994917,GRAZING,,,SIMULATED
1590.0,tag-0017,anchor-08,-94.2,25.8,True,1.00605781994917,GRAZING,,,SIMULATED
1590.0,tag-0018,anchor-01,-82.67,37.33,True,1.0,WALKING,,,SIMULATED
1590.0,tag-0018,anchor-02,-96.33,23.67,True,1.0,WALKING,,,SIMULATED
1590.0,tag-0018,anchor-03,,,False,1.0,WALKING,,,SIMULATED
1590.0,tag-0018,anchor-04,-99.74,20.26,True,1.0,WALKING,,,SIMULATED
1590.0,tag-0018,anchor-05,-85.88,34.12,True,1.0,WALKING,,,SIMULATED
1590.0,tag-0018,anchor-06,-96.81,23.19,True,1.0,WALKING,,,SIMULATED
1590.0,tag-0018,anchor-07,-119.1,0.9,True,1.0,WALKING,,,SIMULATED
1590.0,tag-0018,anchor-08,-102.48,17.52,True,1.0,WALKING,,,SIMULATED
1590.0,tag-0019,anchor-01,-101.33,18.67,True,1.0,WALKING,,,SIMULATED
1590.0,tag-0019,anchor-02,-102.21,17.79,True,1.0,WALKING,,,SIMULATED
1590.0,tag-0019,anchor-03,,,False,1.0,WALKING,,,SIMULATED
1590.0,tag-0019,anchor-04,-109.84,10.16,True,1.0,WALKING,,,SIMULATED
1590.0,tag-0019,anchor-05,-98.86,21.14,True,1.0,WALKING,,,SIMULATED
1590.0,tag-0019,anchor-06,,,False,1.0,WALKING,,,SIMULATED
1590.0,tag-0019,anchor-07,-121.8,-1.8,True,1.0,WALKING,,,SIMULATED
1590.0,tag-0019,anchor-08,-97.29,22.71,True,1.0,WALKING,,,SIMULATED
1590.0,tag-0020,anchor-01,-97.06,22.94,True,1.0036552755234784,GRAZING,,,SIMULATED
1590.0,tag-0020,anchor-02,-100.97,19.03,True,1.0036552755234784,GRAZING,,,SIMULATED
1590.0,tag-0020,anchor-03,-125.35,-5.35,True,1.0036552755234784,GRAZING,,,SIMULATED
1590.0,tag-0020,anchor-04,-111.08,8.92,True,1.0036552755234784,GRAZING,,,SIMULATED
1590.0,tag-0020,anchor-05,-89.1,30.9,True,1.0036552755234784,GRAZING,,,SIMULATED
1590.0,tag-0020,anchor-06,,,False,1.0036552755234784,GRAZING,,,SIMULATED
1590.0,tag-0020,anchor-07,-97.98,22.02,True,1.0036552755234784,GRAZING,,,SIMULATED
1590.0,tag-0020,anchor-08,-101.58,18.42,True,1.0036552755234784,GRAZING,,,SIMULATED
1620.0,tag-0001,anchor-01,-88.92,31.08,True,1.0031114180824245,GRAZING,,,SIMULATED
1620.0,tag-0001,anchor-02,-94.89,25.11,True,1.0031114180824245,GRAZING,,,SIMULATED
1620.0,tag-0001,anchor-03,,,False,1.0031114180824245,GRAZING,,,SIMULATED
1620.0,tag-0001,anchor-04,,,False,1.0031114180824245,GRAZING,,,SIMULATED
1620.0,tag-0001,anchor-05,-74.83,45.17,True,1.0031114180824245,GRAZING,,,SIMULATED
1620.0,tag-0001,anchor-06,-99.62,20.38,True,1.0031114180824245,GRAZING,,,SIMULATED
1620.0,tag-0001,anchor-07,-123.09,-3.09,True,1.0031114180824245,GRAZING,,,SIMULATED
1620.0,tag-0001,anchor-08,-101.26,18.74,True,1.0031114180824245,GRAZING,,,SIMULATED
1620.0,tag-0002,anchor-01,-101.02,18.98,True,1.0116719637580713,WALKING,,,SIMULATED
1620.0,tag-0002,anchor-02,,,False,1.0116719637580713,WALKING,,,SIMULATED
1620.0,tag-0002,anchor-03,,,False,1.0116719637580713,WALKING,,,SIMULATED
1620.0,tag-0002,anchor-04,-99.12,20.88,True,1.0116719637580713,WALKING,,,SIMULATED
1620.0,tag-0002,anchor-05,-88.47,31.53,True,1.0116719637580713,WALKING,,,SIMULATED
1620.0,tag-0002,anchor-06,-117.8,2.2,True,1.0116719637580713,WALKING,,,SIMULATED
1620.0,tag-0002,anchor-07,-117.55,2.45,True,1.0116719637580713,WALKING,,,SIMULATED
1620.0,tag-0002,anchor-08,-107.6,12.4,True,1.0116719637580713,WALKING,,,SIMULATED
1620.0,tag-0003,anchor-01,,,False,1.0,GRAZING,,,SIMULATED
1620.0,tag-0003,anchor-02,-92.34,27.66,True,1.0,GRAZING,,,SIMULATED
1620.0,tag-0003,anchor-03,,,False,1.0,GRAZING,,,SIMULATED
1620.0,tag-0003,anchor-04,-113.09,6.91,True,1.0,GRAZING,,,SIMULATED
1620.0,tag-0003,anchor-05,-86.26,33.74,True,1.0,GRAZING,,,SIMULATED
1620.0,tag-0003,anchor-06,-98.03,21.97,True,1.0,GRAZING,,,SIMULATED
1620.0,tag-0003,anchor-07,-122.07,-2.07,True,1.0,GRAZING,,,SIMULATED
1620.0,tag-0003,anchor-08,-98.91,21.09,True,1.0,GRAZING,,,SIMULATED
1620.0,tag-0004,anchor-01,-94.29,25.71,True,1.016804477140667,GRAZING,,,SIMULATED
1620.0,tag-0004,anchor-02,-95.27,24.73,True,1.016804477140667,GRAZING,,,SIMULATED
1620.0,tag-0004,anchor-03,,,False,1.016804477140667,GRAZING,,,SIMULATED
1620.0,tag-0004,anchor-04,-106.49,13.51,True,1.016804477140667,GRAZING,,,SIMULATED
1620.0,tag-0004,anchor-05,-80.57,39.43,True,1.016804477140667,GRAZING,,,SIMULATED
1620.0,tag-0004,anchor-06,-98.64,21.36,True,1.016804477140667,GRAZING,,,SIMULATED
1620.0,tag-0004,anchor-07,,,False,1.016804477140667,GRAZING,,,SIMULATED
1620.0,tag-0004,anchor-08,-106.41,13.59,True,1.016804477140667,GRAZING,,,SIMULATED
1620.0,tag-0005,anchor-01,-100.6,19.4,True,1.0017800687868121,GRAZING,,,SIMULATED
1620.0,tag-0005,anchor-02,-93.71,26.29,True,1.0017800687868121,GRAZING,,,SIMULATED
1620.0,tag-0005,anchor-03,,,False,1.0017800687868121,GRAZING,,,SIMULATED
1620.0,tag-0005,anchor-04,-112.76,7.24,True,1.0017800687868121,GRAZING,,,SIMULATED
1620.0,tag-0005,anchor-05,-82.26,37.74,True,1.0017800687868121,GRAZING,,,SIMULATED
1620.0,tag-0005,anchor-06,-95.77,24.23,True,1.0017800687868121,GRAZING,,,SIMULATED
1620.0,tag-0005,anchor-07,-118.8,1.2,True,1.0017800687868121,GRAZING,,,SIMULATED
1620.0,tag-0005,anchor-08,-98.08,21.92,True,1.0017800687868121,GRAZING,,,SIMULATED
1620.0,tag-0006,anchor-01,-93.77,26.23,True,1.0113437586772391,WALKING,,,SIMULATED
1620.0,tag-0006,anchor-02,-94.99,25.01,True,1.0113437586772391,WALKING,,,SIMULATED
1620.0,tag-0006,anchor-03,-96.12,23.88,True,1.0113437586772391,WALKING,,,SIMULATED
1620.0,tag-0006,anchor-04,,,False,1.0113437586772391,WALKING,,,SIMULATED
1620.0,tag-0006,anchor-05,-86.82,33.18,True,1.0113437586772391,WALKING,,,SIMULATED
1620.0,tag-0006,anchor-06,-107.61,12.39,True,1.0113437586772391,WALKING,,,SIMULATED
1620.0,tag-0006,anchor-07,-92.43,27.57,True,1.0113437586772391,WALKING,,,SIMULATED
1620.0,tag-0006,anchor-08,-105.71,14.29,True,1.0113437586772391,WALKING,,,SIMULATED
1620.0,tag-0007,anchor-01,-96.16,23.84,True,1.0022258422416281,GRAZING,,,SIMULATED
1620.0,tag-0007,anchor-02,-97.55,22.45,True,1.0022258422416281,GRAZING,,,SIMULATED
1620.0,tag-0007,anchor-03,,,False,1.0022258422416281,GRAZING,,,SIMULATED
1620.0,tag-0007,anchor-04,,,False,1.0022258422416281,GRAZING,,,SIMULATED
1620.0,tag-0007,anchor-05,-86.47,33.53,True,1.0022258422416281,GRAZING,,,SIMULATED
1620.0,tag-0007,anchor-06,-101.29,18.71,True,1.0022258422416281,GRAZING,,,SIMULATED
1620.0,tag-0007,anchor-07,-94.81,25.19,True,1.0022258422416281,GRAZING,,,SIMULATED
1620.0,tag-0007,anchor-08,-103.4,16.6,True,1.0022258422416281,GRAZING,,,SIMULATED
1620.0,tag-0008,anchor-01,-106.86,13.14,True,1.0,GRAZING,,,SIMULATED
1620.0,tag-0008,anchor-02,-92.64,27.36,True,1.0,GRAZING,,,SIMULATED
1620.0,tag-0008,anchor-03,,,False,1.0,GRAZING,,,SIMULATED
1620.0,tag-0008,anchor-04,-100.66,19.34,True,1.0,GRAZING,,,SIMULATED
1620.0,tag-0008,anchor-05,,,False,1.0,GRAZING,,,SIMULATED
1620.0,tag-0008,anchor-06,-119.66,0.34,True,1.0,GRAZING,,,SIMULATED
1620.0,tag-0008,anchor-07,-94.73,25.27,True,1.0,GRAZING,,,SIMULATED
1620.0,tag-0008,anchor-08,-87.43,32.57,True,1.0,GRAZING,,,SIMULATED
1620.0,tag-0009,anchor-01,-97.26,22.74,True,1.0,GRAZING,,,SIMULATED
1620.0,tag-0009,anchor-02,-92.96,27.04,True,1.0,GRAZING,,,SIMULATED
1620.0,tag-0009,anchor-03,,,False,1.0,GRAZING,,,SIMULATED
1620.0,tag-0009,anchor-04,-103.42,16.58,True,1.0,GRAZING,,,SIMULATED
1620.0,tag-0009,anchor-05,-86.72,33.28,True,1.0,GRAZING,,,SIMULATED
1620.0,tag-0009,anchor-06,-124.18,-4.18,True,1.0,GRAZING,,,SIMULATED
1620.0,tag-0009,anchor-07,-116.46,3.54,True,1.0,GRAZING,,,SIMULATED
1620.0,tag-0009,anchor-08,-88.61,31.39,True,1.0,GRAZING,,,SIMULATED
1620.0,tag-0010,anchor-01,-91.03,28.97,True,1.0480375751541504,GRAZING,,,SIMULATED
1620.0,tag-0010,anchor-02,-93.52,26.48,True,1.0480375751541504,GRAZING,,,SIMULATED
1620.0,tag-0010,anchor-03,,,False,1.0480375751541504,GRAZING,,,SIMULATED
1620.0,tag-0010,anchor-04,,,False,1.0480375751541504,GRAZING,,,SIMULATED
1620.0,tag-0010,anchor-05,-84.26,35.74,True,1.0480375751541504,GRAZING,,,SIMULATED
1620.0,tag-0010,anchor-06,-126.21,-6.21,True,1.0480375751541504,GRAZING,,,SIMULATED
1620.0,tag-0010,anchor-07,-94.84,25.16,True,1.0480375751541504,GRAZING,,,SIMULATED
1620.0,tag-0010,anchor-08,-91.14,28.86,True,1.0480375751541504,GRAZING,,,SIMULATED
1620.0,tag-0011,anchor-01,-101.25,18.75,True,1.0040560128340785,RESTING,,,SIMULATED
1620.0,tag-0011,anchor-02,,,False,1.0040560128340785,RESTING,,,SIMULATED
1620.0,tag-0011,anchor-03,,,False,1.0040560128340785,RESTING,,,SIMULATED
1620.0,tag-0011,anchor-04,-101.9,18.1,True,1.0040560128340785,RESTING,,,SIMULATED
1620.0,tag-0011,anchor-05,-88.71,31.29,True,1.0040560128340785,RESTING,,,SIMULATED
1620.0,tag-0011,anchor-06,,,False,1.0040560128340785,RESTING,,,SIMULATED
1620.0,tag-0011,anchor-07,-103.0,17.0,True,1.0040560128340785,RESTING,,,SIMULATED
1620.0,tag-0011,anchor-08,-102.88,17.12,True,1.0040560128340785,RESTING,,,SIMULATED
1620.0,tag-0012,anchor-01,-91.3,28.7,True,1.0199721408747326,WALKING,,,SIMULATED
1620.0,tag-0012,anchor-02,-91.45,28.55,True,1.0199721408747326,WALKING,,,SIMULATED
1620.0,tag-0012,anchor-03,-103.12,16.88,True,1.0199721408747326,WALKING,,,SIMULATED
1620.0,tag-0012,anchor-04,,,False,1.0199721408747326,WALKING,,,SIMULATED
1620.0,tag-0012,anchor-05,-83.47,36.53,True,1.0199721408747326,WALKING,,,SIMULATED
1620.0,tag-0012,anchor-06,-105.97,14.03,True,1.0199721408747326,WALKING,,,SIMULATED
1620.0,tag-0012,anchor-07,,,False,1.0199721408747326,WALKING,,,SIMULATED
1620.0,tag-0012,anchor-08,-98.08,21.92,True,1.0199721408747326,WALKING,,,SIMULATED
1620.0,tag-0013,anchor-01,-103.52,16.48,True,1.0179459424257324,GRAZING,,,SIMULATED
1620.0,tag-0013,anchor-02,-96.74,23.26,True,1.0179459424257324,GRAZING,,,SIMULATED
1620.0,tag-0013,anchor-03,,,False,1.0179459424257324,GRAZING,,,SIMULATED
1620.0,tag-0013,anchor-04,-110.01,9.99,True,1.0179459424257324,GRAZING,,,SIMULATED
1620.0,tag-0013,anchor-05,-83.21,36.79,True,1.0179459424257324,GRAZING,,,SIMULATED
1620.0,tag-0013,anchor-06,-126.69,-6.69,True,1.0179459424257324,GRAZING,,,SIMULATED
1620.0,tag-0013,anchor-07,-97.4,22.6,True,1.0179459424257324,GRAZING,,,SIMULATED
1620.0,tag-0013,anchor-08,-91.32,28.68,True,1.0179459424257324,GRAZING,,,SIMULATED
1620.0,tag-0014,anchor-01,-87.44,32.56,True,1.0261934235779224,GRAZING,,,SIMULATED
1620.0,tag-0014,anchor-02,-92.09,27.91,True,1.0261934235779224,GRAZING,,,SIMULATED
1620.0,tag-0014,anchor-03,-98.4,21.6,True,1.0261934235779224,GRAZING,,,SIMULATED
1620.0,tag-0014,anchor-04,,,False,1.0261934235779224,GRAZING,,,SIMULATED
1620.0,tag-0014,anchor-05,-85.04,34.96,True,1.0261934235779224,GRAZING,,,SIMULATED
1620.0,tag-0014,anchor-06,-91.82,28.18,True,1.0261934235779224,GRAZING,,,SIMULATED
1620.0,tag-0014,anchor-07,-100.15,19.85,True,1.0261934235779224,GRAZING,,,SIMULATED
1620.0,tag-0014,anchor-08,-119.64,0.36,True,1.0261934235779224,GRAZING,,,SIMULATED
1620.0,tag-0015,anchor-01,-98.68,21.32,True,1.0095244030544688,WALKING,,,SIMULATED
1620.0,tag-0015,anchor-02,-99.51,20.49,True,1.0095244030544688,WALKING,,,SIMULATED
1620.0,tag-0015,anchor-03,-106.73,13.27,True,1.0095244030544688,WALKING,,,SIMULATED
1620.0,tag-0015,anchor-04,,,False,1.0095244030544688,WALKING,,,SIMULATED
1620.0,tag-0015,anchor-05,-87.79,32.21,True,1.0095244030544688,WALKING,,,SIMULATED
1620.0,tag-0015,anchor-06,-96.94,23.06,True,1.0095244030544688,WALKING,,,SIMULATED
1620.0,tag-0015,anchor-07,-122.53,-2.53,True,1.0095244030544688,WALKING,,,SIMULATED
1620.0,tag-0015,anchor-08,-108.44,11.56,True,1.0095244030544688,WALKING,,,SIMULATED
1620.0,tag-0016,anchor-01,-95.14,24.86,True,1.0,GRAZING,,,SIMULATED
1620.0,tag-0016,anchor-02,-89.7,30.3,True,1.0,GRAZING,,,SIMULATED
1620.0,tag-0016,anchor-03,,,False,1.0,GRAZING,,,SIMULATED
1620.0,tag-0016,anchor-04,-108.11,11.89,True,1.0,GRAZING,,,SIMULATED
1620.0,tag-0016,anchor-05,-81.57,38.43,True,1.0,GRAZING,,,SIMULATED
1620.0,tag-0016,anchor-06,-100.73,19.27,True,1.0,GRAZING,,,SIMULATED
1620.0,tag-0016,anchor-07,-117.95,2.05,True,1.0,GRAZING,,,SIMULATED
1620.0,tag-0016,anchor-08,-94.34,25.66,True,1.0,GRAZING,,,SIMULATED
1620.0,tag-0017,anchor-01,-91.14,28.86,True,1.0039041764019703,RESTING,,,SIMULATED
1620.0,tag-0017,anchor-02,-90.73,29.27,True,1.0039041764019703,RESTING,,,SIMULATED
1620.0,tag-0017,anchor-03,,,False,1.0039041764019703,RESTING,,,SIMULATED
1620.0,tag-0017,anchor-04,,,False,1.0039041764019703,RESTING,,,SIMULATED
1620.0,tag-0017,anchor-05,-79.37,40.63,True,1.0039041764019703,RESTING,,,SIMULATED
1620.0,tag-0017,anchor-06,,,False,1.0039041764019703,RESTING,,,SIMULATED
1620.0,tag-0017,anchor-07,-102.42,17.58,True,1.0039041764019703,RESTING,,,SIMULATED
1620.0,tag-0017,anchor-08,-98.58,21.42,True,1.0039041764019703,RESTING,,,SIMULATED
1620.0,tag-0018,anchor-01,-89.53,30.47,True,1.0,WALKING,,,SIMULATED
1620.0,tag-0018,anchor-02,-91.23,28.77,True,1.0,WALKING,,,SIMULATED
1620.0,tag-0018,anchor-03,,,False,1.0,WALKING,,,SIMULATED
1620.0,tag-0018,anchor-04,-103.41,16.59,True,1.0,WALKING,,,SIMULATED
1620.0,tag-0018,anchor-05,-85.55,34.45,True,1.0,WALKING,,,SIMULATED
1620.0,tag-0018,anchor-06,-97.63,22.37,True,1.0,WALKING,,,SIMULATED
1620.0,tag-0018,anchor-07,-119.31,0.69,True,1.0,WALKING,,,SIMULATED
1620.0,tag-0018,anchor-08,-100.39,19.61,True,1.0,WALKING,,,SIMULATED
1620.0,tag-0019,anchor-01,-98.78,21.22,True,1.0,WALKING,,,SIMULATED
1620.0,tag-0019,anchor-02,,,False,1.0,WALKING,,,SIMULATED
1620.0,tag-0019,anchor-03,,,False,1.0,WALKING,,,SIMULATED
1620.0,tag-0019,anchor-04,-107.1,12.9,True,1.0,WALKING,,,SIMULATED
1620.0,tag-0019,anchor-05,-93.71,26.29,True,1.0,WALKING,,,SIMULATED
1620.0,tag-0019,anchor-06,-126.16,-6.16,True,1.0,WALKING,,,SIMULATED
1620.0,tag-0019,anchor-07,-118.57,1.43,True,1.0,WALKING,,,SIMULATED
1620.0,tag-0019,anchor-08,-95.28,24.72,True,1.0,WALKING,,,SIMULATED
1620.0,tag-0020,anchor-01,-101.59,18.41,True,1.0137828247778153,GRAZING,,,SIMULATED
1620.0,tag-0020,anchor-02,-100.52,19.48,True,1.0137828247778153,GRAZING,,,SIMULATED
1620.0,tag-0020,anchor-03,-114.93,5.07,True,1.0137828247778153,GRAZING,,,SIMULATED
1620.0,tag-0020,anchor-04,-110.74,9.26,True,1.0137828247778153,GRAZING,,,SIMULATED
1620.0,tag-0020,anchor-05,-90.33,29.67,True,1.0137828247778153,GRAZING,,,SIMULATED
1620.0,tag-0020,anchor-06,-101.31,18.69,True,1.0137828247778153,GRAZING,,,SIMULATED
1620.0,tag-0020,anchor-07,-118.76,1.24,True,1.0137828247778153,GRAZING,,,SIMULATED
1620.0,tag-0020,anchor-08,-104.76,15.24,True,1.0137828247778153,GRAZING,,,SIMULATED
1650.0,tag-0001,anchor-01,-86.55,33.45,True,1.0,GRAZING,,,SIMULATED
1650.0,tag-0001,anchor-02,-87.24,32.76,True,1.0,GRAZING,,,SIMULATED
1650.0,tag-0001,anchor-03,-126.74,-6.74,True,1.0,GRAZING,,,SIMULATED
1650.0,tag-0001,anchor-04,-108.78,11.22,True,1.0,GRAZING,,,SIMULATED
1650.0,tag-0001,anchor-05,-81.83,38.17,True,1.0,GRAZING,,,SIMULATED
1650.0,tag-0001,anchor-06,,,False,1.0,GRAZING,,,SIMULATED
1650.0,tag-0001,anchor-07,-117.08,2.92,True,1.0,GRAZING,,,SIMULATED
1650.0,tag-0001,anchor-08,-106.09,13.91,True,1.0,GRAZING,,,SIMULATED
1650.0,tag-0002,anchor-01,-105.44,14.56,True,1.0089869780479046,WALKING,,,SIMULATED
1650.0,tag-0002,anchor-02,,,False,1.0089869780479046,WALKING,,,SIMULATED
1650.0,tag-0002,anchor-03,,,False,1.0089869780479046,WALKING,,,SIMULATED
1650.0,tag-0002,anchor-04,-108.73,11.27,True,1.0089869780479046,WALKING,,,SIMULATED
1650.0,tag-0002,anchor-05,-106.66,13.34,True,1.0089869780479046,WALKING,,,SIMULATED
1650.0,tag-0002,anchor-06,-118.18,1.82,True,1.0089869780479046,WALKING,,,SIMULATED
1650.0,tag-0002,anchor-07,-119.41,0.59,True,1.0089869780479046,WALKING,,,SIMULATED
1650.0,tag-0002,anchor-08,-103.58,16.42,True,1.0089869780479046,WALKING,,,SIMULATED
1650.0,tag-0003,anchor-01,-80.47,39.53,True,1.0,GRAZING,,,SIMULATED
1650.0,tag-0003,anchor-02,-95.29,24.71,True,1.0,GRAZING,,,SIMULATED
1650.0,tag-0003,anchor-03,,,False,1.0,GRAZING,,,SIMULATED
1650.0,tag-0003,anchor-04,-109.08,10.92,True,1.0,GRAZING,,,SIMULATED
1650.0,tag-0003,anchor-05,-85.56,34.44,True,1.0,GRAZING,,,SIMULATED
1650.0,tag-0003,anchor-06,-101.34,18.66,True,1.0,GRAZING,,,SIMULATED
1650.0,tag-0003,anchor-07,,,False,1.0,GRAZING,,,SIMULATED
1650.0,tag-0003,anchor-08,-93.92,26.08,True,1.0,GRAZING,,,SIMULATED
1650.0,tag-0004,anchor-01,-93.56,26.44,True,1.000961350975573,GRAZING,,,SIMULATED
1650.0,tag-0004,anchor-02,-91.24,28.76,True,1.000961350975573,GRAZING,,,SIMULATED
1650.0,tag-0004,anchor-03,,,False,1.000961350975573,GRAZING,,,SIMULATED
1650.0,tag-0004,anchor-04,-109.92,10.08,True,1.000961350975573,GRAZING,,,SIMULATED
1650.0,tag-0004,anchor-05,-78.99,41.01,True,1.000961350975573,GRAZING,,,SIMULATED
1650.0,tag-0004,anchor-06,-101.51,18.49,True,1.000961350975573,GRAZING,,,SIMULATED
1650.0,tag-0004,anchor-07,-124.47,-4.47,True,1.000961350975573,GRAZING,,,SIMULATED
1650.0,tag-0004,anchor-08,-101.93,18.07,True,1.000961350975573,GRAZING,,,SIMULATED
1650.0,tag-0005,anchor-01,-98.61,21.39,True,1.0,GRAZING,,,SIMULATED
1650.0,tag-0005,anchor-02,-99.16,20.84,True,1.0,GRAZING,,,SIMULATED
1650.0,tag-0005,anchor-03,,,False,1.0,GRAZING,,,SIMULATED
1650.0,tag-0005,anchor-04,-111.4,8.6,True,1.0,GRAZING,,,SIMULATED
1650.0,tag-0005,anchor-05,-83.63,36.37,True,1.0,GRAZING,,,SIMULATED
1650.0,tag-0005,anchor-06,-89.45,30.55,True,1.0,GRAZING,,,SIMULATED
1650.0,tag-0005,anchor-07,-119.29,0.71,True,1.0,GRAZING,,,SIMULATED
1650.0,tag-0005,anchor-08,-96.09,23.91,True,1.0,GRAZING,,,SIMULATED
1650.0,tag-0006,anchor-01,-95.71,24.29,True,1.00371447267648,WALKING,,,SIMULATED
1650.0,tag-0006,anchor-02,-91.6,28.4,True,1.00371447267648,WALKING,,,SIMULATED
1650.0,tag-0006,anchor-03,-91.91,28.09,True,1.00371447267648,WALKING,,,SIMULATED
1650.0,tag-0006,anchor-04,-125.84,-5.84,True,1.00371447267648,WALKING,,,SIMULATED
1650.0,tag-0006,anchor-05,-85.96,34.04,True,1.00371447267648,WALKING,,,SIMULATED
1650.0,tag-0006,anchor-06,-105.36,14.64,True,1.00371447267648,WALKING,,,SIMULATED
1650.0,tag-0006,anchor-07,-99.49,20.51,True,1.00371447267648,WALKING,,,SIMULATED
1650.0,tag-0006,anchor-08,,,False,1.00371447267648,WALKING,,,SIMULATED
1650.0,tag-0007,anchor-01,-94.32,25.68,True,1.0459099777288623,GRAZING,,,SIMULATED
1650.0,tag-0007,anchor-02,-95.32,24.68,True,1.0459099777288623,GRAZING,,,SIMULATED
1650.0,tag-0007,anchor-03,,,False,1.0459099777288623,GRAZING,,,SIMULATED
1650.0,tag-0007,anchor-04,-103.94,16.06,True,1.0459099777288623,GRAZING,,,SIMULATED
1650.0,tag-0007,anchor-05,-82.71,37.29,True,1.0459099777288623,GRAZING,,,SIMULATED
1650.0,tag-0007,anchor-06,-106.77,13.23,True,1.0459099777288623,GRAZING,,,SIMULATED
1650.0,tag-0007,anchor-07,-99.96,20.04,True,1.0459099777288623,GRAZING,,,SIMULATED
1650.0,tag-0007,anchor-08,-103.29,16.71,True,1.0459099777288623,GRAZING,,,SIMULATED
1650.0,tag-0008,anchor-01,-103.7,16.3,True,1.0084011732195048,GRAZING,,,SIMULATED
1650.0,tag-0008,anchor-02,-102.7,17.3,True,1.0084011732195048,GRAZING,,,SIMULATED
1650.0,tag-0008,anchor-03,,,False,1.0084011732195048,GRAZING,,,SIMULATED
1650.0,tag-0008,anchor-04,,,False,1.0084011732195048,GRAZING,,,SIMULATED
1650.0,tag-0008,anchor-05,-88.97,31.03,True,1.0084011732195048,GRAZING,,,SIMULATED
1650.0,tag-0008,anchor-06,-122.13,-2.13,True,1.0084011732195048,GRAZING,,,SIMULATED
1650.0,tag-0008,anchor-07,-99.65,20.35,True,1.0084011732195048,GRAZING,,,SIMULATED
1650.0,tag-0008,anchor-08,-84.71,35.29,True,1.0084011732195048,GRAZING,,,SIMULATED
1650.0,tag-0009,anchor-01,-99.12,20.88,True,1.0,GRAZING,,,SIMULATED
1650.0,tag-0009,anchor-02,-91.17,28.83,True,1.0,GRAZING,,,SIMULATED
1650.0,tag-0009,anchor-03,,,False,1.0,GRAZING,,,SIMULATED
1650.0,tag-0009,anchor-04,-101.69,18.31,True,1.0,GRAZING,,,SIMULATED
1650.0,tag-0009,anchor-05,-89.85,30.15,True,1.0,GRAZING,,,SIMULATED
1650.0,tag-0009,anchor-06,-123.81,-3.81,True,1.0,GRAZING,,,SIMULATED
1650.0,tag-0009,anchor-07,-121.39,-1.39,True,1.0,GRAZING,,,SIMULATED
1650.0,tag-0009,anchor-08,-94.69,25.31,True,1.0,GRAZING,,,SIMULATED
1650.0,tag-0010,anchor-01,-91.03,28.97,True,1.0316272998772087,GRAZING,,,SIMULATED
1650.0,tag-0010,anchor-02,-94.52,25.48,True,1.0316272998772087,GRAZING,,,SIMULATED
1650.0,tag-0010,anchor-03,,,False,1.0316272998772087,GRAZING,,,SIMULATED
1650.0,tag-0010,anchor-04,-103.68,16.32,True,1.0316272998772087,GRAZING,,,SIMULATED
1650.0,tag-0010,anchor-05,-86.05,33.95,True,1.0316272998772087,GRAZING,,,SIMULATED
1650.0,tag-0010,anchor-06,,,False,1.0316272998772087,GRAZING,,,SIMULATED
1650.0,tag-0010,anchor-07,-96.54,23.46,True,1.0316272998772087,GRAZING,,,SIMULATED
1650.0,tag-0010,anchor-08,-99.09,20.91,True,1.0316272998772087,GRAZING,,,SIMULATED
1650.0,tag-0011,anchor-01,-98.97,21.03,True,1.0126057213375943,RESTING,,,SIMULATED
1650.0,tag-0011,anchor-02,-87.75,32.25,True,1.0126057213375943,RESTING,,,SIMULATED
1650.0,tag-0011,anchor-03,,,False,1.0126057213375943,RESTING,,,SIMULATED
1650.0,tag-0011,anchor-04,-103.77,16.23,True,1.0126057213375943,RESTING,,,SIMULATED
1650.0,tag-0011,anchor-05,-92.77,27.23,True,1.0126057213375943,RESTING,,,SIMULATED
1650.0,tag-0011,anchor-06,-125.65,-5.65,True,1.0126057213375943,RESTING,,,SIMULATED
1650.0,tag-0011,anchor-07,-101.02,18.98,True,1.0126057213375943,RESTING,,,SIMULATED
1650.0,tag-0011,anchor-08,-99.97,20.03,True,1.0126057213375943,RESTING,,,SIMULATED
1650.0,tag-0012,anchor-01,-93.47,26.53,True,1.0130440698964305,WALKING,,,SIMULATED
1650.0,tag-0012,anchor-02,-93.83,26.17,True,1.0130440698964305,WALKING,,,SIMULATED
1650.0,tag-0012,anchor-03,,,False,1.0130440698964305,WALKING,,,SIMULATED
1650.0,tag-0012,anchor-04,,,False,1.0130440698964305,WALKING,,,SIMULATED
1650.0,tag-0012,anchor-05,-86.11,33.89,True,1.0130440698964305,WALKING,,,SIMULATED
1650.0,tag-0012,anchor-06,-101.62,18.38,True,1.0130440698964305,WALKING,,,SIMULATED
1650.0,tag-0012,anchor-07,-117.46,2.54,True,1.0130440698964305,WALKING,,,SIMULATED
1650.0,tag-0012,anchor-08,-111.88,8.12,True,1.0130440698964305,WALKING,,,SIMULATED
1650.0,tag-0013,anchor-01,-98.18,21.82,True,1.0121806471392452,GRAZING,,,SIMULATED
1650.0,tag-0013,anchor-02,-101.8,18.2,True,1.0121806471392452,GRAZING,,,SIMULATED
1650.0,tag-0013,anchor-03,,,False,1.0121806471392452,GRAZING,,,SIMULATED
1650.0,tag-0013,anchor-04,-101.42,18.58,True,1.0121806471392452,GRAZING,,,SIMULATED
1650.0,tag-0013,anchor-05,-85.97,34.03,True,1.0121806471392452,GRAZING,,,SIMULATED
1650.0,tag-0013,anchor-06,,,False,1.0121806471392452,GRAZING,,,SIMULATED
1650.0,tag-0013,anchor-07,-97.46,22.54,True,1.0121806471392452,GRAZING,,,SIMULATED
1650.0,tag-0013,anchor-08,-89.35,30.65,True,1.0121806471392452,GRAZING,,,SIMULATED
1650.0,tag-0014,anchor-01,,,False,1.0131189315362756,GRAZING,,,SIMULATED
1650.0,tag-0014,anchor-02,-91.6,28.4,True,1.0131189315362756,GRAZING,,,SIMULATED
1650.0,tag-0014,anchor-03,-102.31,17.69,True,1.0131189315362756,GRAZING,,,SIMULATED
1650.0,tag-0014,anchor-04,,,False,1.0131189315362756,GRAZING,,,SIMULATED
1650.0,tag-0014,anchor-05,-83.96,36.04,True,1.0131189315362756,GRAZING,,,SIMULATED
1650.0,tag-0014,anchor-06,-94.39,25.61,True,1.0131189315362756,GRAZING,,,SIMULATED
1650.0,tag-0014,anchor-07,-98.14,21.86,True,1.0131189315362756,GRAZING,,,SIMULATED
1650.0,tag-0014,anchor-08,,,False,1.0131189315362756,GRAZING,,,SIMULATED
1650.0,tag-0015,anchor-01,-98.85,21.15,True,1.0115237164426594,WALKING,,,SIMULATED
1650.0,tag-0015,anchor-02,-98.38,21.62,True,1.0115237164426594,WALKING,,,SIMULATED
1650.0,tag-0015,anchor-03,,,False,1.0115237164426594,WALKING,,,SIMULATED
1650.0,tag-0015,anchor-04,,,False,1.0115237164426594,WALKING,,,SIMULATED
1650.0,tag-0015,anchor-05,-85.7,34.3,True,1.0115237164426594,WALKING,,,SIMULATED
1650.0,tag-0015,anchor-06,-97.04,22.96,True,1.0115237164426594,WALKING,,,SIMULATED
1650.0,tag-0015,anchor-07,-120.23,-0.23,True,1.0115237164426594,WALKING,,,SIMULATED
1650.0,tag-0015,anchor-08,-103.46,16.54,True,1.0115237164426594,WALKING,,,SIMULATED
1650.0,tag-0016,anchor-01,-99.02,20.98,True,1.0220138544523398,GRAZING,,,SIMULATED
1650.0,tag-0016,anchor-02,-90.97,29.03,True,1.0220138544523398,GRAZING,,,SIMULATED
1650.0,tag-0016,anchor-03,,,False,1.0220138544523398,GRAZING,,,SIMULATED
1650.0,tag-0016,anchor-04,-105.12,14.88,True,1.0220138544523398,GRAZING,,,SIMULATED
1650.0,tag-0016,anchor-05,-78.83,41.17,True,1.0220138544523398,GRAZING,,,SIMULATED
1650.0,tag-0016,anchor-06,-100.67,19.33,True,1.0220138544523398,GRAZING,,,SIMULATED
1650.0,tag-0016,anchor-07,-112.38,7.62,True,1.0220138544523398,GRAZING,,,SIMULATED
1650.0,tag-0016,anchor-08,-92.78,27.22,True,1.0220138544523398,GRAZING,,,SIMULATED
1650.0,tag-0017,anchor-01,-90.03,29.97,True,1.014776782872208,RESTING,,,SIMULATED
1650.0,tag-0017,anchor-02,-94.0,26.0,True,1.014776782872208,RESTING,,,SIMULATED
1650.0,tag-0017,anchor-03,,,False,1.014776782872208,RESTING,,,SIMULATED
1650.0,tag-0017,anchor-04,-100.18,19.82,True,1.014776782872208,RESTING,,,SIMULATED
1650.0,tag-0017,anchor-05,-84.88,35.12,True,1.014776782872208,RESTING,,,SIMULATED
1650.0,tag-0017,anchor-06,-104.45,15.55,True,1.014776782872208,RESTING,,,SIMULATED
1650.0,tag-0017,anchor-07,-97.1,22.9,True,1.014776782872208,RESTING,,,SIMULATED
1650.0,tag-0017,anchor-08,-98.38,21.62,True,1.014776782872208,RESTING,,,SIMULATED
1650.0,tag-0018,anchor-01,-92.34,27.66,True,1.0221201275641905,WALKING,,,SIMULATED
1650.0,tag-0018,anchor-02,-87.39,32.61,True,1.0221201275641905,WALKING,,,SIMULATED
1650.0,tag-0018,anchor-03,,,False,1.0221201275641905,WALKING,,,SIMULATED
1650.0,tag-0018,anchor-04,-101.02,18.98,True,1.0221201275641905,WALKING,,,SIMULATED
1650.0,tag-0018,anchor-05,-88.61,31.39,True,1.0221201275641905,WALKING,,,SIMULATED
1650.0,tag-0018,anchor-06,-92.33,27.67,True,1.0221201275641905,WALKING,,,SIMULATED
1650.0,tag-0018,anchor-07,-115.72,4.28,True,1.0221201275641905,WALKING,,,SIMULATED
1650.0,tag-0018,anchor-08,,,False,1.0221201275641905,WALKING,,,SIMULATED
1650.0,tag-0019,anchor-01,-97.44,22.56,True,1.0,WALKING,,,SIMULATED
1650.0,tag-0019,anchor-02,-103.27,16.73,True,1.0,WALKING,,,SIMULATED
1650.0,tag-0019,anchor-03,,,False,1.0,WALKING,,,SIMULATED
1650.0,tag-0019,anchor-04,-109.32,10.68,True,1.0,WALKING,,,SIMULATED
1650.0,tag-0019,anchor-05,-92.74,27.26,True,1.0,WALKING,,,SIMULATED
1650.0,tag-0019,anchor-06,,,False,1.0,WALKING,,,SIMULATED
1650.0,tag-0019,anchor-07,-118.12,1.88,True,1.0,WALKING,,,SIMULATED
1650.0,tag-0019,anchor-08,-99.99,20.01,True,1.0,WALKING,,,SIMULATED
1650.0,tag-0020,anchor-01,-98.93,21.07,True,1.0001496666969303,GRAZING,,,SIMULATED
1650.0,tag-0020,anchor-02,-96.35,23.65,True,1.0001496666969303,GRAZING,,,SIMULATED
1650.0,tag-0020,anchor-03,-123.68,-3.68,True,1.0001496666969303,GRAZING,,,SIMULATED
1650.0,tag-0020,anchor-04,-107.88,12.12,True,1.0001496666969303,GRAZING,,,SIMULATED
1650.0,tag-0020,anchor-05,-88.0,32.0,True,1.0001496666969303,GRAZING,,,SIMULATED
1650.0,tag-0020,anchor-06,-99.59,20.41,True,1.0001496666969303,GRAZING,,,SIMULATED
1650.0,tag-0020,anchor-07,-118.19,1.81,True,1.0001496666969303,GRAZING,,,SIMULATED
1650.0,tag-0020,anchor-08,-98.36,21.64,True,1.0001496666969303,GRAZING,,,SIMULATED
1680.0,tag-0001,anchor-01,-86.24,33.76,True,1.0,GRAZING,,,SIMULATED
1680.0,tag-0001,anchor-02,-90.07,29.93,True,1.0,GRAZING,,,SIMULATED
1680.0,tag-0001,anchor-03,,,False,1.0,GRAZING,,,SIMULATED
1680.0,tag-0001,anchor-04,-110.99,9.01,True,1.0,GRAZING,,,SIMULATED
1680.0,tag-0001,anchor-05,-82.02,37.98,True,1.0,GRAZING,,,SIMULATED
1680.0,tag-0001,anchor-06,-108.93,11.07,True,1.0,GRAZING,,,SIMULATED
1680.0,tag-0001,anchor-07,-117.9,2.1,True,1.0,GRAZING,,,SIMULATED
1680.0,tag-0001,anchor-08,-102.3,17.7,True,1.0,GRAZING,,,SIMULATED
1680.0,tag-0002,anchor-01,-105.68,14.32,True,1.0203662580301351,WALKING,,,SIMULATED
1680.0,tag-0002,anchor-02,-126.43,-6.43,True,1.0203662580301351,WALKING,,,SIMULATED
1680.0,tag-0002,anchor-03,,,False,1.0203662580301351,WALKING,,,SIMULATED
1680.0,tag-0002,anchor-04,-103.44,16.56,True,1.0203662580301351,WALKING,,,SIMULATED
1680.0,tag-0002,anchor-05,-110.58,9.42,True,1.0203662580301351,WALKING,,,SIMULATED
1680.0,tag-0002,anchor-06,-115.59,4.41,True,1.0203662580301351,WALKING,,,SIMULATED
1680.0,tag-0002,anchor-07,-115.17,4.83,True,1.0203662580301351,WALKING,,,SIMULATED
1680.0,tag-0002,anchor-08,,,False,1.0203662580301351,WALKING,,,SIMULATED
1680.0,tag-0003,anchor-01,-81.72,38.28,True,1.0051990130876771,GRAZING,,,SIMULATED
1680.0,tag-0003,anchor-02,-93.96,26.04,True,1.0051990130876771,GRAZING,,,SIMULATED
1680.0,tag-0003,anchor-03,,,False,1.0051990130876771,GRAZING,,,SIMULATED
1680.0,tag-0003,anchor-04,-108.16,11.84,True,1.0051990130876771,GRAZING,,,SIMULATED
1680.0,tag-0003,anchor-05,-87.71,32.29,True,1.0051990130876771,GRAZING,,,SIMULATED
1680.0,tag-0003,anchor-06,-105.18,14.82,True,1.0051990130876771,GRAZING,,,SIMULATED
1680.0,tag-0003,anchor-07,,,False,1.0051990130876771,GRAZING,,,SIMULATED
1680.0,tag-0003,anchor-08,-94.13,25.87,True,1.0051990130876771,GRAZING,,,SIMULATED
1680.0,tag-0004,anchor-01,-87.79,32.21,True,1.009192780359256,GRAZING,,,SIMULATED
1680.0,tag-0004,anchor-02,-93.69,26.31,True,1.009192780359256,GRAZING,,,SIMULATED
1680.0,tag-0004,anchor-03,,,False,1.009192780359256,GRAZING,,,SIMULATED
1680.0,tag-0004,anchor-04,-102.66,17.34,True,1.009192780359256,GRAZING,,,SIMULATED
1680.0,tag-0004,anchor-05,-79.99,40.01,True,1.009192780359256,GRAZING,,,SIMULATED
1680.0,tag-0004,anchor-06,-107.61,12.39,True,1.009192780359256,GRAZING,,,SIMULATED
1680.0,tag-0004,anchor-07,,,False,1.009192780359256,GRAZING,,,SIMULATED
1680.0,tag-0004,anchor-08,-100.52,19.48,True,1.009192780359256,GRAZING,,,SIMULATED
1680.0,tag-0005,anchor-01,-103.33,16.67,True,1.0154395351104626,GRAZING,,,SIMULATED
1680.0,tag-0005,anchor-02,-95.73,24.27,True,1.0154395351104626,GRAZING,,,SIMULATED
1680.0,tag-0005,anchor-03,-118.87,1.13,True,1.0154395351104626,GRAZING,,,SIMULATED
1680.0,tag-0005,anchor-04,-103.13,16.87,True,1.0154395351104626,GRAZING,,,SIMULATED
1680.0,tag-0005,anchor-05,-84.58,35.42,True,1.0154395351104626,GRAZING,,,SIMULATED
1680.0,tag-0005,anchor-06,-96.1,23.9,True,1.0154395351104626,GRAZING,,,SIMULATED
1680.0,tag-0005,anchor-07,-112.1,7.9,True,1.0154395351104626,GRAZING,,,SIMULATED
1680.0,tag-0005,anchor-08,,,False,1.0154395351104626,GRAZING,,,SIMULATED
1680.0,tag-0006,anchor-01,-96.3,23.7,True,1.0,WALKING,,,SIMULATED
1680.0,tag-0006,anchor-02,-92.94,27.06,True,1.0,WALKING,,,SIMULATED
1680.0,tag-0006,anchor-03,-95.6,24.4,True,1.0,WALKING,,,SIMULATED
1680.0,tag-0006,anchor-04,-126.23,-6.23,True,1.0,WALKING,,,SIMULATED
1680.0,tag-0006,anchor-05,-85.11,34.89,True,1.0,WALKING,,,SIMULATED
1680.0,tag-0006,anchor-06,,,False,1.0,WALKING,,,SIMULATED
1680.0,tag-0006,anchor-07,-96.18,23.82,True,1.0,WALKING,,,SIMULATED
1680.0,tag-0006,anchor-08,,,False,1.0,WALKING,,,SIMULATED
1680.0,tag-0007,anchor-01,-96.84,23.16,True,1.0046507639734177,GRAZING,,,SIMULATED
1680.0,tag-0007,anchor-02,-97.54,22.46,True,1.0046507639734177,GRAZING,,,SIMULATED
1680.0,tag-0007,anchor-03,,,False,1.0046507639734177,GRAZING,,,SIMULATED
1680.0,tag-0007,anchor-04,-107.57,12.43,True,1.0046507639734177,GRAZING,,,SIMULATED
1680.0,tag-0007,anchor-05,-78.46,41.54,True,1.0046507639734177,GRAZING,,,SIMULATED
1680.0,tag-0007,anchor-06,-106.07,13.93,True,1.0046507639734177,GRAZING,,,SIMULATED
1680.0,tag-0007,anchor-07,-96.78,23.22,True,1.0046507639734177,GRAZING,,,SIMULATED
1680.0,tag-0007,anchor-08,-104.98,15.02,True,1.0046507639734177,GRAZING,,,SIMULATED
1680.0,tag-0008,anchor-01,-98.4,21.6,True,1.0,GRAZING,,,SIMULATED
1680.0,tag-0008,anchor-02,-98.34,21.66,True,1.0,GRAZING,,,SIMULATED
1680.0,tag-0008,anchor-03,,,False,1.0,GRAZING,,,SIMULATED
1680.0,tag-0008,anchor-04,-105.36,14.64,True,1.0,GRAZING,,,SIMULATED
1680.0,tag-0008,anchor-05,-84.97,35.03,True,1.0,GRAZING,,,SIMULATED
1680.0,tag-0008,anchor-06,-122.33,-2.33,True,1.0,GRAZING,,,SIMULATED
1680.0,tag-0008,anchor-07,-99.98,20.02,True,1.0,GRAZING,,,SIMULATED
1680.0,tag-0008,anchor-08,-84.43,35.57,True,1.0,GRAZING,,,SIMULATED
1680.0,tag-0009,anchor-01,-105.47,14.53,True,1.0,GRAZING,,,SIMULATED
1680.0,tag-0009,anchor-02,-98.05,21.95,True,1.0,GRAZING,,,SIMULATED
1680.0,tag-0009,anchor-03,,,False,1.0,GRAZING,,,SIMULATED
1680.0,tag-0009,anchor-04,-106.01,13.99,True,1.0,GRAZING,,,SIMULATED
1680.0,tag-0009,anchor-05,-86.69,33.31,True,1.0,GRAZING,,,SIMULATED
1680.0,tag-0009,anchor-06,-120.4,-0.4,True,1.0,GRAZING,,,SIMULATED
1680.0,tag-0009,anchor-07,-115.52,4.48,True,1.0,GRAZING,,,SIMULATED
1680.0,tag-0009,anchor-08,-95.19,24.81,True,1.0,GRAZING,,,SIMULATED
1680.0,tag-0010,anchor-01,-89.06,30.94,True,1.0,GRAZING,,,SIMULATED
1680.0,tag-0010,anchor-02,-98.25,21.75,True,1.0,GRAZING,,,SIMULATED
1680.0,tag-0010,anchor-03,,,False,1.0,GRAZING,,,SIMULATED
1680.0,tag-0010,anchor-04,-100.9,19.1,True,1.0,GRAZING,,,SIMULATED
1680.0,tag-0010,anchor-05,-79.08,40.92,True,1.0,GRAZING,,,SIMULATED
1680.0,tag-0010,anchor-06,-122.29,-2.29,True,1.0,GRAZING,,,SIMULATED
1680.0,tag-0010,anchor-07,-96.38,23.62,True,1.0,GRAZING,,,SIMULATED
1680.0,tag-0010,anchor-08,-95.74,24.26,True,1.0,GRAZING,,,SIMULATED
1680.0,tag-0011,anchor-01,-96.01,23.99,True,1.0,RESTING,,,SIMULATED
1680.0,tag-0011,anchor-02,-92.36,27.64,True,1.0,RESTING,,,SIMULATED
1680.0,tag-0011,anchor-03,,,False,1.0,RESTING,,,SIMULATED
1680.0,tag-0011,anchor-04,-98.3,21.7,True,1.0,RESTING,,,SIMULATED
1680.0,tag-0011,anchor-05,-90.84,29.16,True,1.0,RESTING,,,SIMULATED
1680.0,tag-0011,anchor-06,,,False,1.0,RESTING,,,SIMULATED
1680.0,tag-0011,anchor-07,,,False,1.0,RESTING,,,SIMULATED
1680.0,tag-0011,anchor-08,-99.51,20.49,True,1.0,RESTING,,,SIMULATED
1680.0,tag-0012,anchor-01,-93.93,26.07,True,1.0,WALKING,,,SIMULATED
1680.0,tag-0012,anchor-02,-97.44,22.56,True,1.0,WALKING,,,SIMULATED
1680.0,tag-0012,anchor-03,-102.38,17.62,True,1.0,WALKING,,,SIMULATED
1680.0,tag-0012,anchor-04,-122.18,-2.18,True,1.0,WALKING,,,SIMULATED
1680.0,tag-0012,anchor-05,-88.59,31.41,True,1.0,WALKING,,,SIMULATED
1680.0,tag-0012,anchor-06,-107.0,13.0,True,1.0,WALKING,,,SIMULATED
1680.0,tag-0012,anchor-07,-121.25,-1.25,True,1.0,WALKING,,,SIMULATED
1680.0,tag-0012,anchor-08,-119.38,0.62,True,1.0,WALKING,,,SIMULATED
1680.0,tag-0013,anchor-01,,,False,1.0,GRAZING,,,SIMULATED
1680.0,tag-0013,anchor-02,-99.08,20.92,True,1.0,GRAZING,,,SIMULATED
1680.0,tag-0013,anchor-03,,,False,1.0,GRAZING,,,SIMULATED
1680.0,tag-0013,anchor-04,,,False,1.0,GRAZING,,,SIMULATED
1680.0,tag-0013,anchor-05,-88.17,31.83,True,1.0,GRAZING,,,SIMULATED
1680.0,tag-0013,anchor-06,,,False,1.0,GRAZING,,,SIMULATED
1680.0,tag-0013,anchor-07,-93.49,26.51,True,1.0,GRAZING,,,SIMULATED
1680.0,tag-0013,anchor-08,-89.89,30.11,True,1.0,GRAZING,,,SIMULATED
1680.0,tag-0014,anchor-01,-93.03,26.97,True,1.0380486139359366,GRAZING,,,SIMULATED
1680.0,tag-0014,anchor-02,,,False,1.0380486139359366,GRAZING,,,SIMULATED
1680.0,tag-0014,anchor-03,-102.34,17.66,True,1.0380486139359366,GRAZING,,,SIMULATED
1680.0,tag-0014,anchor-04,,,False,1.0380486139359366,GRAZING,,,SIMULATED
1680.0,tag-0014,anchor-05,-77.43,42.57,True,1.0380486139359366,GRAZING,,,SIMULATED
1680.0,tag-0014,anchor-06,-91.02,28.98,True,1.0380486139359366,GRAZING,,,SIMULATED
1680.0,tag-0014,anchor-07,-94.34,25.66,True,1.0380486139359366,GRAZING,,,SIMULATED
1680.0,tag-0014,anchor-08,-124.49,-4.49,True,1.0380486139359366,GRAZING,,,SIMULATED
1680.0,tag-0015,anchor-01,-103.01,16.99,True,1.0257459833332274,WALKING,,,SIMULATED
1680.0,tag-0015,anchor-02,-98.1,21.9,True,1.0257459833332274,WALKING,,,SIMULATED
1680.0,tag-0015,anchor-03,-103.19,16.81,True,1.0257459833332274,WALKING,,,SIMULATED
1680.0,tag-0015,anchor-04,,,False,1.0257459833332274,WALKING,,,SIMULATED
1680.0,tag-0015,anchor-05,-80.03,39.97,True,1.0257459833332274,WALKING,,,SIMULATED
1680.0,tag-0015,anchor-06,-96.27,23.73,True,1.0257459833332274,WALKING,,,SIMULATED
1680.0,tag-0015,anchor-07,-122.22,-2.22,True,1.0257459833332274,WALKING,,,SIMULATED
1680.0,tag-0015,anchor-08,-109.14,10.86,True,1.0257459833332274,WALKING,,,SIMULATED
1680.0,tag-0016,anchor-01,-97.53,22.47,True,1.0002750029456662,GRAZING,,,SIMULATED
1680.0,tag-0016,anchor-02,-97.33,22.67,True,1.0002750029456662,GRAZING,,,SIMULATED
1680.0,tag-0016,anchor-03,,,False,1.0002750029456662,GRAZING,,,SIMULATED
1680.0,tag-0016,anchor-04,-105.21,14.79,True,1.0002750029456662,GRAZING,,,SIMULATED
1680.0,tag-0016,anchor-05,-85.18,34.82,True,1.0002750029456662,GRAZING,,,SIMULATED
1680.0,tag-0016,anchor-06,-100.21,19.79,True,1.0002750029456662,GRAZING,,,SIMULATED
1680.0,tag-0016,anchor-07,-118.76,1.24,True,1.0002750029456662,GRAZING,,,SIMULATED
1680.0,tag-0016,anchor-08,-96.05,23.95,True,1.0002750029456662,GRAZING,,,SIMULATED
1680.0,tag-0017,anchor-01,-98.57,21.43,True,1.010848921593612,RESTING,,,SIMULATED
1680.0,tag-0017,anchor-02,-97.03,22.97,True,1.010848921593612,RESTING,,,SIMULATED
1680.0,tag-0017,anchor-03,-126.07,-6.07,True,1.010848921593612,RESTING,,,SIMULATED
1680.0,tag-0017,anchor-04,-106.3,13.7,True,1.010848921593612,RESTING,,,SIMULATED
1680.0,tag-0017,anchor-05,-87.5,32.5,True,1.010848921593612,RESTING,,,SIMULATED
1680.0,tag-0017,anchor-06,-95.83,24.17,True,1.010848921593612,RESTING,,,SIMULATED
1680.0,tag-0017,anchor-07,-94.09,25.91,True,1.010848921593612,RESTING,,,SIMULATED
1680.0,tag-0017,anchor-08,-95.06,24.94,True,1.010848921593612,RESTING,,,SIMULATED
1680.0,tag-0018,anchor-01,-97.83,22.17,True,1.0,WALKING,,,SIMULATED
1680.0,tag-0018,anchor-02,-85.08,34.92,True,1.0,WALKING,,,SIMULATED
1680.0,tag-0018,anchor-03,,,False,1.0,WALKING,,,SIMULATED
1680.0,tag-0018,anchor-04,-104.84,15.16,True,1.0,WALKING,,,SIMULATED
1680.0,tag-0018,anchor-05,-85.23,34.77,True,1.0,WALKING,,,SIMULATED
1680.0,tag-0018,anchor-06,-93.83,26.17,True,1.0,WALKING,,,SIMULATED
1680.0,tag-0018,anchor-07,-118.37,1.63,True,1.0,WALKING,,,SIMULATED
1680.0,tag-0018,anchor-08,-102.23,17.77,True,1.0,WALKING,,,SIMULATED
1680.0,tag-0019,anchor-01,-97.67,22.33,True,1.0,WALKING,,,SIMULATED
1680.0,tag-0019,anchor-02,-96.87,23.13,True,1.0,WALKING,,,SIMULATED
1680.0,tag-0019,anchor-03,,,False,1.0,WALKING,,,SIMULATED
1680.0,tag-0019,anchor-04,-103.65,16.35,True,1.0,WALKING,,,SIMULATED
1680.0,tag-0019,anchor-05,-96.58,23.42,True,1.0,WALKING,,,SIMULATED
1680.0,tag-0019,anchor-06,,,False,1.0,WALKING,,,SIMULATED
1680.0,tag-0019,anchor-07,-118.74,1.26,True,1.0,WALKING,,,SIMULATED
1680.0,tag-0019,anchor-08,,,False,1.0,WALKING,,,SIMULATED
1680.0,tag-0020,anchor-01,-96.82,23.18,True,1.0,GRAZING,,,SIMULATED
1680.0,tag-0020,anchor-02,-96.67,23.33,True,1.0,GRAZING,,,SIMULATED
1680.0,tag-0020,anchor-03,-125.51,-5.51,True,1.0,GRAZING,,,SIMULATED
1680.0,tag-0020,anchor-04,-106.79,13.21,True,1.0,GRAZING,,,SIMULATED
1680.0,tag-0020,anchor-05,-81.13,38.87,True,1.0,GRAZING,,,SIMULATED
1680.0,tag-0020,anchor-06,-98.37,21.63,True,1.0,GRAZING,,,SIMULATED
1680.0,tag-0020,anchor-07,-118.18,1.82,True,1.0,GRAZING,,,SIMULATED
1680.0,tag-0020,anchor-08,-104.36,15.64,True,1.0,GRAZING,,,SIMULATED
1710.0,tag-0001,anchor-01,-90.0,30.0,True,1.0070526825128543,GRAZING,,,SIMULATED
1710.0,tag-0001,anchor-02,-86.81,33.19,True,1.0070526825128543,GRAZING,,,SIMULATED
1710.0,tag-0001,anchor-03,-125.05,-5.05,True,1.0070526825128543,GRAZING,,,SIMULATED
1710.0,tag-0001,anchor-04,,,False,1.0070526825128543,GRAZING,,,SIMULATED
1710.0,tag-0001,anchor-05,-87.83,32.17,True,1.0070526825128543,GRAZING,,,SIMULATED
1710.0,tag-0001,anchor-06,-106.12,13.88,True,1.0070526825128543,GRAZING,,,SIMULATED
1710.0,tag-0001,anchor-07,-122.22,-2.22,True,1.0070526825128543,GRAZING,,,SIMULATED
1710.0,tag-0001,anchor-08,-105.36,14.64,True,1.0070526825128543,GRAZING,,,SIMULATED
1710.0,tag-0002,anchor-01,-99.37,20.63,True,1.0208734277236229,WALKING,,,SIMULATED
1710.0,tag-0002,anchor-02,-122.72,-2.72,True,1.0208734277236229,WALKING,,,SIMULATED
1710.0,tag-0002,anchor-03,,,False,1.0208734277236229,WALKING,,,SIMULATED
1710.0,tag-0002,anchor-04,-105.58,14.42,True,1.0208734277236229,WALKING,,,SIMULATED
1710.0,tag-0002,anchor-05,-109.4,10.6,True,1.0208734277236229,WALKING,,,SIMULATED
1710.0,tag-0002,anchor-06,-123.7,-3.7,True,1.0208734277236229,WALKING,,,SIMULATED
1710.0,tag-0002,anchor-07,-115.42,4.58,True,1.0208734277236229,WALKING,,,SIMULATED
1710.0,tag-0002,anchor-08,-103.08,16.92,True,1.0208734277236229,WALKING,,,SIMULATED
1710.0,tag-0003,anchor-01,-83.94,36.06,True,1.0142373664062132,GRAZING,,,SIMULATED
1710.0,tag-0003,anchor-02,-93.28,26.72,True,1.0142373664062132,GRAZING,,,SIMULATED
1710.0,tag-0003,anchor-03,,,False,1.0142373664062132,GRAZING,,,SIMULATED
1710.0,tag-0003,anchor-04,-106.65,13.35,True,1.0142373664062132,GRAZING,,,SIMULATED
1710.0,tag-0003,anchor-05,,,False,1.0142373664062132,GRAZING,,,SIMULATED
1710.0,tag-0003,anchor-06,-107.26,12.74,True,1.0142373664062132,GRAZING,,,SIMULATED
1710.0,tag-0003,anchor-07,,,False,1.0142373664062132,GRAZING,,,SIMULATED
1710.0,tag-0003,anchor-08,-92.39,27.61,True,1.0142373664062132,GRAZING,,,SIMULATED
1710.0,tag-0004,anchor-01,-85.12,34.88,True,1.0107018050722532,GRAZING,,,SIMULATED
1710.0,tag-0004,anchor-02,-95.53,24.47,True,1.0107018050722532,GRAZING,,,SIMULATED
1710.0,tag-0004,anchor-03,,,False,1.0107018050722532,GRAZING,,,SIMULATED
1710.0,tag-0004,anchor-04,-107.25,12.75,True,1.0107018050722532,GRAZING,,,SIMULATED
1710.0,tag-0004,anchor-05,-79.7,40.3,True,1.0107018050722532,GRAZING,,,SIMULATED
1710.0,tag-0004,anchor-06,-103.17,16.83,True,1.0107018050722532,GRAZING,,,SIMULATED
1710.0,tag-0004,anchor-07,-126.26,-6.26,True,1.0107018050722532,GRAZING,,,SIMULATED
1710.0,tag-0004,anchor-08,-97.61,22.39,True,1.0107018050722532,GRAZING,,,SIMULATED
1710.0,tag-0005,anchor-01,-95.72,24.28,True,1.0071090071115212,GRAZING,,,SIMULATED
1710.0,tag-0005,anchor-02,-99.09,20.91,True,1.0071090071115212,GRAZING,,,SIMULATED
1710.0,tag-0005,anchor-03,-123.21,-3.21,True,1.0071090071115212,GRAZING,,,SIMULATED
1710.0,tag-0005,anchor-04,-109.72,10.28,True,1.0071090071115212,GRAZING,,,SIMULATED
1710.0,tag-0005,anchor-05,,,False,1.0071090071115212,GRAZING,,,SIMULATED
1710.0,tag-0005,anchor-06,-98.03,21.97,True,1.0071090071115212,GRAZING,,,SIMULATED
1710.0,tag-0005,anchor-07,,,False,1.0071090071115212,GRAZING,,,SIMULATED
1710.0,tag-0005,anchor-08,-95.32,24.68,True,1.0071090071115212,GRAZING,,,SIMULATED
1710.0,tag-0006,anchor-01,-92.64,27.36,True,1.0,WALKING,,,SIMULATED
1710.0,tag-0006,anchor-02,,,False,1.0,WALKING,,,SIMULATED
1710.0,tag-0006,anchor-03,,,False,1.0,WALKING,,,SIMULATED
1710.0,tag-0006,anchor-04,-125.46,-5.46,True,1.0,WALKING,,,SIMULATED
1710.0,tag-0006,anchor-05,-79.47,40.53,True,1.0,WALKING,,,SIMULATED
1710.0,tag-0006,anchor-06,-97.43,22.57,True,1.0,WALKING,,,SIMULATED
1710.0,tag-0006,anchor-07,,,False,1.0,WALKING,,,SIMULATED
1710.0,tag-0006,anchor-08,,,False,1.0,WALKING,,,SIMULATED
1710.0,tag-0007,anchor-01,-90.47,29.53,True,1.0,GRAZING,,,SIMULATED
1710.0,tag-0007,anchor-02,-100.96,19.04,True,1.0,GRAZING,,,SIMULATED
1710.0,tag-0007,anchor-03,,,False,1.0,GRAZING,,,SIMULATED
1710.0,tag-0007,anchor-04,-99.48,20.52,True,1.0,GRAZING,,,SIMULATED
1710.0,tag-0007,anchor-05,-83.7,36.3,True,1.0,GRAZING,,,SIMULATED
1710.0,tag-0007,anchor-06,-106.06,13.94,True,1.0,GRAZING,,,SIMULATED
1710.0,tag-0007,anchor-07,-92.11,27.89,True,1.0,GRAZING,,,SIMULATED
1710.0,tag-0007,anchor-08,-104.79,15.21,True,1.0,GRAZING,,,SIMULATED
1710.0,tag-0008,anchor-01,-97.85,22.15,True,1.0028433019917797,GRAZING,,,SIMULATED
1710.0,tag-0008,anchor-02,-96.83,23.17,True,1.0028433019917797,GRAZING,,,SIMULATED
1710.0,tag-0008,anchor-03,,,False,1.0028433019917797,GRAZING,,,SIMULATED
1710.0,tag-0008,anchor-04,-95.57,24.43,True,1.0028433019917797,GRAZING,,,SIMULATED
1710.0,tag-0008,anchor-05,-93.18,26.82,True,1.0028433019917797,GRAZING,,,SIMULATED
1710.0,tag-0008,anchor-06,-123.6,-3.6,True,1.0028433019917797,GRAZING,,,SIMULATED
1710.0,tag-0008,anchor-07,-96.33,23.67,True,1.0028433019917797,GRAZING,,,SIMULATED
1710.0,tag-0008,anchor-08,-83.73,36.27,True,1.0028433019917797,GRAZING,,,SIMULATED
1710.0,tag-0009,anchor-01,-103.29,16.71,True,1.0,GRAZING,,,SIMULATED
1710.0,tag-0009,anchor-02,-99.04,20.96,True,1.0,GRAZING,,,SIMULATED
1710.0,tag-0009,anchor-03,,,False,1.0,GRAZING,,,SIMULATED
1710.0,tag-0009,anchor-04,-102.56,17.44,True,1.0,GRAZING,,,SIMULATED
1710.0,tag-0009,anchor-05,-87.09,32.91,True,1.0,GRAZING,,,SIMULATED
1710.0,tag-0009,anchor-06,-118.23,1.77,True,1.0,GRAZING,,,SIMULATED
1710.0,tag-0009,anchor-07,-98.63,21.37,True,1.0,GRAZING,,,SIMULATED
1710.0,tag-0009,anchor-08,-96.05,23.95,True,1.0,GRAZING,,,SIMULATED
1710.0,tag-0010,anchor-01,-90.74,29.26,True,1.0327356680238178,GRAZING,,,SIMULATED
1710.0,tag-0010,anchor-02,-101.36,18.64,True,1.0327356680238178,GRAZING,,,SIMULATED
1710.0,tag-0010,anchor-03,,,False,1.0327356680238178,GRAZING,,,SIMULATED
1710.0,tag-0010,anchor-04,-99.9,20.1,True,1.0327356680238178,GRAZING,,,SIMULATED
1710.0,tag-0010,anchor-05,,,False,1.0327356680238178,GRAZING,,,SIMULATED
1710.0,tag-0010,anchor-06,-120.15,-0.15,True,1.0327356680238178,GRAZING,,,SIMULATED
1710.0,tag-0010,anchor-07,-96.22,23.78,True,1.0327356680238178,GRAZING,,,SIMULATED
1710.0,tag-0010,anchor-08,-102.01,17.99,True,1.0327356680238178,GRAZING,,,SIMULATED
1710.0,tag-0011,anchor-01,,,False,1.0,RESTING,,,SIMULATED
1710.0,tag-0011,anchor-02,-99.38,20.62,True,1.0,RESTING,,,SIMULATED
1710.0,tag-0011,anchor-03,,,False,1.0,RESTING,,,SIMULATED
1710.0,tag-0011,anchor-04,-98.02,21.98,True,1.0,RESTING,,,SIMULATED
1710.0,tag-0011,anchor-05,-95.82,24.18,True,1.0,RESTING,,,SIMULATED
1710.0,tag-0011,anchor-06,-125.74,-5.74,True,1.0,RESTING,,,SIMULATED
1710.0,tag-0011,anchor-07,-101.33,18.67,True,1.0,RESTING,,,SIMULATED
1710.0,tag-0011,anchor-08,-103.29,16.71,True,1.0,RESTING,,,SIMULATED
1710.0,tag-0012,anchor-01,-97.95,22.05,True,1.0,WALKING,,,SIMULATED
1710.0,tag-0012,anchor-02,-87.12,32.88,True,1.0,WALKING,,,SIMULATED
1710.0,tag-0012,anchor-03,-105.09,14.91,True,1.0,WALKING,,,SIMULATED
1710.0,tag-0012,anchor-04,-123.2,-3.2,True,1.0,WALKING,,,SIMULATED
1710.0,tag-0012,anchor-05,-91.44,28.56,True,1.0,WALKING,,,SIMULATED
1710.0,tag-0012,anchor-06,-102.72,17.28,True,1.0,WALKING,,,SIMULATED
1710.0,tag-0012,anchor-07,-97.59,22.41,True,1.0,WALKING,,,SIMULATED
1710.0,tag-0012,anchor-08,-123.88,-3.88,True,1.0,WALKING,,,SIMULATED
1710.0,tag-0013,anchor-01,-93.82,26.18,True,1.0,GRAZING,,,SIMULATED
1710.0,tag-0013,anchor-02,-96.37,23.63,True,1.0,GRAZING,,,SIMULATED
1710.0,tag-0013,anchor-03,,,False,1.0,GRAZING,,,SIMULATED
1710.0,tag-0013,anchor-04,,,False,1.0,GRAZING,,,SIMULATED
1710.0,tag-0013,anchor-05,-89.83,30.17,True,1.0,GRAZING,,,SIMULATED
1710.0,tag-0013,anchor-06,,,False,1.0,GRAZING,,,SIMULATED
1710.0,tag-0013,anchor-07,-99.89,20.11,True,1.0,GRAZING,,,SIMULATED
1710.0,tag-0013,anchor-08,-90.8,29.2,True,1.0,GRAZING,,,SIMULATED
1710.0,tag-0014,anchor-01,,,False,1.003907992201064,GRAZING,,,SIMULATED
1710.0,tag-0014,anchor-02,-92.87,27.13,True,1.003907992201064,GRAZING,,,SIMULATED
1710.0,tag-0014,anchor-03,-101.93,18.07,True,1.003907992201064,GRAZING,,,SIMULATED
1710.0,tag-0014,anchor-04,,,False,1.003907992201064,GRAZING,,,SIMULATED
1710.0,tag-0014,anchor-05,-82.75,37.25,True,1.003907992201064,GRAZING,,,SIMULATED
1710.0,tag-0014,anchor-06,-83.91,36.09,True,1.003907992201064,GRAZING,,,SIMULATED
1710.0,tag-0014,anchor-07,-97.43,22.57,True,1.003907992201064,GRAZING,,,SIMULATED
1710.0,tag-0014,anchor-08,,,False,1.003907992201064,GRAZING,,,SIMULATED
1710.0,tag-0015,anchor-01,-101.51,18.49,True,1.002403927090186,WALKING,,,SIMULATED
1710.0,tag-0015,anchor-02,-106.04,13.96,True,1.002403927090186,WALKING,,,SIMULATED
1710.0,tag-0015,anchor-03,-111.24,8.76,True,1.002403927090186,WALKING,,,SIMULATED
1710.0,tag-0015,anchor-04,-126.09,-6.09,True,1.002403927090186,WALKING,,,SIMULATED
1710.0,tag-0015,anchor-05,-78.65,41.35,True,1.002403927090186,WALKING,,,SIMULATED
1710.0,tag-0015,anchor-06,-89.22,30.78,True,1.002403927090186,WALKING,,,SIMULATED
1710.0,tag-0015,anchor-07,-116.02,3.98,True,1.002403927090186,WALKING,,,SIMULATED
1710.0,tag-0015,anchor-08,-104.59,15.41,True,1.002403927090186,WALKING,,,SIMULATED
1710.0,tag-0016,anchor-01,-92.32,27.68,True,1.0,GRAZING,,,SIMULATED
1710.0,tag-0016,anchor-02,-96.5,23.5,True,1.0,GRAZING,,,SIMULATED
1710.0,tag-0016,anchor-03,,,False,1.0,GRAZING,,,SIMULATED
1710.0,tag-0016,anchor-04,-111.02,8.98,True,1.0,GRAZING,,,SIMULATED
1710.0,tag-0016,anchor-05,-84.78,35.22,True,1.0,GRAZING,,,SIMULATED
1710.0,tag-0016,anchor-06,-100.77,19.23,True,1.0,GRAZING,,,SIMULATED
1710.0,tag-0016,anchor-07,-115.47,4.53,True,1.0,GRAZING,,,SIMULATED
1710.0,tag-0016,anchor-08,-98.84,21.16,True,1.0,GRAZING,,,SIMULATED
1710.0,tag-0017,anchor-01,-91.53,28.47,True,1.0,RESTING,,,SIMULATED
1710.0,tag-0017,anchor-02,-98.73,21.27,True,1.0,RESTING,,,SIMULATED
1710.0,tag-0017,anchor-03,,,False,1.0,RESTING,,,SIMULATED
1710.0,tag-0017,anchor-04,-105.26,14.74,True,1.0,RESTING,,,SIMULATED
1710.0,tag-0017,anchor-05,-94.15,25.85,True,1.0,RESTING,,,SIMULATED
1710.0,tag-0017,anchor-06,-100.42,19.58,True,1.0,RESTING,,,SIMULATED
1710.0,tag-0017,anchor-07,-92.05,27.95,True,1.0,RESTING,,,SIMULATED
1710.0,tag-0017,anchor-08,-98.19,21.81,True,1.0,RESTING,,,SIMULATED
1710.0,tag-0018,anchor-01,-99.45,20.55,True,1.0,WALKING,,,SIMULATED
1710.0,tag-0018,anchor-02,-87.2,32.8,True,1.0,WALKING,,,SIMULATED
1710.0,tag-0018,anchor-03,-126.68,-6.68,True,1.0,WALKING,,,SIMULATED
1710.0,tag-0018,anchor-04,-108.34,11.66,True,1.0,WALKING,,,SIMULATED
1710.0,tag-0018,anchor-05,-89.22,30.78,True,1.0,WALKING,,,SIMULATED
1710.0,tag-0018,anchor-06,-93.88,26.12,True,1.0,WALKING,,,SIMULATED
1710.0,tag-0018,anchor-07,-113.58,6.42,True,1.0,WALKING,,,SIMULATED
1710.0,tag-0018,anchor-08,-98.96,21.04,True,1.0,WALKING,,,SIMULATED
1710.0,tag-0019,anchor-01,-99.53,20.47,True,1.0,WALKING,,,SIMULATED
1710.0,tag-0019,anchor-02,-105.67,14.33,True,1.0,WALKING,,,SIMULATED
1710.0,tag-0019,anchor-03,,,False,1.0,WALKING,,,SIMULATED
1710.0,tag-0019,anchor-04,,,False,1.0,WALKING,,,SIMULATED
1710.0,tag-0019,anchor-05,-95.99,24.01,True,1.0,WALKING,,,SIMULATED
1710.0,tag-0019,anchor-06,,,False,1.0,WALKING,,,SIMULATED
1710.0,tag-0019,anchor-07,-119.5,0.5,True,1.0,WALKING,,,SIMULATED
1710.0,tag-0019,anchor-08,-93.49,26.51,True,1.0,WALKING,,,SIMULATED
1710.0,tag-0020,anchor-01,-96.99,23.01,True,1.0,GRAZING,,,SIMULATED
1710.0,tag-0020,anchor-02,-94.76,25.24,True,1.0,GRAZING,,,SIMULATED
1710.0,tag-0020,anchor-03,,,False,1.0,GRAZING,,,SIMULATED
1710.0,tag-0020,anchor-04,-105.62,14.38,True,1.0,GRAZING,,,SIMULATED
1710.0,tag-0020,anchor-05,-86.03,33.97,True,1.0,GRAZING,,,SIMULATED
1710.0,tag-0020,anchor-06,-98.12,21.88,True,1.0,GRAZING,,,SIMULATED
1710.0,tag-0020,anchor-07,-118.17,1.83,True,1.0,GRAZING,,,SIMULATED
1710.0,tag-0020,anchor-08,-107.2,12.8,True,1.0,GRAZING,,,SIMULATED
1740.0,tag-0001,anchor-01,-92.58,27.42,True,1.0057917324994288,WALKING,,,SIMULATED
1740.0,tag-0001,anchor-02,-95.54,24.46,True,1.0057917324994288,WALKING,,,SIMULATED
1740.0,tag-0001,anchor-03,-125.18,-5.18,True,1.0057917324994288,WALKING,,,SIMULATED
1740.0,tag-0001,anchor-04,-109.79,10.21,True,1.0057917324994288,WALKING,,,SIMULATED
1740.0,tag-0001,anchor-05,-81.63,38.37,True,1.0057917324994288,WALKING,,,SIMULATED
1740.0,tag-0001,anchor-06,-106.76,13.24,True,1.0057917324994288,WALKING,,,SIMULATED
1740.0,tag-0001,anchor-07,-116.06,3.94,True,1.0057917324994288,WALKING,,,SIMULATED
1740.0,tag-0001,anchor-08,-102.58,17.42,True,1.0057917324994288,WALKING,,,SIMULATED
1740.0,tag-0002,anchor-01,-103.2,16.8,True,1.017945532288446,WALKING,,,SIMULATED
1740.0,tag-0002,anchor-02,-125.07,-5.07,True,1.017945532288446,WALKING,,,SIMULATED
1740.0,tag-0002,anchor-03,,,False,1.017945532288446,WALKING,,,SIMULATED
1740.0,tag-0002,anchor-04,-105.46,14.54,True,1.017945532288446,WALKING,,,SIMULATED
1740.0,tag-0002,anchor-05,-107.37,12.63,True,1.017945532288446,WALKING,,,SIMULATED
1740.0,tag-0002,anchor-06,-120.04,-0.04,True,1.017945532288446,WALKING,,,SIMULATED
1740.0,tag-0002,anchor-07,-117.59,2.41,True,1.017945532288446,WALKING,,,SIMULATED
1740.0,tag-0002,anchor-08,-104.15,15.85,True,1.017945532288446,WALKING,,,SIMULATED
1740.0,tag-0003,anchor-01,-80.06,39.94,True,1.0,GRAZING,,,SIMULATED
1740.0,tag-0003,anchor-02,-92.27,27.73,True,1.0,GRAZING,,,SIMULATED
1740.0,tag-0003,anchor-03,,,False,1.0,GRAZING,,,SIMULATED
1740.0,tag-0003,anchor-04,-111.56,8.44,True,1.0,GRAZING,,,SIMULATED
1740.0,tag-0003,anchor-05,-86.99,33.01,True,1.0,GRAZING,,,SIMULATED
1740.0,tag-0003,anchor-06,-103.51,16.49,True,1.0,GRAZING,,,SIMULATED
1740.0,tag-0003,anchor-07,-113.58,6.42,True,1.0,GRAZING,,,SIMULATED
1740.0,tag-0003,anchor-08,-96.05,23.95,True,1.0,GRAZING,,,SIMULATED
1740.0,tag-0004,anchor-01,-90.21,29.79,True,1.0,GRAZING,,,SIMULATED
1740.0,tag-0004,anchor-02,-92.16,27.84,True,1.0,GRAZING,,,SIMULATED
1740.0,tag-0004,anchor-03,,,False,1.0,GRAZING,,,SIMULATED
1740.0,tag-0004,anchor-04,-107.65,12.35,True,1.0,GRAZING,,,SIMULATED
1740.0,tag-0004,anchor-05,-78.24,41.76,True,1.0,GRAZING,,,SIMULATED
1740.0,tag-0004,anchor-06,-99.7,20.3,True,1.0,GRAZING,,,SIMULATED
1740.0,tag-0004,anchor-07,,,False,1.0,GRAZING,,,SIMULATED
1740.0,tag-0004,anchor-08,-100.82,19.18,True,1.0,GRAZING,,,SIMULATED
1740.0,tag-0005,anchor-01,-89.74,30.26,True,1.0,GRAZING,,,SIMULATED
1740.0,tag-0005,anchor-02,-100.36,19.64,True,1.0,GRAZING,,,SIMULATED
1740.0,tag-0005,anchor-03,-124.71,-4.71,True,1.0,GRAZING,,,SIMULATED
1740.0,tag-0005,anchor-04,,,False,1.0,GRAZING,,,SIMULATED
1740.0,tag-0005,anchor-05,-87.49,32.51,True,1.0,GRAZING,,,SIMULATED
1740.0,tag-0005,anchor-06,-100.21,19.79,True,1.0,GRAZING,,,SIMULATED
1740.0,tag-0005,anchor-07,-119.67,0.33,True,1.0,GRAZING,,,SIMULATED
1740.0,tag-0005,anchor-08,-96.73,23.27,True,1.0,GRAZING,,,SIMULATED
1740.0,tag-0006,anchor-01,-88.84,31.16,True,1.0,WALKING,,,SIMULATED
1740.0,tag-0006,anchor-02,-86.17,33.83,True,1.0,WALKING,,,SIMULATED
1740.0,tag-0006,anchor-03,-96.93,23.07,True,1.0,WALKING,,,SIMULATED
1740.0,tag-0006,anchor-04,-124.73,-4.73,True,1.0,WALKING,,,SIMULATED
1740.0,tag-0006,anchor-05,-77.12,42.88,True,1.0,WALKING,,,SIMULATED
1740.0,tag-0006,anchor-06,-105.85,14.15,True,1.0,WALKING,,,SIMULATED
1740.0,tag-0006,anchor-07,-111.68,8.32,True,1.0,WALKING,,,SIMULATED
1740.0,tag-0006,anchor-08,,,False,1.0,WALKING,,,SIMULATED
1740.0,tag-0007,anchor-01,-91.96,28.04,True,1.0191403924421032,WALKING,,,SIMULATED
1740.0,tag-0007,anchor-02,-100.16,19.84,True,1.0191403924421032,WALKING,,,SIMULATED
1740.0,tag-0007,anchor-03,-124.95,-4.95,True,1.0191403924421032,WALKING,,,SIMULATED
1740.0,tag-0007,anchor-04,-102.32,17.68,True,1.0191403924421032,WALKING,,,SIMULATED
1740.0,tag-0007,anchor-05,-84.53,35.47,True,1.0191403924421032,WALKING,,,SIMULATED
1740.0,tag-0007,anchor-06,-100.06,19.94,True,1.0191403924421032,WALKING,,,SIMULATED
1740.0,tag-0007,anchor-07,-118.17,1.83,True,1.0191403924421032,WALKING,,,SIMULATED
1740.0,tag-0007,anchor-08,-105.65,14.35,True,1.0191403924421032,WALKING,,,SIMULATED
1740.0,tag-0008,anchor-01,-104.03,15.97,True,1.003918101974919,GRAZING,,,SIMULATED
1740.0,tag-0008,anchor-02,,,False,1.003918101974919,GRAZING,,,SIMULATED
1740.0,tag-0008,anchor-03,,,False,1.003918101974919,GRAZING,,,SIMULATED
1740.0,tag-0008,anchor-04,-99.85,20.15,True,1.003918101974919,GRAZING,,,SIMULATED
1740.0,tag-0008,anchor-05,-92.37,27.63,True,1.003918101974919,GRAZING,,,SIMULATED
1740.0,tag-0008,anchor-06,,,False,1.003918101974919,GRAZING,,,SIMULATED
1740.0,tag-0008,anchor-07,-98.3,21.7,True,1.003918101974919,GRAZING,,,SIMULATED
1740.0,tag-0008,anchor-08,-83.57,36.43,True,1.003918101974919,GRAZING,,,SIMULATED
1740.0,tag-0009,anchor-01,-99.96,20.04,True,1.0,GRAZING,,,SIMULATED
1740.0,tag-0009,anchor-02,-98.6,21.4,True,1.0,GRAZING,,,SIMULATED
1740.0,tag-0009,anchor-03,,,False,1.0,GRAZING,,,SIMULATED
1740.0,tag-0009,anchor-04,-108.62,11.38,True,1.0,GRAZING,,,SIMULATED
1740.0,tag-0009,anchor-05,-87.99,32.01,True,1.0,GRAZING,,,SIMULATED
1740.0,tag-0009,anchor-06,-125.11,-5.11,True,1.0,GRAZING,,,SIMULATED
1740.0,tag-0009,anchor-07,-102.52,17.48,True,1.0,GRAZING,,,SIMULATED
1740.0,tag-0009,anchor-08,-94.03,25.97,True,1.0,GRAZING,,,SIMULATED
1740.0,tag-0010,anchor-01,-100.04,19.96,True,1.0,GRAZING,,,SIMULATED
1740.0,tag-0010,anchor-02,-99.69,20.31,True,1.0,GRAZING,,,SIMULATED
1740.0,tag-0010,anchor-03,,,False,1.0,GRAZING,,,SIMULATED
1740.0,tag-0010,anchor-04,-105.65,14.35,True,1.0,GRAZING,,,SIMULATED
1740.0,tag-0010,anchor-05,-82.43,37.57,True,1.0,GRAZING,,,SIMULATED
1740.0,tag-0010,anchor-06,-122.67,-2.67,True,1.0,GRAZING,,,SIMULATED
1740.0,tag-0010,anchor-07,-95.43,24.57,True,1.0,GRAZING,,,SIMULATED
1740.0,tag-0010,anchor-08,-99.92,20.08,True,1.0,GRAZING,,,SIMULATED
1740.0,tag-0011,anchor-01,-94.86,25.14,True,1.003098883206887,RESTING,,,SIMULATED
1740.0,tag-0011,anchor-02,-98.64,21.36,True,1.003098883206887,RESTING,,,SIMULATED
1740.0,tag-0011,anchor-03,,,False,1.003098883206887,RESTING,,,SIMULATED
1740.0,tag-0011,anchor-04,-95.39,24.61,True,1.003098883206887,RESTING,,,SIMULATED
1740.0,tag-0011,anchor-05,-89.03,30.97,True,1.003098883206887,RESTING,,,SIMULATED
1740.0,tag-0011,anchor-06,,,False,1.003098883206887,RESTING,,,SIMULATED
1740.0,tag-0011,anchor-07,-104.23,15.77,True,1.003098883206887,RESTING,,,SIMULATED
1740.0,tag-0011,anchor-08,-98.35,21.65,True,1.003098883206887,RESTING,,,SIMULATED
1740.0,tag-0012,anchor-01,-103.6,16.4,True,1.0,WALKING,,,SIMULATED
1740.0,tag-0012,anchor-02,-88.57,31.43,True,1.0,WALKING,,,SIMULATED
1740.0,tag-0012,anchor-03,-103.1,16.9,True,1.0,WALKING,,,SIMULATED
1740.0,tag-0012,anchor-04,-124.78,-4.78,True,1.0,WALKING,,,SIMULATED
1740.0,tag-0012,anchor-05,-89.48,30.52,True,1.0,WALKING,,,SIMULATED
1740.0,tag-0012,anchor-06,-100.27,19.73,True,1.0,WALKING,,,SIMULATED
1740.0,tag-0012,anchor-07,,,False,1.0,WALKING,,,SIMULATED
1740.0,tag-0012,anchor-08,-119.27,0.73,True,1.0,WALKING,,,SIMULATED
1740.0,tag-0013,anchor-01,-95.92,24.08,True,1.0083461659067718,GRAZING,,,SIMULATED
1740.0,tag-0013,anchor-02,-99.72,20.28,True,1.0083461659067718,GRAZING,,,SIMULATED
1740.0,tag-0013,anchor-03,,,False,1.0083461659067718,GRAZING,,,SIMULATED
1740.0,tag-0013,anchor-04,-103.6,16.4,True,1.0083461659067718,GRAZING,,,SIMULATED
1740.0,tag-0013,anchor-05,-90.39,29.61,True,1.0083461659067718,GRAZING,,,SIMULATED
1740.0,tag-0013,anchor-06,,,False,1.0083461659067718,GRAZING,,,SIMULATED
1740.0,tag-0013,anchor-07,-98.64,21.36,True,1.0083461659067718,GRAZING,,,SIMULATED
1740.0,tag-0013,anchor-08,-88.96,31.04,True,1.0083461659067718,GRAZING,,,SIMULATED
1740.0,tag-0014,anchor-01,-96.18,23.82,True,1.027834510711697,WALKING,,,SIMULATED
1740.0,tag-0014,anchor-02,-87.21,32.79,True,1.027834510711697,WALKING,,,SIMULATED
1740.0,tag-0014,anchor-03,-96.73,23.27,True,1.027834510711697,WALKING,,,SIMULATED
1740.0,tag-0014,anchor-04,,,False,1.027834510711697,WALKING,,,SIMULATED
1740.0,tag-0014,anchor-05,-85.02,34.98,True,1.027834510711697,WALKING,,,SIMULATED
1740.0,tag-0014,anchor-06,-94.82,25.18,True,1.027834510711697,WALKING,,,SIMULATED
1740.0,tag-0014,anchor-07,-91.93,28.07,True,1.027834510711697,WALKING,,,SIMULATED
1740.0,tag-0014,anchor-08,-126.04,-6.04,True,1.027834510711697,WALKING,,,SIMULATED
1740.0,tag-0015,anchor-01,-102.0,18.0,True,1.0247696910800994,WALKING,,,SIMULATED
1740.0,tag-0015,anchor-02,-99.33,20.67,True,1.0247696910800994,WALKING,,,SIMULATED
1740.0,tag-0015,anchor-03,-110.22,9.78,True,1.0247696910800994,WALKING,,,SIMULATED
1740.0,tag-0015,anchor-04,,,False,1.0247696910800994,WALKING,,,SIMULATED
1740.0,tag-0015,anchor-05,-84.1,35.9,True,1.0247696910800994,WALKING,,,SIMULATED
1740.0,tag-0015,anchor-06,-94.62,25.38,True,1.0247696910800994,WALKING,,,SIMULATED
1740.0,tag-0015,anchor-07,-116.49,3.51,True,1.0247696910800994,WALKING,,,SIMULATED
1740.0,tag-0015,anchor-08,-107.11,12.89,True,1.0247696910800994,WALKING,,,SIMULATED
1740.0,tag-0016,anchor-01,-96.53,23.47,True,1.0132326250900807,GRAZING,,,SIMULATED
1740.0,tag-0016,anchor-02,-97.96,22.04,True,1.0132326250900807,GRAZING,,,SIMULATED
1740.0,tag-0016,anchor-03,,,False,1.0132326250900807,GRAZING,,,SIMULATED
1740.0,tag-0016,anchor-04,-106.05,13.95,True,1.0132326250900807,GRAZING,,,SIMULATED
1740.0,tag-0016,anchor-05,-83.28,36.72,True,1.0132326250900807,GRAZING,,,SIMULATED
1740.0,tag-0016,anchor-06,-99.01,20.99,True,1.0132326250900807,GRAZING,,,SIMULATED
1740.0,tag-0016,anchor-07,-116.58,3.42,True,1.0132326250900807,GRAZING,,,SIMULATED
1740.0,tag-0016,anchor-08,-95.7,24.3,True,1.0132326250900807,GRAZING,,,SIMULATED
1740.0,tag-0017,anchor-01,-89.96,30.04,True,1.0051755241615394,RESTING,,,SIMULATED
1740.0,tag-0017,anchor-02,-98.98,21.02,True,1.0051755241615394,RESTING,,,SIMULATED
1740.0,tag-0017,anchor-03,,,False,1.0051755241615394,RESTING,,,SIMULATED
1740.0,tag-0017,anchor-04,-105.32,14.68,True,1.0051755241615394,RESTING,,,SIMULATED
1740.0,tag-0017,anchor-05,-86.59,33.41,True,1.0051755241615394,RESTING,,,SIMULATED
1740.0,tag-0017,anchor-06,-102.63,17.37,True,1.0051755241615394,RESTING,,,SIMULATED
1740.0,tag-0017,anchor-07,-96.04,23.96,True,1.0051755241615394,RESTING,,,SIMULATED
1740.0,tag-0017,anchor-08,-98.56,21.44,True,1.0051755241615394,RESTING,,,SIMULATED
1740.0,tag-0018,anchor-01,-99.43,20.57,True,1.0042607927002973,WALKING,,,SIMULATED
1740.0,tag-0018,anchor-02,-91.27,28.73,True,1.0042607927002973,WALKING,,,SIMULATED
1740.0,tag-0018,anchor-03,-125.02,-5.02,True,1.0042607927002973,WALKING,,,SIMULATED
1740.0,tag-0018,anchor-04,-99.75,20.25,True,1.0042607927002973,WALKING,,,SIMULATED
1740.0,tag-0018,anchor-05,-86.72,33.28,True,1.0042607927002973,WALKING,,,SIMULATED
1740.0,tag-0018,anchor-06,-91.86,28.14,True,1.0042607927002973,WALKING,,,SIMULATED
1740.0,tag-0018,anchor-07,-117.31,2.69,True,1.0042607927002973,WALKING,,,SIMULATED
1740.0,tag-0018,anchor-08,,,False,1.0042607927002973,WALKING,,,SIMULATED
1740.0,tag-0019,anchor-01,-94.24,25.76,True,1.0011846189206386,WALKING,,,SIMULATED
1740.0,tag-0019,anchor-02,-106.0,14.0,True,1.0011846189206386,WALKING,,,SIMULATED
1740.0,tag-0019,anchor-03,,,False,1.0011846189206386,WALKING,,,SIMULATED
1740.0,tag-0019,anchor-04,-111.48,8.52,True,1.0011846189206386,WALKING,,,SIMULATED
1740.0,tag-0019,anchor-05,-96.37,23.63,True,1.0011846189206386,WALKING,,,SIMULATED
1740.0,tag-0019,anchor-06,,,False,1.0011846189206386,WALKING,,,SIMULATED
1740.0,tag-0019,anchor-07,-121.35,-1.35,True,1.0011846189206386,WALKING,,,SIMULATED
1740.0,tag-0019,anchor-08,-94.2,25.8,True,1.0011846189206386,WALKING,,,SIMULATED
1740.0,tag-0020,anchor-01,-96.99,23.01,True,1.0,GRAZING,,,SIMULATED
1740.0,tag-0020,anchor-02,-90.07,29.93,True,1.0,GRAZING,,,SIMULATED
1740.0,tag-0020,anchor-03,-121.24,-1.24,True,1.0,GRAZING,,,SIMULATED
1740.0,tag-0020,anchor-04,-102.09,17.91,True,1.0,GRAZING,,,SIMULATED
1740.0,tag-0020,anchor-05,-84.96,35.04,True,1.0,GRAZING,,,SIMULATED
1740.0,tag-0020,anchor-06,-98.83,21.17,True,1.0,GRAZING,,,SIMULATED
1740.0,tag-0020,anchor-07,,,False,1.0,GRAZING,,,SIMULATED
1740.0,tag-0020,anchor-08,-109.25,10.75,True,1.0,GRAZING,,,SIMULATED
1770.0,tag-0001,anchor-01,,,False,1.0,WALKING,,,SIMULATED
1770.0,tag-0001,anchor-02,-89.08,30.92,True,1.0,WALKING,,,SIMULATED
1770.0,tag-0001,anchor-03,,,False,1.0,WALKING,,,SIMULATED
1770.0,tag-0001,anchor-04,-106.81,13.19,True,1.0,WALKING,,,SIMULATED
1770.0,tag-0001,anchor-05,-75.33,44.67,True,1.0,WALKING,,,SIMULATED
1770.0,tag-0001,anchor-06,-103.52,16.48,True,1.0,WALKING,,,SIMULATED
1770.0,tag-0001,anchor-07,-118.46,1.54,True,1.0,WALKING,,,SIMULATED
1770.0,tag-0001,anchor-08,-101.23,18.77,True,1.0,WALKING,,,SIMULATED
1770.0,tag-0002,anchor-01,-102.12,17.88,True,1.006674112277748,GRAZING,,,SIMULATED
1770.0,tag-0002,anchor-02,,,False,1.006674112277748,GRAZING,,,SIMULATED
1770.0,tag-0002,anchor-03,,,False,1.006674112277748,GRAZING,,,SIMULATED
1770.0,tag-0002,anchor-04,-105.92,14.08,True,1.006674112277748,GRAZING,,,SIMULATED
1770.0,tag-0002,anchor-05,-111.11,8.89,True,1.006674112277748,GRAZING,,,SIMULATED
1770.0,tag-0002,anchor-06,-124.9,-4.9,True,1.006674112277748,GRAZING,,,SIMULATED
1770.0,tag-0002,anchor-07,,,False,1.006674112277748,GRAZING,,,SIMULATED
1770.0,tag-0002,anchor-08,-99.07,20.93,True,1.006674112277748,GRAZING,,,SIMULATED
1770.0,tag-0003,anchor-01,-84.39,35.61,True,1.0,GRAZING,,,SIMULATED
1770.0,tag-0003,anchor-02,-93.26,26.74,True,1.0,GRAZING,,,SIMULATED
1770.0,tag-0003,anchor-03,,,False,1.0,GRAZING,,,SIMULATED
1770.0,tag-0003,anchor-04,-105.9,14.1,True,1.0,GRAZING,,,SIMULATED
1770.0,tag-0003,anchor-05,-88.52,31.48,True,1.0,GRAZING,,,SIMULATED
1770.0,tag-0003,anchor-06,,,False,1.0,GRAZING,,,SIMULATED
1770.0,tag-0003,anchor-07,-119.17,0.83,True,1.0,GRAZING,,,SIMULATED
1770.0,tag-0003,anchor-08,-93.97,26.03,True,1.0,GRAZING,,,SIMULATED
1770.0,tag-0004,anchor-01,,,False,1.0,GRAZING,,,SIMULATED
1770.0,tag-0004,anchor-02,-95.83,24.17,True,1.0,GRAZING,,,SIMULATED
1770.0,tag-0004,anchor-03,,,False,1.0,GRAZING,,,SIMULATED
1770.0,tag-0004,anchor-04,-98.45,21.55,True,1.0,GRAZING,,,SIMULATED
1770.0,tag-0004,anchor-05,-80.39,39.61,True,1.0,GRAZING,,,SIMULATED
1770.0,tag-0004,anchor-06,,,False,1.0,GRAZING,,,SIMULATED
1770.0,tag-0004,anchor-07,,,False,1.0,GRAZING,,,SIMULATED
1770.0,tag-0004,anchor-08,-89.59,30.41,True,1.0,GRAZING,,,SIMULATED
1770.0,tag-0005,anchor-01,-95.18,24.82,True,1.0,GRAZING,,,SIMULATED
1770.0,tag-0005,anchor-02,-104.29,15.71,True,1.0,GRAZING,,,SIMULATED
1770.0,tag-0005,anchor-03,-121.55,-1.55,True,1.0,GRAZING,,,SIMULATED
1770.0,tag-0005,anchor-04,-107.22,12.78,True,1.0,GRAZING,,,SIMULATED
1770.0,tag-0005,anchor-05,-82.69,37.31,True,1.0,GRAZING,,,SIMULATED
1770.0,tag-0005,anchor-06,,,False,1.0,GRAZING,,,SIMULATED
1770.0,tag-0005,anchor-07,-123.66,-3.66,True,1.0,GRAZING,,,SIMULATED
1770.0,tag-0005,anchor-08,-101.34,18.66,True,1.0,GRAZING,,,SIMULATED
1770.0,tag-0006,anchor-01,-95.21,24.79,True,1.028078671687155,WALKING,,,SIMULATED
1770.0,tag-0006,anchor-02,-85.89,34.11,True,1.028078671687155,WALKING,,,SIMULATED
1770.0,tag-0006,anchor-03,-97.65,22.35,True,1.028078671687155,WALKING,,,SIMULATED
1770.0,tag-0006,anchor-04,-125.96,-5.96,True,1.028078671687155,WALKING,,,SIMULATED
1770.0,tag-0006,anchor-05,-81.16,38.84,True,1.028078671687155,WALKING,,,SIMULATED
1770.0,tag-0006,anchor-06,-102.72,17.28,True,1.028078671687155,WALKING,,,SIMULATED
1770.0,tag-0006,anchor-07,-118.53,1.47,True,1.028078671687155,WALKING,,,SIMULATED
1770.0,tag-0006,anchor-08,,,False,1.028078671687155,WALKING,,,SIMULATED
1770.0,tag-0007,anchor-01,-89.87,30.13,True,1.0,WALKING,,,SIMULATED
1770.0,tag-0007,anchor-02,-96.34,23.66,True,1.0,WALKING,,,SIMULATED
1770.0,tag-0007,anchor-03,,,False,1.0,WALKING,,,SIMULATED
1770.0,tag-0007,anchor-04,-108.29,11.71,True,1.0,WALKING,,,SIMULATED
1770.0,tag-0007,anchor-05,-85.47,34.53,True,1.0,WALKING,,,SIMULATED
1770.0,tag-0007,anchor-06,-101.27,18.73,True,1.0,WALKING,,,SIMULATED
1770.0,tag-0007,anchor-07,-116.1,3.9,True,1.0,WALKING,,,SIMULATED
1770.0,tag-0007,anchor-08,-103.72,16.28,True,1.0,WALKING,,,SIMULATED
1770.0,tag-0008,anchor-01,-97.58,22.42,True,1.0229189853272265,GRAZING,,,SIMULATED
1770.0,tag-0008,anchor-02,-98.01,21.99,True,1.0229189853272265,GRAZING,,,SIMULATED
1770.0,tag-0008,anchor-03,,,False,1.0229189853272265,GRAZING,,,SIMULATED
1770.0,tag-0008,anchor-04,-99.9,20.1,True,1.0229189853272265,GRAZING,,,SIMULATED
1770.0,tag-0008,anchor-05,-95.43,24.57,True,1.0229189853272265,GRAZING,,,SIMULATED
1770.0,tag-0008,anchor-06,-119.27,0.73,True,1.0229189853272265,GRAZING,,,SIMULATED
1770.0,tag-0008,anchor-07,-95.49,24.51,True,1.0229189853272265,GRAZING,,,SIMULATED
1770.0,tag-0008,anchor-08,-90.38,29.62,True,1.0229189853272265,GRAZING,,,SIMULATED
1770.0,tag-0009,anchor-01,-101.46,18.54,True,1.0077165581925396,GRAZING,,,SIMULATED
1770.0,tag-0009,anchor-02,-99.94,20.06,True,1.0077165581925396,GRAZING,,,SIMULATED
1770.0,tag-0009,anchor-03,,,False,1.0077165581925396,GRAZING,,,SIMULATED
1770.0,tag-0009,anchor-04,-106.86,13.14,True,1.0077165581925396,GRAZING,,,SIMULATED
1770.0,tag-0009,anchor-05,-85.5,34.5,True,1.0077165581925396,GRAZING,,,SIMULATED
1770.0,tag-0009,anchor-06,-123.02,-3.02,True,1.0077165581925396,GRAZING,,,SIMULATED
1770.0,tag-0009,anchor-07,-94.75,25.25,True,1.0077165581925396,GRAZING,,,SIMULATED
1770.0,tag-0009,anchor-08,-93.09,26.91,True,1.0077165581925396,GRAZING,,,SIMULATED
1770.0,tag-0010,anchor-01,-98.24,21.76,True,1.0,GRAZING,,,SIMULATED
1770.0,tag-0010,anchor-02,-102.35,17.65,True,1.0,GRAZING,,,SIMULATED
1770.0,tag-0010,anchor-03,,,False,1.0,GRAZING,,,SIMULATED
1770.0,tag-0010,anchor-04,-105.11,14.89,True,1.0,GRAZING,,,SIMULATED
1770.0,tag-0010,anchor-05,-88.17,31.83,True,1.0,GRAZING,,,SIMULATED
1770.0,tag-0010,anchor-06,-125.77,-5.77,True,1.0,GRAZING,,,SIMULATED
1770.0,tag-0010,anchor-07,-98.67,21.33,True,1.0,GRAZING,,,SIMULATED
1770.0,tag-0010,anchor-08,,,False,1.0,GRAZING,,,SIMULATED
1770.0,tag-0011,anchor-01,-91.9,28.1,True,1.0,RESTING,,,SIMULATED
1770.0,tag-0011,anchor-02,-102.19,17.81,True,1.0,RESTING,,,SIMULATED
1770.0,tag-0011,anchor-03,,,False,1.0,RESTING,,,SIMULATED
1770.0,tag-0011,anchor-04,,,False,1.0,RESTING,,,SIMULATED
1770.0,tag-0011,anchor-05,-85.49,34.51,True,1.0,RESTING,,,SIMULATED
1770.0,tag-0011,anchor-06,,,False,1.0,RESTING,,,SIMULATED
1770.0,tag-0011,anchor-07,-102.0,18.0,True,1.0,RESTING,,,SIMULATED
1770.0,tag-0011,anchor-08,-96.66,23.34,True,1.0,RESTING,,,SIMULATED
1770.0,tag-0012,anchor-01,-100.88,19.12,True,1.010038552234106,WALKING,,,SIMULATED
1770.0,tag-0012,anchor-02,-96.79,23.21,True,1.010038552234106,WALKING,,,SIMULATED
1770.0,tag-0012,anchor-03,-101.78,18.22,True,1.010038552234106,WALKING,,,SIMULATED
1770.0,tag-0012,anchor-04,-126.07,-6.07,True,1.010038552234106,WALKING,,,SIMULATED
1770.0,tag-0012,anchor-05,-90.5,29.5,True,1.010038552234106,WALKING,,,SIMULATED
1770.0,tag-0012,anchor-06,-97.72,22.28,True,1.010038552234106,WALKING,,,SIMULATED
1770.0,tag-0012,anchor-07,-99.48,20.52,True,1.010038552234106,WALKING,,,SIMULATED
1770.0,tag-0012,anchor-08,-124.34,-4.34,True,1.010038552234106,WALKING,,,SIMULATED
1770.0,tag-0013,anchor-01,-97.01,22.99,True,1.0,GRAZING,,,SIMULATED
1770.0,tag-0013,anchor-02,-98.56,21.44,True,1.0,GRAZING,,,SIMULATED
1770.0,tag-0013,anchor-03,,,False,1.0,GRAZING,,,SIMULATED
1770.0,tag-0013,anchor-04,-101.92,18.08,True,1.0,GRAZING,,,SIMULATED
1770.0,tag-0013,anchor-05,-85.01,34.99,True,1.0,GRAZING,,,SIMULATED
1770.0,tag-0013,anchor-06,,,False,1.0,GRAZING,,,SIMULATED
1770.0,tag-0013,anchor-07,-126.02,-6.02,True,1.0,GRAZING,,,SIMULATED
1770.0,tag-0013,anchor-08,-92.73,27.27,True,1.0,GRAZING,,,SIMULATED
1770.0,tag-0014,anchor-01,,,False,1.0108688266576242,WALKING,,,SIMULATED
1770.0,tag-0014,anchor-02,-92.81,27.19,True,1.0108688266576242,WALKING,,,SIMULATED
1770.0,tag-0014,anchor-03,-101.92,18.08,True,1.0108688266576242,WALKING,,,SIMULATED
1770.0,tag-0014,anchor-04,,,False,1.0108688266576242,WALKING,,,SIMULATED
1770.0,tag-0014,anchor-05,-82.49,37.51,True,1.0108688266576242,WALKING,,,SIMULATED
1770.0,tag-0014,anchor-06,-93.18,26.82,True,1.0108688266576242,WALKING,,,SIMULATED
1770.0,tag-0014,anchor-07,,,False,1.0108688266576242,WALKING,,,SIMULATED
1770.0,tag-0014,anchor-08,-125.37,-5.37,True,1.0108688266576242,WALKING,,,SIMULATED
1770.0,tag-0015,anchor-01,-107.49,12.51,True,1.0162753885298377,WALKING,,,SIMULATED
1770.0,tag-0015,anchor-02,-99.77,20.23,True,1.0162753885298377,WALKING,,,SIMULATED
1770.0,tag-0015,anchor-03,-107.9,12.1,True,1.0162753885298377,WALKING,,,SIMULATED
1770.0,tag-0015,anchor-04,,,False,1.0162753885298377,WALKING,,,SIMULATED
1770.0,tag-0015,anchor-05,-87.37,32.63,True,1.0162753885298377,WALKING,,,SIMULATED
1770.0,tag-0015,anchor-06,-90.31,29.69,True,1.0162753885298377,WALKING,,,SIMULATED
1770.0,tag-0015,anchor-07,-114.4,5.6,True,1.0162753885298377,WALKING,,,SIMULATED
1770.0,tag-0015,anchor-08,,,False,1.0162753885298377,WALKING,,,SIMULATED
1770.0,tag-0016,anchor-01,-96.1,23.9,True,1.0075962319911491,GRAZING,,,SIMULATED
1770.0,tag-0016,anchor-02,-96.72,23.28,True,1.0075962319911491,GRAZING,,,SIMULATED
1770.0,tag-0016,anchor-03,-126.79,-6.79,True,1.0075962319911491,GRAZING,,,SIMULATED
1770.0,tag-0016,anchor-04,-105.58,14.42,True,1.0075962319911491,GRAZING,,,SIMULATED
1770.0,tag-0016,anchor-05,-77.29,42.71,True,1.0075962319911491,GRAZING,,,SIMULATED
1770.0,tag-0016,anchor-06,-102.9,17.1,True,1.0075962319911491,GRAZING,,,SIMULATED
1770.0,tag-0016,anchor-07,-119.61,0.39,True,1.0075962319911491,GRAZING,,,SIMULATED
1770.0,tag-0016,anchor-08,-97.12,22.88,True,1.0075962319911491,GRAZING,,,SIMULATED
1770.0,tag-0017,anchor-01,-97.9,22.1,True,1.0,RESTING,,,SIMULATED
1770.0,tag-0017,anchor-02,-106.49,13.51,True,1.0,RESTING,,,SIMULATED
1770.0,tag-0017,anchor-03,,,False,1.0,RESTING,,,SIMULATED
1770.0,tag-0017,anchor-04,-107.77,12.23,True,1.0,RESTING,,,SIMULATED
1770.0,tag-0017,anchor-05,-92.56,27.44,True,1.0,RESTING,,,SIMULATED
1770.0,tag-0017,anchor-06,,,False,1.0,RESTING,,,SIMULATED
1770.0,tag-0017,anchor-07,-99.25,20.75,True,1.0,RESTING,,,SIMULATED
1770.0,tag-0017,anchor-08,-98.03,21.97,True,1.0,RESTING,,,SIMULATED
1770.0,tag-0018,anchor-01,-104.78,15.22,True,1.0,WALKING,,,SIMULATED
1770.0,tag-0018,anchor-02,-89.03,30.97,True,1.0,WALKING,,,SIMULATED
1770.0,tag-0018,anchor-03,-126.08,-6.08,True,1.0,WALKING,,,SIMULATED
1770.0,tag-0018,anchor-04,-104.43,15.57,True,1.0,WALKING,,,SIMULATED
1770.0,tag-0018,anchor-05,-87.65,32.35,True,1.0,WALKING,,,SIMULATED
1770.0,tag-0018,anchor-06,-91.6,28.4,True,1.0,WALKING,,,SIMULATED
1770.0,tag-0018,anchor-07,,,False,1.0,WALKING,,,SIMULATED
1770.0,tag-0018,anchor-08,-99.54,20.46,True,1.0,WALKING,,,SIMULATED
1770.0,tag-0019,anchor-01,-101.8,18.2,True,1.0054253283587264,WALKING,,,SIMULATED
1770.0,tag-0019,anchor-02,-107.03,12.97,True,1.0054253283587264,WALKING,,,SIMULATED
1770.0,tag-0019,anchor-03,,,False,1.0054253283587264,WALKING,,,SIMULATED
1770.0,tag-0019,anchor-04,-111.46,8.54,True,1.0054253283587264,WALKING,,,SIMULATED
1770.0,tag-0019,anchor-05,-93.79,26.21,True,1.0054253283587264,WALKING,,,SIMULATED
1770.0,tag-0019,anchor-06,,,False,1.0054253283587264,WALKING,,,SIMULATED
1770.0,tag-0019,anchor-07,-119.28,0.72,True,1.0054253283587264,WALKING,,,SIMULATED
1770.0,tag-0019,anchor-08,-96.63,23.37,True,1.0054253283587264,WALKING,,,SIMULATED
1770.0,tag-0020,anchor-01,,,False,1.0,GRAZING,,,SIMULATED
1770.0,tag-0020,anchor-02,-92.62,27.38,True,1.0,GRAZING,,,SIMULATED
1770.0,tag-0020,anchor-03,,,False,1.0,GRAZING,,,SIMULATED
1770.0,tag-0020,anchor-04,-105.14,14.86,True,1.0,GRAZING,,,SIMULATED
1770.0,tag-0020,anchor-05,-88.72,31.28,True,1.0,GRAZING,,,SIMULATED
1770.0,tag-0020,anchor-06,-95.55,24.45,True,1.0,GRAZING,,,SIMULATED
1770.0,tag-0020,anchor-07,-115.49,4.51,True,1.0,GRAZING,,,SIMULATED
1770.0,tag-0020,anchor-08,-102.03,17.97,True,1.0,GRAZING,,,SIMULATED
